2026-09-29 17:59:55 /background-jobs/85d0bf4d-36e2-4e67-b861-ac5813ad589d {"type": "usd", "usd": 0.0}
2026-09-29 18:00:01 /background-jobs/85d0bf4d-36e2-4e67-b861-ac5813ad589d {"type": "usd", "usd": 0.0}
2026-09-29 18:00:06 /background-jobs/85d0bf4d-36e2-4e67-b861-ac5813ad589d {"type": "usd", "usd": 0.0}
2026-09-29 18:00:12 /background-jobs/85d0bf4d-36e2-4e67-b861-ac5813ad589d {"type": "usd", "usd": 0.0}
2026-09-29 18:00:18 /background-jobs/85d0bf4d-36e2-4e67-b861-ac5813ad589d {"type": "usd", "usd": 0.0}
2026-09-29 18:00:23 /background-jobs/85d0bf4d-36e2-4e67-b861-ac5813ad589d {"type": "usd", "usd": 0.0}
2026-09-29 18:00:29 /background-jobs/85d0bf4d-36e2-4e67-b861-ac5813ad589d {"type": "generations", "generations": 1.0}
2026-09-29 18:02:16 /background-jobs/d54cf52b-d00a-4ce9-9297-47423e89c159 {"type": "usd", "usd": 0.0}
2026-09-29 18:02:22 /background-jobs/d54cf52b-d00a-4ce9-9297-47423e89c159 {"type": "usd", "usd": 0.0}
2026-09-29 18:02:27 /background-jobs/d54cf52b-d00a-4ce9-9297-47423e89c159 {"type": "usd", "usd": 0.0}
2026-09-29 18:02:33 /background-jobs/d54cf52b-d00a-4ce9-9297-47423e89c159 {"type": "usd", "usd": 0.0}
2026-09-29 18:02:39 /background-jobs/d54cf52b-d00a-4ce9-9297-47423e89c159 {"type": "usd", "usd": 0.0}
2026-09-29 18:02:44 /background-jobs/d54cf52b-d00a-4ce9-9297-47423e89c159 {"type": "usd", "usd": 0.0}
2026-09-29 18:02:50 /background-jobs/d54cf52b-d00a-4ce9-9297-47423e89c159 {"type": "usd", "usd": 0.0}
2026-09-29 18:02:56 /background-jobs/d54cf52b-d00a-4ce9-9297-47423e89c159 {"type": "usd", "usd": 0.0}
2026-09-29 18:03:01 /background-jobs/d54cf52b-d00a-4ce9-9297-47423e89c159 {"type": "usd", "usd": 0.0}
2026-09-29 18:03:07 /background-jobs/d54cf52b-d00a-4ce9-9297-47423e89c159 {"type": "usd", "usd": 0.0}
2026-09-29 18:03:13 /background-jobs/d54cf52b-d00a-4ce9-9297-47423e89c159 {"type": "usd", "usd": 0.0}
2026-09-29 18:03:18 /background-jobs/d54cf52b-d00a-4ce9-9297-47423e89c159 {"type": "usd", "usd": 0.0}
2026-09-29 18:03:24 /background-jobs/d54cf52b-d00a-4ce9-9297-47423e89c159 {"type": "usd", "usd": 0.0}
2026-09-29 18:03:30 /background-jobs/d54cf52b-d00a-4ce9-9297-47423e89c159 {"type": "usd", "usd": 0.0}
2026-09-29 18:03:35 /background-jobs/d54cf52b-d00a-4ce9-9297-47423e89c159 {"type": "usd", "usd": 0.0}
2026-09-29 18:03:41 /background-jobs/d54cf52b-d00a-4ce9-9297-47423e89c159 {"type": "usd", "usd": 0.0}
2026-09-29 18:03:46 /background-jobs/d54cf52b-d00a-4ce9-9297-47423e89c159 {"type": "usd", "usd": 0.0}
2026-09-29 18:03:52 /background-jobs/d54cf52b-d00a-4ce9-9297-47423e89c159 {"type": "usd", "usd": 0.0}
2026-09-29 18:03:58 /background-jobs/d54cf52b-d00a-4ce9-9297-47423e89c159 {"type": "generations", "generations": 1.0}
2026-09-29 18:04:30 /background-jobs/f230de17-3884-451a-b073-671043e431d5 {"type": "usd", "usd": 0.0}
2026-09-29 18:04:35 /background-jobs/f230de17-3884-451a-b073-671043e431d5 {"type": "usd", "usd": 0.0}
2026-09-29 18:04:41 /background-jobs/f230de17-3884-451a-b073-671043e431d5 {"type": "usd", "usd": 0.0}
2026-09-29 18:04:47 /background-jobs/f230de17-3884-451a-b073-671043e431d5 {"type": "usd", "usd": 0.0}
2026-09-29 18:04:52 /background-jobs/f230de17-3884-451a-b073-671043e431d5 {"type": "usd", "usd": 0.0}
2026-09-29 18:04:58 /background-jobs/f230de17-3884-451a-b073-671043e431d5 {"type": "usd", "usd": 0.0}
2026-09-29 18:05:04 /background-jobs/f230de17-3884-451a-b073-671043e431d5 {"type": "usd", "usd": 0.0}
2026-09-29 18:05:09 /background-jobs/f230de17-3884-451a-b073-671043e431d5 {"type": "usd", "usd": 0.0}
2026-09-29 18:05:15 /background-jobs/f230de17-3884-451a-b073-671043e431d5 {"type": "usd", "usd": 0.0}
2026-09-29 18:05:21 /background-jobs/f230de17-3884-451a-b073-671043e431d5 {"type": "usd", "usd": 0.0}
2026-09-29 18:05:26 /background-jobs/f230de17-3884-451a-b073-671043e431d5 {"type": "usd", "usd": 0.0}
2026-09-29 18:05:32 /background-jobs/f230de17-3884-451a-b073-671043e431d5 {"type": "usd", "usd": 0.0}
2026-09-29 18:05:38 /background-jobs/f230de17-3884-451a-b073-671043e431d5 {"type": "usd", "usd": 0.0}
2026-09-29 18:05:43 /background-jobs/f230de17-3884-451a-b073-671043e431d5 {"type": "generations", "generations": 1.0}
2026-09-29 18:05:49 /background-jobs/f230de17-3884-451a-b073-671043e431d5 {"type": "generations", "generations": 1.0}
2026-09-29 18:05:50 /background-jobs/03ce6bd3-16de-484c-98ee-86df7ce2e5f3 {"type": "generations", "generations": 1.0}
2026-09-30 05:48:16 /background-jobs/919c91ec-57db-43a8-af7f-dcc1b209a504 {"type": "usd", "usd": 0.0}
2026-09-30 05:48:22 /background-jobs/919c91ec-57db-43a8-af7f-dcc1b209a504 {"type": "usd", "usd": 0.0}
2026-09-30 05:48:28 /background-jobs/919c91ec-57db-43a8-af7f-dcc1b209a504 {"type": "usd", "usd": 0.0}
2026-09-30 05:48:33 /background-jobs/919c91ec-57db-43a8-af7f-dcc1b209a504 {"type": "usd", "usd": 0.006041778458489312}
2026-09-30 05:48:39 /background-jobs/919c91ec-57db-43a8-af7f-dcc1b209a504 {"type": "usd", "usd": 0.006041778458489312}
2026-09-30 05:48:45 /background-jobs/919c91ec-57db-43a8-af7f-dcc1b209a504 {"type": "usd", "usd": 0.006041778458489312}
2026-09-30 05:48:50 /background-jobs/919c91ec-57db-43a8-af7f-dcc1b209a504 {"type": "usd", "usd": 0.006069163799285889}
2026-09-30 05:48:56 /background-jobs/919c91ec-57db-43a8-af7f-dcc1b209a504 {"type": "usd", "usd": 0.006069163799285889}
2026-09-30 05:49:02 /background-jobs/919c91ec-57db-43a8-af7f-dcc1b209a504 {"type": "usd", "usd": 0.0057568294207255045}
2026-09-30 05:49:08 /background-jobs/919c91ec-57db-43a8-af7f-dcc1b209a504 {"type": "usd", "usd": 0.0057568294207255045}
2026-09-30 05:49:14 /background-jobs/919c91ec-57db-43a8-af7f-dcc1b209a504 {"type": "usd", "usd": 0.0057568294207255045}
2026-09-30 05:49:19 /background-jobs/919c91ec-57db-43a8-af7f-dcc1b209a504 {"type": "usd", "usd": 0.0057568294207255045}
2026-09-30 05:49:25 /background-jobs/919c91ec-57db-43a8-af7f-dcc1b209a504 {"type": "usd", "usd": 0.0057568294207255045}
2026-09-30 05:49:31 /background-jobs/919c91ec-57db-43a8-af7f-dcc1b209a504 {"type": "usd", "usd": 0.0057568294207255045}
2026-09-30 05:49:37 /background-jobs/919c91ec-57db-43a8-af7f-dcc1b209a504 {"type": "generations", "generations": 4.0}
2026-09-30 05:49:42 /background-jobs/919c91ec-57db-43a8-af7f-dcc1b209a504 {"type": "generations", "generations": 4.0}
2026-09-30 05:51:39 /resize {"type": "generations", "generations": 1.0}
2026-09-30 05:54:39 /background-jobs/475fdefd-17fd-47ed-945f-945c49633473 {"type": "usd", "usd": 0.0}
2026-09-30 05:55:03 /background-jobs/cb630f30-b4fc-4a95-ba7b-e29c09858f7d {"type": "usd", "usd": 0.0}
2026-09-30 05:55:08 /background-jobs/cb630f30-b4fc-4a95-ba7b-e29c09858f7d {"type": "usd", "usd": 0.0}
2026-09-30 05:55:15 /background-jobs/cb630f30-b4fc-4a95-ba7b-e29c09858f7d {"type": "usd", "usd": 0.0}
2026-09-30 05:55:20 /background-jobs/cb630f30-b4fc-4a95-ba7b-e29c09858f7d {"type": "usd", "usd": 0.006397468037075467}
2026-09-30 05:55:26 /background-jobs/cb630f30-b4fc-4a95-ba7b-e29c09858f7d {"type": "usd", "usd": 0.006397468037075467}
2026-09-30 05:55:32 /background-jobs/cb630f30-b4fc-4a95-ba7b-e29c09858f7d {"type": "usd", "usd": 0.0058853315247429745}
2026-09-30 05:55:37 /background-jobs/cb630f30-b4fc-4a95-ba7b-e29c09858f7d {"type": "usd", "usd": 0.0058853315247429745}
2026-09-30 05:55:43 /background-jobs/cb630f30-b4fc-4a95-ba7b-e29c09858f7d {"type": "usd", "usd": 0.0058853315247429745}
2026-09-30 05:55:48 /background-jobs/cb630f30-b4fc-4a95-ba7b-e29c09858f7d {"type": "usd", "usd": 0.006344771226247152}
2026-09-30 05:55:54 /background-jobs/cb630f30-b4fc-4a95-ba7b-e29c09858f7d {"type": "usd", "usd": 0.006344771226247152}
2026-09-30 05:56:00 /background-jobs/cb630f30-b4fc-4a95-ba7b-e29c09858f7d {"type": "usd", "usd": 0.006344771226247152}
2026-09-30 05:56:06 /background-jobs/cb630f30-b4fc-4a95-ba7b-e29c09858f7d {"type": "usd", "usd": 0.006344771226247152}
2026-09-30 05:56:11 /background-jobs/cb630f30-b4fc-4a95-ba7b-e29c09858f7d {"type": "usd", "usd": 0.006344771226247152}
2026-09-30 05:56:17 /background-jobs/cb630f30-b4fc-4a95-ba7b-e29c09858f7d {"type": "usd", "usd": 0.006344771226247152}
2026-09-30 05:56:23 /background-jobs/cb630f30-b4fc-4a95-ba7b-e29c09858f7d {"type": "usd", "usd": 0.006344771226247152}
2026-09-30 05:56:28 /background-jobs/cb630f30-b4fc-4a95-ba7b-e29c09858f7d {"type": "usd", "usd": 0.006344771226247152}
2026-09-30 05:56:34 /background-jobs/cb630f30-b4fc-4a95-ba7b-e29c09858f7d {"type": "generations", "generations": 4.0}
2026-09-30 05:56:40 /background-jobs/cb630f30-b4fc-4a95-ba7b-e29c09858f7d {"type": "generations", "generations": 4.0}
2026-09-30 05:56:45 /background-jobs/cb630f30-b4fc-4a95-ba7b-e29c09858f7d {"type": "generations", "generations": 4.0}
2026-09-30 05:57:27 /background-jobs/af8789aa-4a0a-447b-9cbf-28a77b73a432 {"type": "usd", "usd": 0.0}
2026-09-30 05:57:32 /background-jobs/af8789aa-4a0a-447b-9cbf-28a77b73a432 {"type": "usd", "usd": 0.0}
2026-09-30 05:57:38 /background-jobs/af8789aa-4a0a-447b-9cbf-28a77b73a432 {"type": "usd", "usd": 0.0}
2026-09-30 05:57:44 /background-jobs/af8789aa-4a0a-447b-9cbf-28a77b73a432 {"type": "usd", "usd": 0.0}
2026-09-30 05:57:49 /background-jobs/af8789aa-4a0a-447b-9cbf-28a77b73a432 {"type": "usd", "usd": 0.006751557058758206}
2026-09-30 05:57:55 /background-jobs/af8789aa-4a0a-447b-9cbf-28a77b73a432 {"type": "usd", "usd": 0.006751557058758206}
2026-09-30 05:58:01 /background-jobs/af8789aa-4a0a-447b-9cbf-28a77b73a432 {"type": "usd", "usd": 0.005789175113042196}
2026-09-30 05:58:07 /background-jobs/af8789aa-4a0a-447b-9cbf-28a77b73a432 {"type": "usd", "usd": 0.005789175113042196}
2026-09-30 05:58:12 /background-jobs/af8789aa-4a0a-447b-9cbf-28a77b73a432 {"type": "usd", "usd": 0.005784661425484551}
2026-09-30 05:58:18 /background-jobs/af8789aa-4a0a-447b-9cbf-28a77b73a432 {"type": "usd", "usd": 0.005784661425484551}
2026-09-30 05:58:24 /background-jobs/af8789aa-4a0a-447b-9cbf-28a77b73a432 {"type": "usd", "usd": 0.005784661425484551}
2026-09-30 05:58:29 /background-jobs/af8789aa-4a0a-447b-9cbf-28a77b73a432 {"type": "usd", "usd": 0.005784661425484551}
2026-09-30 05:58:36 /background-jobs/af8789aa-4a0a-447b-9cbf-28a77b73a432 {"type": "generations", "generations": 4.0}
2026-09-30 05:58:41 /background-jobs/af8789aa-4a0a-447b-9cbf-28a77b73a432 {"type": "generations", "generations": 4.0}
2026-09-30 05:59:09 /background-jobs/1e0bcdef-ab35-46d3-93c3-35ca4d1efbf9 {"type": "usd", "usd": 0.0}
2026-09-30 05:59:15 /background-jobs/1e0bcdef-ab35-46d3-93c3-35ca4d1efbf9 {"type": "usd", "usd": 0.0}
2026-09-30 05:59:20 /background-jobs/1e0bcdef-ab35-46d3-93c3-35ca4d1efbf9 {"type": "usd", "usd": 0.0}
2026-09-30 05:59:26 /background-jobs/1e0bcdef-ab35-46d3-93c3-35ca4d1efbf9 {"type": "usd", "usd": 0.006155543857150608}
2026-09-30 05:59:32 /background-jobs/1e0bcdef-ab35-46d3-93c3-35ca4d1efbf9 {"type": "usd", "usd": 0.006155543857150608}
2026-09-30 05:59:37 /background-jobs/1e0bcdef-ab35-46d3-93c3-35ca4d1efbf9 {"type": "usd", "usd": 0.006155543857150608}
2026-09-30 05:59:43 /background-jobs/1e0bcdef-ab35-46d3-93c3-35ca4d1efbf9 {"type": "usd", "usd": 0.00600462441974216}
2026-09-30 05:59:49 /background-jobs/1e0bcdef-ab35-46d3-93c3-35ca4d1efbf9 {"type": "usd", "usd": 0.00600462441974216}
2026-09-30 05:59:54 /background-jobs/1e0bcdef-ab35-46d3-93c3-35ca4d1efbf9 {"type": "usd", "usd": 0.00600462441974216}
2026-09-30 06:00:00 /background-jobs/1e0bcdef-ab35-46d3-93c3-35ca4d1efbf9 {"type": "usd", "usd": 0.006632114171981812}
2026-09-30 06:00:06 /background-jobs/1e0bcdef-ab35-46d3-93c3-35ca4d1efbf9 {"type": "usd", "usd": 0.006632114171981812}
2026-09-30 06:00:11 /background-jobs/1e0bcdef-ab35-46d3-93c3-35ca4d1efbf9 {"type": "usd", "usd": 0.006632114171981812}
2026-09-30 06:00:17 /background-jobs/1e0bcdef-ab35-46d3-93c3-35ca4d1efbf9 {"type": "usd", "usd": 0.006632114171981812}
2026-09-30 06:00:23 /background-jobs/1e0bcdef-ab35-46d3-93c3-35ca4d1efbf9 {"type": "usd", "usd": 0.006632114171981812}
2026-09-30 06:00:28 /background-jobs/1e0bcdef-ab35-46d3-93c3-35ca4d1efbf9 {"type": "usd", "usd": 0.006632114171981812}
2026-09-30 06:00:34 /background-jobs/1e0bcdef-ab35-46d3-93c3-35ca4d1efbf9 {"type": "usd", "usd": 0.006632114171981812}
2026-09-30 06:00:40 /background-jobs/1e0bcdef-ab35-46d3-93c3-35ca4d1efbf9 {"type": "usd", "usd": 0.006632114171981812}
2026-09-30 06:00:47 /background-jobs/1e0bcdef-ab35-46d3-93c3-35ca4d1efbf9 {"type": "generations", "generations": 4.0}
2026-09-30 06:00:52 /background-jobs/1e0bcdef-ab35-46d3-93c3-35ca4d1efbf9 {"type": "generations", "generations": 4.0}
2026-09-30 06:01:14 /background-jobs/f8772922-5d59-4fdf-9fd5-4e92297f9137 {"type": "usd", "usd": 0.0}
2026-09-30 06:01:19 /background-jobs/f8772922-5d59-4fdf-9fd5-4e92297f9137 {"type": "usd", "usd": 0.0}
2026-09-30 06:01:25 /background-jobs/f8772922-5d59-4fdf-9fd5-4e92297f9137 {"type": "usd", "usd": 0.0}
2026-09-30 06:01:31 /background-jobs/f8772922-5d59-4fdf-9fd5-4e92297f9137 {"type": "usd", "usd": 0.0}
2026-09-30 06:01:36 /background-jobs/f8772922-5d59-4fdf-9fd5-4e92297f9137 {"type": "usd", "usd": 0.0}
2026-09-30 06:01:42 /background-jobs/f8772922-5d59-4fdf-9fd5-4e92297f9137 {"type": "usd", "usd": 0.0061882584095001225}
2026-09-30 06:01:48 /background-jobs/f8772922-5d59-4fdf-9fd5-4e92297f9137 {"type": "usd", "usd": 0.0061882584095001225}
2026-09-30 06:01:53 /background-jobs/f8772922-5d59-4fdf-9fd5-4e92297f9137 {"type": "usd", "usd": 0.0061882584095001225}
2026-09-30 06:01:59 /background-jobs/f8772922-5d59-4fdf-9fd5-4e92297f9137 {"type": "usd", "usd": 0.006209487067328559}
2026-09-30 06:02:04 /background-jobs/f8772922-5d59-4fdf-9fd5-4e92297f9137 {"type": "usd", "usd": 0.006209487067328559}
2026-09-30 06:02:10 /background-jobs/f8772922-5d59-4fdf-9fd5-4e92297f9137 {"type": "usd", "usd": 0.005953677521811591}
2026-09-30 06:02:16 /background-jobs/f8772922-5d59-4fdf-9fd5-4e92297f9137 {"type": "usd", "usd": 0.005953677521811591}
2026-09-30 06:02:25 /background-jobs/f8772922-5d59-4fdf-9fd5-4e92297f9137 {"type": "usd", "usd": 0.005953677521811591}
2026-09-30 06:02:31 /background-jobs/f8772922-5d59-4fdf-9fd5-4e92297f9137 {"type": "usd", "usd": 0.005953677521811591}
2026-09-30 06:02:36 /background-jobs/f8772922-5d59-4fdf-9fd5-4e92297f9137 {"type": "generations", "generations": 4.0}
2026-09-30 06:02:42 /background-jobs/f8772922-5d59-4fdf-9fd5-4e92297f9137 {"type": "generations", "generations": 4.0}
2026-09-30 06:03:23 /background-jobs/037e8094-f52f-45df-ba9e-afac4c9e04b1 {"type": "usd", "usd": 0.0}
2026-09-30 06:03:29 /background-jobs/037e8094-f52f-45df-ba9e-afac4c9e04b1 {"type": "usd", "usd": 0.0}
2026-09-30 06:03:34 /background-jobs/037e8094-f52f-45df-ba9e-afac4c9e04b1 {"type": "usd", "usd": 0.005789340284135607}
2026-09-30 06:03:40 /background-jobs/037e8094-f52f-45df-ba9e-afac4c9e04b1 {"type": "usd", "usd": 0.005789340284135607}
2026-09-30 06:03:46 /background-jobs/037e8094-f52f-45df-ba9e-afac4c9e04b1 {"type": "usd", "usd": 0.005789340284135607}
2026-09-30 06:03:51 /background-jobs/037e8094-f52f-45df-ba9e-afac4c9e04b1 {"type": "usd", "usd": 0.005789340284135607}
2026-09-30 06:03:57 /background-jobs/037e8094-f52f-45df-ba9e-afac4c9e04b1 {"type": "usd", "usd": 0.006367371638615926}
2026-09-30 06:04:03 /background-jobs/037e8094-f52f-45df-ba9e-afac4c9e04b1 {"type": "usd", "usd": 0.006367371638615926}
2026-09-30 06:04:08 /background-jobs/037e8094-f52f-45df-ba9e-afac4c9e04b1 {"type": "usd", "usd": 0.006367371638615926}
2026-09-30 06:04:14 /background-jobs/037e8094-f52f-45df-ba9e-afac4c9e04b1 {"type": "usd", "usd": 0.006367371638615926}
2026-09-30 06:04:20 /background-jobs/037e8094-f52f-45df-ba9e-afac4c9e04b1 {"type": "usd", "usd": 0.006351753446790907}
2026-09-30 06:04:25 /background-jobs/037e8094-f52f-45df-ba9e-afac4c9e04b1 {"type": "usd", "usd": 0.006351753446790907}
2026-09-30 06:04:31 /background-jobs/037e8094-f52f-45df-ba9e-afac4c9e04b1 {"type": "usd", "usd": 0.006351753446790907}
2026-09-30 06:04:37 /background-jobs/037e8094-f52f-45df-ba9e-afac4c9e04b1 {"type": "usd", "usd": 0.006351753446790907}
2026-09-30 06:04:42 /background-jobs/037e8094-f52f-45df-ba9e-afac4c9e04b1 {"type": "usd", "usd": 0.006351753446790907}
2026-09-30 06:04:48 /background-jobs/037e8094-f52f-45df-ba9e-afac4c9e04b1 {"type": "usd", "usd": 0.006351753446790907}
2026-09-30 06:04:55 /background-jobs/037e8094-f52f-45df-ba9e-afac4c9e04b1 {"type": "generations", "generations": 4.0}
2026-09-30 06:05:01 /background-jobs/037e8094-f52f-45df-ba9e-afac4c9e04b1 {"type": "generations", "generations": 4.0}
2026-09-30 06:05:06 /background-jobs/037e8094-f52f-45df-ba9e-afac4c9e04b1 {"type": "generations", "generations": 4.0}
2026-09-30 06:06:13 /create-image-bitforge {"type": "generations", "generations": 1.0}
2026-09-30 06:06:55 /create-image-bitforge {"type": "generations", "generations": 1.0}
2026-09-30 06:07:22 /create-image-bitforge {"type": "generations", "generations": 1.0}
2026-09-30 06:08:19 /background-jobs/f79359d4-07b7-400e-849a-98dbaf6a9041 {"type": "usd", "usd": 0.0}
2026-09-30 06:08:20 /background-jobs/72545c12-f2cd-4de0-8591-b25e2cae5be3 {"type": "usd", "usd": 0.0}
2026-09-30 06:08:20 /background-jobs/1da7267b-8aa6-4629-959f-6ac654bfe7d6 {"type": "usd", "usd": 0.0}
2026-09-30 06:08:25 /background-jobs/f79359d4-07b7-400e-849a-98dbaf6a9041 {"type": "usd", "usd": 0.0}
2026-09-30 06:08:25 /background-jobs/72545c12-f2cd-4de0-8591-b25e2cae5be3 {"type": "usd", "usd": 0.0}
2026-09-30 06:08:25 /background-jobs/1da7267b-8aa6-4629-959f-6ac654bfe7d6 {"type": "usd", "usd": 0.0}
2026-09-30 06:08:31 /background-jobs/f79359d4-07b7-400e-849a-98dbaf6a9041 {"type": "usd", "usd": 0.0}
2026-09-30 06:08:31 /background-jobs/72545c12-f2cd-4de0-8591-b25e2cae5be3 {"type": "usd", "usd": 0.0}
2026-09-30 06:08:31 /background-jobs/1da7267b-8aa6-4629-959f-6ac654bfe7d6 {"type": "usd", "usd": 0.0}
2026-09-30 06:08:36 /background-jobs/f79359d4-07b7-400e-849a-98dbaf6a9041 {"type": "usd", "usd": 0.0}
2026-09-30 06:08:37 /background-jobs/72545c12-f2cd-4de0-8591-b25e2cae5be3 {"type": "usd", "usd": 0.0}
2026-09-30 06:08:37 /background-jobs/1da7267b-8aa6-4629-959f-6ac654bfe7d6 {"type": "usd", "usd": 0.0}
2026-09-30 06:08:42 /background-jobs/f79359d4-07b7-400e-849a-98dbaf6a9041 {"type": "usd", "usd": 0.0}
2026-09-30 06:08:42 /background-jobs/72545c12-f2cd-4de0-8591-b25e2cae5be3 {"type": "usd", "usd": 0.0}
2026-09-30 06:08:42 /background-jobs/1da7267b-8aa6-4629-959f-6ac654bfe7d6 {"type": "usd", "usd": 0.006112518972820706}
2026-09-30 06:08:48 /background-jobs/f79359d4-07b7-400e-849a-98dbaf6a9041 {"type": "usd", "usd": 0.007097999069425796}
2026-09-30 06:08:48 /background-jobs/72545c12-f2cd-4de0-8591-b25e2cae5be3 {"type": "usd", "usd": 0.0}
2026-09-30 06:08:48 /background-jobs/1da7267b-8aa6-4629-959f-6ac654bfe7d6 {"type": "usd", "usd": 0.006112518972820706}
2026-09-30 06:08:53 /background-jobs/f79359d4-07b7-400e-849a-98dbaf6a9041 {"type": "usd", "usd": 0.007097999069425796}
2026-09-30 06:08:54 /background-jobs/72545c12-f2cd-4de0-8591-b25e2cae5be3 {"type": "usd", "usd": 0.005581821971469455}
2026-09-30 06:08:54 /background-jobs/1da7267b-8aa6-4629-959f-6ac654bfe7d6 {"type": "usd", "usd": 0.006112518972820706}
2026-09-30 06:08:59 /background-jobs/f79359d4-07b7-400e-849a-98dbaf6a9041 {"type": "usd", "usd": 0.007097999069425796}
2026-09-30 06:08:59 /background-jobs/72545c12-f2cd-4de0-8591-b25e2cae5be3 {"type": "usd", "usd": 0.005581821971469455}
2026-09-30 06:09:00 /background-jobs/1da7267b-8aa6-4629-959f-6ac654bfe7d6 {"type": "usd", "usd": 0.0061272134515974255}
2026-09-30 06:09:05 /background-jobs/f79359d4-07b7-400e-849a-98dbaf6a9041 {"type": "usd", "usd": 0.007097999069425796}
2026-09-30 06:09:05 /background-jobs/72545c12-f2cd-4de0-8591-b25e2cae5be3 {"type": "usd", "usd": 0.005581821971469455}
2026-09-30 06:09:05 /background-jobs/1da7267b-8aa6-4629-959f-6ac654bfe7d6 {"type": "usd", "usd": 0.0061272134515974255}
2026-09-30 06:09:10 /background-jobs/f79359d4-07b7-400e-849a-98dbaf6a9041 {"type": "usd", "usd": 0.006366826772689819}
2026-09-30 06:09:11 /background-jobs/72545c12-f2cd-4de0-8591-b25e2cae5be3 {"type": "usd", "usd": 0.005581821971469455}
2026-09-30 06:09:11 /background-jobs/1da7267b-8aa6-4629-959f-6ac654bfe7d6 {"type": "usd", "usd": 0.006053389363818698}
2026-09-30 06:09:16 /background-jobs/f79359d4-07b7-400e-849a-98dbaf6a9041 {"type": "usd", "usd": 0.006366826772689819}
2026-09-30 06:09:16 /background-jobs/72545c12-f2cd-4de0-8591-b25e2cae5be3 {"type": "usd", "usd": 0.005581821971469455}
2026-09-30 06:09:16 /background-jobs/1da7267b-8aa6-4629-959f-6ac654bfe7d6 {"type": "usd", "usd": 0.006053389363818698}
2026-09-30 06:09:22 /background-jobs/72545c12-f2cd-4de0-8591-b25e2cae5be3 {"type": "usd", "usd": 0.005581821971469455}
2026-09-30 06:09:22 /background-jobs/1da7267b-8aa6-4629-959f-6ac654bfe7d6 {"type": "usd", "usd": 0.006053389363818698}
2026-09-30 06:09:22 /background-jobs/f79359d4-07b7-400e-849a-98dbaf6a9041 {"type": "usd", "usd": 0.005871617105272081}
2026-09-30 06:09:27 /background-jobs/72545c12-f2cd-4de0-8591-b25e2cae5be3 {"type": "usd", "usd": 0.006773538960350885}
2026-09-30 06:09:28 /background-jobs/1da7267b-8aa6-4629-959f-6ac654bfe7d6 {"type": "usd", "usd": 0.006053389363818698}
2026-09-30 06:09:28 /background-jobs/f79359d4-07b7-400e-849a-98dbaf6a9041 {"type": "usd", "usd": 0.005871617105272081}
2026-09-30 06:09:34 /background-jobs/1da7267b-8aa6-4629-959f-6ac654bfe7d6 {"type": "usd", "usd": 0.006053389363818698}
2026-09-30 06:09:34 /background-jobs/f79359d4-07b7-400e-849a-98dbaf6a9041 {"type": "usd", "usd": 0.005871617105272081}
2026-09-30 06:09:36 /background-jobs/72545c12-f2cd-4de0-8591-b25e2cae5be3 {"type": "usd", "usd": 0.005889287842644586}
2026-09-30 06:09:39 /background-jobs/1da7267b-8aa6-4629-959f-6ac654bfe7d6 {"type": "usd", "usd": 0.006053389363818698}
2026-09-30 06:09:39 /background-jobs/f79359d4-07b7-400e-849a-98dbaf6a9041 {"type": "usd", "usd": 0.005871617105272081}
2026-09-30 06:09:42 /background-jobs/72545c12-f2cd-4de0-8591-b25e2cae5be3 {"type": "usd", "usd": 0.005889287842644586}
2026-09-30 06:09:45 /background-jobs/1da7267b-8aa6-4629-959f-6ac654bfe7d6 {"type": "usd", "usd": 0.006053389363818698}
2026-09-30 06:09:45 /background-jobs/f79359d4-07b7-400e-849a-98dbaf6a9041 {"type": "usd", "usd": 0.005871617105272081}
2026-09-30 06:09:48 /background-jobs/72545c12-f2cd-4de0-8591-b25e2cae5be3 {"type": "usd", "usd": 0.005889287842644586}
2026-09-30 06:09:50 /background-jobs/1da7267b-8aa6-4629-959f-6ac654bfe7d6 {"type": "usd", "usd": 0.006053389363818698}
2026-09-30 06:09:51 /background-jobs/f79359d4-07b7-400e-849a-98dbaf6a9041 {"type": "generations", "generations": 4.0}
2026-09-30 06:09:53 /background-jobs/72545c12-f2cd-4de0-8591-b25e2cae5be3 {"type": "usd", "usd": 0.005889287842644586}
2026-09-30 06:09:56 /background-jobs/1da7267b-8aa6-4629-959f-6ac654bfe7d6 {"type": "generations", "generations": 4.0}
2026-09-30 06:09:57 /background-jobs/f79359d4-07b7-400e-849a-98dbaf6a9041 {"type": "generations", "generations": 4.0}
2026-09-30 06:09:59 /background-jobs/72545c12-f2cd-4de0-8591-b25e2cae5be3 {"type": "usd", "usd": 0.005889287842644586}
2026-09-30 06:10:02 /background-jobs/1da7267b-8aa6-4629-959f-6ac654bfe7d6 {"type": "generations", "generations": 4.0}
2026-09-30 06:10:03 /background-jobs/f79359d4-07b7-400e-849a-98dbaf6a9041 {"type": "generations", "generations": 4.0}
2026-09-30 06:10:05 /background-jobs/72545c12-f2cd-4de0-8591-b25e2cae5be3 {"type": "generations", "generations": 4.0}
2026-09-30 06:10:06 /background-jobs/1094a28a-c701-4f7d-96a1-c224fd5fa751 {"type": "usd", "usd": 0.0}
2026-09-30 06:10:07 /background-jobs/7666c4e7-e3c0-470a-8130-bbe885f274e6 {"type": "usd", "usd": 0.0}
2026-09-30 06:10:11 /background-jobs/72545c12-f2cd-4de0-8591-b25e2cae5be3 {"type": "generations", "generations": 4.0}
2026-09-30 06:10:13 /background-jobs/7666c4e7-e3c0-470a-8130-bbe885f274e6 {"type": "usd", "usd": 0.0}
2026-09-30 06:10:15 /background-jobs/1094a28a-c701-4f7d-96a1-c224fd5fa751 {"type": "usd", "usd": 0.0}
2026-09-30 06:10:16 /background-jobs/72545c12-f2cd-4de0-8591-b25e2cae5be3 {"type": "generations", "generations": 4.0}
2026-09-30 06:10:18 /background-jobs/7666c4e7-e3c0-470a-8130-bbe885f274e6 {"type": "usd", "usd": 0.005578658739725749}
2026-09-30 06:10:20 /background-jobs/1094a28a-c701-4f7d-96a1-c224fd5fa751 {"type": "usd", "usd": 0.006072730329301623}
2026-09-30 06:10:22 /background-jobs/3d1f18b7-ccd6-4f88-bbdb-96fcdc3d9478 {"type": "usd", "usd": 0.0}
2026-09-30 06:10:24 /background-jobs/7666c4e7-e3c0-470a-8130-bbe885f274e6 {"type": "usd", "usd": 0.005578658739725749}
2026-09-30 06:10:26 /background-jobs/1094a28a-c701-4f7d-96a1-c224fd5fa751 {"type": "usd", "usd": 0.006072730329301623}
2026-09-30 06:10:28 /background-jobs/3d1f18b7-ccd6-4f88-bbdb-96fcdc3d9478 {"type": "usd", "usd": 0.0}
2026-09-30 06:10:29 /background-jobs/7666c4e7-e3c0-470a-8130-bbe885f274e6 {"type": "usd", "usd": 0.005578658739725749}
2026-09-30 06:10:32 /background-jobs/1094a28a-c701-4f7d-96a1-c224fd5fa751 {"type": "usd", "usd": 0.005852824529012045}
2026-09-30 06:10:34 /background-jobs/3d1f18b7-ccd6-4f88-bbdb-96fcdc3d9478 {"type": "usd", "usd": 0.0}
2026-09-30 06:10:35 /background-jobs/7666c4e7-e3c0-470a-8130-bbe885f274e6 {"type": "usd", "usd": 0.006434300369686551}
2026-09-30 06:10:37 /background-jobs/1094a28a-c701-4f7d-96a1-c224fd5fa751 {"type": "usd", "usd": 0.005852824529012045}
2026-09-30 06:10:39 /background-jobs/3d1f18b7-ccd6-4f88-bbdb-96fcdc3d9478 {"type": "usd", "usd": 0.005857459465662638}
2026-09-30 06:10:41 /background-jobs/7666c4e7-e3c0-470a-8130-bbe885f274e6 {"type": "usd", "usd": 0.006434300369686551}
2026-09-30 06:10:43 /background-jobs/1094a28a-c701-4f7d-96a1-c224fd5fa751 {"type": "usd", "usd": 0.0058427507347530785}
2026-09-30 06:10:45 /background-jobs/3d1f18b7-ccd6-4f88-bbdb-96fcdc3d9478 {"type": "usd", "usd": 0.005857459465662638}
2026-09-30 06:10:46 /background-jobs/7666c4e7-e3c0-470a-8130-bbe885f274e6 {"type": "usd", "usd": 0.0060427419079674615}
2026-09-30 06:10:49 /background-jobs/1094a28a-c701-4f7d-96a1-c224fd5fa751 {"type": "usd", "usd": 0.0058427507347530785}
2026-09-30 06:10:51 /background-jobs/3d1f18b7-ccd6-4f88-bbdb-96fcdc3d9478 {"type": "usd", "usd": 0.005757015705108642}
2026-09-30 06:10:54 /background-jobs/1094a28a-c701-4f7d-96a1-c224fd5fa751 {"type": "usd", "usd": 0.0058427507347530785}
2026-09-30 06:10:55 /background-jobs/7666c4e7-e3c0-470a-8130-bbe885f274e6 {"type": "usd", "usd": 0.0060427419079674615}
2026-09-30 06:10:56 /background-jobs/3d1f18b7-ccd6-4f88-bbdb-96fcdc3d9478 {"type": "usd", "usd": 0.0057475502755906845}
2026-09-30 06:11:00 /background-jobs/1094a28a-c701-4f7d-96a1-c224fd5fa751 {"type": "usd", "usd": 0.0058427507347530785}
2026-09-30 06:11:01 /background-jobs/7666c4e7-e3c0-470a-8130-bbe885f274e6 {"type": "usd", "usd": 0.0060427419079674615}
2026-09-30 06:11:02 /background-jobs/3d1f18b7-ccd6-4f88-bbdb-96fcdc3d9478 {"type": "usd", "usd": 0.0057475502755906845}
2026-09-30 06:11:06 /background-jobs/1094a28a-c701-4f7d-96a1-c224fd5fa751 {"type": "usd", "usd": 0.0058427507347530785}
2026-09-30 06:11:07 /background-jobs/7666c4e7-e3c0-470a-8130-bbe885f274e6 {"type": "usd", "usd": 0.0060427419079674615}
2026-09-30 06:11:08 /background-jobs/3d1f18b7-ccd6-4f88-bbdb-96fcdc3d9478 {"type": "usd", "usd": 0.0057475502755906845}
2026-09-30 06:11:13 /background-jobs/3d1f18b7-ccd6-4f88-bbdb-96fcdc3d9478 {"type": "usd", "usd": 0.0057475502755906845}
2026-09-30 06:11:15 /background-jobs/1094a28a-c701-4f7d-96a1-c224fd5fa751 {"type": "generations", "generations": 4.0}
2026-09-30 06:11:15 /background-jobs/7666c4e7-e3c0-470a-8130-bbe885f274e6 {"type": "usd", "usd": 0.0060427419079674615}
2026-09-30 06:11:20 /background-jobs/3d1f18b7-ccd6-4f88-bbdb-96fcdc3d9478 {"type": "usd", "usd": 0.0057475502755906845}
2026-09-30 06:11:20 /background-jobs/1094a28a-c701-4f7d-96a1-c224fd5fa751 {"type": "generations", "generations": 4.0}
2026-09-30 06:11:22 /background-jobs/7666c4e7-e3c0-470a-8130-bbe885f274e6 {"type": "usd", "usd": 0.0060427419079674615}
2026-09-30 06:11:26 /background-jobs/3d1f18b7-ccd6-4f88-bbdb-96fcdc3d9478 {"type": "usd", "usd": 0.0057475502755906845}
2026-09-30 06:11:27 /background-jobs/7666c4e7-e3c0-470a-8130-bbe885f274e6 {"type": "usd", "usd": 0.0060427419079674615}
2026-09-30 06:11:31 /background-jobs/3d1f18b7-ccd6-4f88-bbdb-96fcdc3d9478 {"type": "usd", "usd": 0.0057475502755906845}
2026-09-30 06:11:34 /background-jobs/7666c4e7-e3c0-470a-8130-bbe885f274e6 {"type": "generations", "generations": 4.0}
2026-09-30 06:11:37 /background-jobs/3d1f18b7-ccd6-4f88-bbdb-96fcdc3d9478 {"type": "usd", "usd": 0.0057475502755906845}
2026-09-30 06:11:41 /background-jobs/7666c4e7-e3c0-470a-8130-bbe885f274e6 {"type": "generations", "generations": 4.0}
2026-09-30 06:11:43 /background-jobs/3d1f18b7-ccd6-4f88-bbdb-96fcdc3d9478 {"type": "generations", "generations": 4.0}
2026-09-30 06:11:48 /create-image-bitforge {"type": "generations", "generations": 1.0}
2026-09-30 06:11:49 /background-jobs/3d1f18b7-ccd6-4f88-bbdb-96fcdc3d9478 {"type": "generations", "generations": 4.0}
2026-09-30 06:11:55 /background-jobs/3d1f18b7-ccd6-4f88-bbdb-96fcdc3d9478 {"type": "generations", "generations": 4.0}
2026-09-30 06:12:13 /create-image-bitforge {"type": "generations", "generations": 1.0}
2026-09-30 06:12:14 /create-image-bitforge {"type": "generations", "generations": 1.0}
2026-09-30 06:12:23 /create-image-bitforge {"type": "generations", "generations": 1.0}
2026-09-30 06:12:27 /create-image-bitforge {"type": "generations", "generations": 1.0}
2026-09-30 06:12:51 /create-image-bitforge {"type": "generations", "generations": 1.0}
2026-09-30 06:12:52 /create-image-bitforge {"type": "generations", "generations": 1.0}
2026-09-30 06:13:14 /create-image-bitforge {"type": "generations", "generations": 1.0}
2026-09-30 06:14:16 /create-image-bitforge {"type": "generations", "generations": 1.0}
2026-09-30 06:14:32 /background-jobs/a58e4513-09ae-4719-ab04-531d2bd15b92 {"type": "usd", "usd": 0.0}
2026-09-30 06:14:33 /background-jobs/cf2fae45-25a6-4ee1-9128-59e7e8a9d1b2 {"type": "usd", "usd": 0.0}
2026-09-30 06:14:33 /background-jobs/8baf6562-4d47-4dda-844d-a6591db51ab0 {"type": "usd", "usd": 0.0}
2026-09-30 06:14:33 /background-jobs/5ad26c4b-b857-48c6-a573-8a6f089a6591 {"type": "usd", "usd": 0.0}
2026-09-30 06:14:33 /background-jobs/aa611a10-68bd-46bf-9edd-6ac304f85ff1 {"type": "usd", "usd": 0.0}
2026-09-30 06:14:38 /background-jobs/14d3e039-c747-47fd-b24a-97226bd72433 {"type": "usd", "usd": 0.0}
2026-09-30 06:14:38 /background-jobs/8baf6562-4d47-4dda-844d-a6591db51ab0 {"type": "usd", "usd": 0.0}
2026-09-30 06:14:38 /background-jobs/a58e4513-09ae-4719-ab04-531d2bd15b92 {"type": "usd", "usd": 0.0}
2026-09-30 06:14:38 /background-jobs/cf2fae45-25a6-4ee1-9128-59e7e8a9d1b2 {"type": "usd", "usd": 0.0}
2026-09-30 06:14:38 /background-jobs/5ad26c4b-b857-48c6-a573-8a6f089a6591 {"type": "usd", "usd": 0.0}
2026-09-30 06:14:39 /background-jobs/aa611a10-68bd-46bf-9edd-6ac304f85ff1 {"type": "usd", "usd": 0.0}
2026-09-30 06:14:44 /background-jobs/14d3e039-c747-47fd-b24a-97226bd72433 {"type": "usd", "usd": 0.0}
2026-09-30 06:14:44 /background-jobs/8baf6562-4d47-4dda-844d-a6591db51ab0 {"type": "usd", "usd": 0.0}
2026-09-30 06:14:44 /background-jobs/cf2fae45-25a6-4ee1-9128-59e7e8a9d1b2 {"type": "usd", "usd": 0.0}
2026-09-30 06:14:44 /background-jobs/a58e4513-09ae-4719-ab04-531d2bd15b92 {"type": "usd", "usd": 0.0}
2026-09-30 06:14:44 /background-jobs/5ad26c4b-b857-48c6-a573-8a6f089a6591 {"type": "usd", "usd": 0.0}
2026-09-30 06:14:44 /background-jobs/aa611a10-68bd-46bf-9edd-6ac304f85ff1 {"type": "usd", "usd": 0.0}
2026-09-30 06:14:49 /background-jobs/14d3e039-c747-47fd-b24a-97226bd72433 {"type": "usd", "usd": 0.0}
2026-09-30 06:14:50 /background-jobs/a58e4513-09ae-4719-ab04-531d2bd15b92 {"type": "usd", "usd": 0.005733278459972806}
2026-09-30 06:14:50 /background-jobs/cf2fae45-25a6-4ee1-9128-59e7e8a9d1b2 {"type": "usd", "usd": 0.0}
2026-09-30 06:14:50 /background-jobs/5ad26c4b-b857-48c6-a573-8a6f089a6591 {"type": "usd", "usd": 0.0}
2026-09-30 06:14:50 /background-jobs/8baf6562-4d47-4dda-844d-a6591db51ab0 {"type": "usd", "usd": 0.0}
2026-09-30 06:14:50 /background-jobs/aa611a10-68bd-46bf-9edd-6ac304f85ff1 {"type": "usd", "usd": 0.00620680226220025}
2026-09-30 06:14:55 /background-jobs/8baf6562-4d47-4dda-844d-a6591db51ab0 {"type": "usd", "usd": 0.006036756700939602}
2026-09-30 06:14:56 /background-jobs/aa611a10-68bd-46bf-9edd-6ac304f85ff1 {"type": "usd", "usd": 0.00620680226220025}
2026-09-30 06:14:56 /background-jobs/cf2fae45-25a6-4ee1-9128-59e7e8a9d1b2 {"type": "usd", "usd": 0.006073964754740397}
2026-09-30 06:14:56 /background-jobs/a58e4513-09ae-4719-ab04-531d2bd15b92 {"type": "usd", "usd": 0.0057321738402048746}
2026-09-30 06:14:56 /background-jobs/5ad26c4b-b857-48c6-a573-8a6f089a6591 {"type": "usd", "usd": 0.006294452534781562}
2026-09-30 06:14:57 /background-jobs/14d3e039-c747-47fd-b24a-97226bd72433 {"type": "usd", "usd": 0.005887503703435262}
2026-09-30 06:15:01 /background-jobs/8baf6562-4d47-4dda-844d-a6591db51ab0 {"type": "usd", "usd": 0.006036756700939602}
2026-09-30 06:15:01 /background-jobs/cf2fae45-25a6-4ee1-9128-59e7e8a9d1b2 {"type": "usd", "usd": 0.006073964754740397}
2026-09-30 06:15:01 /background-jobs/aa611a10-68bd-46bf-9edd-6ac304f85ff1 {"type": "usd", "usd": 0.00620680226220025}
2026-09-30 06:15:01 /background-jobs/a58e4513-09ae-4719-ab04-531d2bd15b92 {"type": "usd", "usd": 0.0057321738402048746}
2026-09-30 06:15:03 /background-jobs/14d3e039-c747-47fd-b24a-97226bd72433 {"type": "usd", "usd": 0.005887503703435262}
2026-09-30 06:15:03 /background-jobs/5ad26c4b-b857-48c6-a573-8a6f089a6591 {"type": "usd", "usd": 0.006294452534781562}
2026-09-30 06:15:07 /background-jobs/cf2fae45-25a6-4ee1-9128-59e7e8a9d1b2 {"type": "usd", "usd": 0.006073964754740397}
2026-09-30 06:15:07 /background-jobs/aa611a10-68bd-46bf-9edd-6ac304f85ff1 {"type": "usd", "usd": 0.0059092276096344}
2026-09-30 06:15:07 /background-jobs/8baf6562-4d47-4dda-844d-a6591db51ab0 {"type": "usd", "usd": 0.006036756700939602}
2026-09-30 06:15:07 /background-jobs/a58e4513-09ae-4719-ab04-531d2bd15b92 {"type": "usd", "usd": 0.0057321738402048746}
2026-09-30 06:15:08 /background-jobs/14d3e039-c747-47fd-b24a-97226bd72433 {"type": "usd", "usd": 0.005887503703435262}
2026-09-30 06:15:08 /background-jobs/5ad26c4b-b857-48c6-a573-8a6f089a6591 {"type": "usd", "usd": 0.006294452534781562}
2026-09-30 06:15:13 /background-jobs/cf2fae45-25a6-4ee1-9128-59e7e8a9d1b2 {"type": "usd", "usd": 0.006520312786102295}
2026-09-30 06:15:13 /background-jobs/aa611a10-68bd-46bf-9edd-6ac304f85ff1 {"type": "usd", "usd": 0.0059092276096344}
2026-09-30 06:15:13 /background-jobs/a58e4513-09ae-4719-ab04-531d2bd15b92 {"type": "usd", "usd": 0.0057321738402048746}
2026-09-30 06:15:13 /background-jobs/8baf6562-4d47-4dda-844d-a6591db51ab0 {"type": "usd", "usd": 0.006036756700939602}
2026-09-30 06:15:14 /background-jobs/14d3e039-c747-47fd-b24a-97226bd72433 {"type": "usd", "usd": 0.005887503703435262}
2026-09-30 06:15:14 /background-jobs/5ad26c4b-b857-48c6-a573-8a6f089a6591 {"type": "usd", "usd": 0.006294452534781562}
2026-09-30 06:15:18 /background-jobs/cf2fae45-25a6-4ee1-9128-59e7e8a9d1b2 {"type": "usd", "usd": 0.006520312786102295}
2026-09-30 06:15:18 /background-jobs/aa611a10-68bd-46bf-9edd-6ac304f85ff1 {"type": "usd", "usd": 0.0059092276096344}
2026-09-30 06:15:18 /background-jobs/8baf6562-4d47-4dda-844d-a6591db51ab0 {"type": "usd", "usd": 0.006036756700939602}
2026-09-30 06:15:18 /background-jobs/a58e4513-09ae-4719-ab04-531d2bd15b92 {"type": "usd", "usd": 0.0057321738402048746}
2026-09-30 06:15:20 /background-jobs/5ad26c4b-b857-48c6-a573-8a6f089a6591 {"type": "usd", "usd": 0.006294452534781562}
2026-09-30 06:15:20 /background-jobs/14d3e039-c747-47fd-b24a-97226bd72433 {"type": "usd", "usd": 0.005887503703435262}
2026-09-30 06:15:24 /background-jobs/cf2fae45-25a6-4ee1-9128-59e7e8a9d1b2 {"type": "usd", "usd": 0.006520312786102295}
2026-09-30 06:15:24 /background-jobs/aa611a10-68bd-46bf-9edd-6ac304f85ff1 {"type": "usd", "usd": 0.0059092276096344}
2026-09-30 06:15:24 /background-jobs/8baf6562-4d47-4dda-844d-a6591db51ab0 {"type": "usd", "usd": 0.006036756700939602}
2026-09-30 06:15:24 /background-jobs/a58e4513-09ae-4719-ab04-531d2bd15b92 {"type": "usd", "usd": 0.0057321738402048746}
2026-09-30 06:15:25 /background-jobs/5ad26c4b-b857-48c6-a573-8a6f089a6591 {"type": "usd", "usd": 0.006294452534781562}
2026-09-30 06:15:25 /background-jobs/14d3e039-c747-47fd-b24a-97226bd72433 {"type": "usd", "usd": 0.005887503703435262}
2026-09-30 06:15:30 /background-jobs/a58e4513-09ae-4719-ab04-531d2bd15b92 {"type": "usd", "usd": 0.007144347111384074}
2026-09-30 06:15:30 /background-jobs/aa611a10-68bd-46bf-9edd-6ac304f85ff1 {"type": "usd", "usd": 0.0059092276096344}
2026-09-30 06:15:31 /background-jobs/5ad26c4b-b857-48c6-a573-8a6f089a6591 {"type": "usd", "usd": 0.006294452534781562}
2026-09-30 06:15:31 /background-jobs/14d3e039-c747-47fd-b24a-97226bd72433 {"type": "usd", "usd": 0.006233148919211494}
2026-09-30 06:15:32 /background-jobs/8baf6562-4d47-4dda-844d-a6591db51ab0 {"type": "usd", "usd": 0.006282381852467855}
2026-09-30 06:15:32 /background-jobs/cf2fae45-25a6-4ee1-9128-59e7e8a9d1b2 {"type": "usd", "usd": 0.006520312786102295}
2026-09-30 06:15:36 /background-jobs/a58e4513-09ae-4719-ab04-531d2bd15b92 {"type": "usd", "usd": 0.007144347111384074}
2026-09-30 06:15:36 /background-jobs/aa611a10-68bd-46bf-9edd-6ac304f85ff1 {"type": "usd", "usd": 0.0059092276096344}
2026-09-30 06:15:37 /background-jobs/14d3e039-c747-47fd-b24a-97226bd72433 {"type": "usd", "usd": 0.006233148919211494}
2026-09-30 06:15:37 /background-jobs/5ad26c4b-b857-48c6-a573-8a6f089a6591 {"type": "usd", "usd": 0.006294452534781562}
2026-09-30 06:15:37 /background-jobs/8baf6562-4d47-4dda-844d-a6591db51ab0 {"type": "usd", "usd": 0.006282381852467855}
2026-09-30 06:15:38 /background-jobs/cf2fae45-25a6-4ee1-9128-59e7e8a9d1b2 {"type": "usd", "usd": 0.005909332381354438}
2026-09-30 06:15:42 /background-jobs/a58e4513-09ae-4719-ab04-531d2bd15b92 {"type": "usd", "usd": 0.007144347111384074}
2026-09-30 06:15:42 /background-jobs/aa611a10-68bd-46bf-9edd-6ac304f85ff1 {"type": "usd", "usd": 0.006931832048628066}
2026-09-30 06:15:42 /background-jobs/5ad26c4b-b857-48c6-a573-8a6f089a6591 {"type": "usd", "usd": 0.006387579811943902}
2026-09-30 06:15:43 /background-jobs/14d3e039-c747-47fd-b24a-97226bd72433 {"type": "usd", "usd": 0.006233148919211494}
2026-09-30 06:15:43 /background-jobs/8baf6562-4d47-4dda-844d-a6591db51ab0 {"type": "usd", "usd": 0.006282381852467855}
2026-09-30 06:15:44 /background-jobs/cf2fae45-25a6-4ee1-9128-59e7e8a9d1b2 {"type": "usd", "usd": 0.005909332381354438}
2026-09-30 06:15:47 /background-jobs/a58e4513-09ae-4719-ab04-531d2bd15b92 {"type": "usd", "usd": 0.007144347111384074}
2026-09-30 06:15:47 /background-jobs/aa611a10-68bd-46bf-9edd-6ac304f85ff1 {"type": "usd", "usd": 0.006931832048628066}
2026-09-30 06:15:48 /background-jobs/14d3e039-c747-47fd-b24a-97226bd72433 {"type": "usd", "usd": 0.006233148919211494}
2026-09-30 06:15:48 /background-jobs/5ad26c4b-b857-48c6-a573-8a6f089a6591 {"type": "usd", "usd": 0.006387579811943902}
2026-09-30 06:15:49 /background-jobs/8baf6562-4d47-4dda-844d-a6591db51ab0 {"type": "usd", "usd": 0.006282381852467855}
2026-09-30 06:15:50 /background-jobs/cf2fae45-25a6-4ee1-9128-59e7e8a9d1b2 {"type": "usd", "usd": 0.005909332381354438}
2026-09-30 06:15:53 /background-jobs/a58e4513-09ae-4719-ab04-531d2bd15b92 {"type": "usd", "usd": 0.007144347111384074}
2026-09-30 06:15:53 /background-jobs/aa611a10-68bd-46bf-9edd-6ac304f85ff1 {"type": "usd", "usd": 0.006931832048628066}
2026-09-30 06:15:54 /background-jobs/5ad26c4b-b857-48c6-a573-8a6f089a6591 {"type": "usd", "usd": 0.006387579811943902}
2026-09-30 06:15:54 /background-jobs/14d3e039-c747-47fd-b24a-97226bd72433 {"type": "usd", "usd": 0.006233148919211494}
2026-09-30 06:15:54 /background-jobs/8baf6562-4d47-4dda-844d-a6591db51ab0 {"type": "usd", "usd": 0.006282381852467855}
2026-09-30 06:15:56 /background-jobs/cf2fae45-25a6-4ee1-9128-59e7e8a9d1b2 {"type": "usd", "usd": 0.005909332381354438}
2026-09-30 06:15:59 /background-jobs/a58e4513-09ae-4719-ab04-531d2bd15b92 {"type": "usd", "usd": 0.007144347111384074}
2026-09-30 06:15:59 /background-jobs/aa611a10-68bd-46bf-9edd-6ac304f85ff1 {"type": "usd", "usd": 0.006931832048628066}
2026-09-30 06:16:00 /background-jobs/5ad26c4b-b857-48c6-a573-8a6f089a6591 {"type": "usd", "usd": 0.006452305740780301}
2026-09-30 06:16:00 /background-jobs/14d3e039-c747-47fd-b24a-97226bd72433 {"type": "usd", "usd": 0.007117503722508748}
2026-09-30 06:16:00 /background-jobs/8baf6562-4d47-4dda-844d-a6591db51ab0 {"type": "usd", "usd": 0.006282381852467855}
2026-09-30 06:16:02 /background-jobs/cf2fae45-25a6-4ee1-9128-59e7e8a9d1b2 {"type": "usd", "usd": 0.005909332381354438}
2026-09-30 06:16:04 /background-jobs/a58e4513-09ae-4719-ab04-531d2bd15b92 {"type": "usd", "usd": 0.007144347111384074}
2026-09-30 06:16:05 /background-jobs/aa611a10-68bd-46bf-9edd-6ac304f85ff1 {"type": "generations", "generations": 4.0}
2026-09-30 06:16:05 /background-jobs/5ad26c4b-b857-48c6-a573-8a6f089a6591 {"type": "usd", "usd": 0.006452305740780301}
2026-09-30 06:16:05 /background-jobs/14d3e039-c747-47fd-b24a-97226bd72433 {"type": "usd", "usd": 0.007117503722508748}
2026-09-30 06:16:05 /background-jobs/8baf6562-4d47-4dda-844d-a6591db51ab0 {"type": "usd", "usd": 0.006282381852467855}
2026-09-30 06:16:07 /background-jobs/cf2fae45-25a6-4ee1-9128-59e7e8a9d1b2 {"type": "generations", "generations": 4.0}
2026-09-30 06:16:10 /background-jobs/a58e4513-09ae-4719-ab04-531d2bd15b92 {"type": "usd", "usd": 0.007144347111384074}
2026-09-30 06:16:11 /background-jobs/aa611a10-68bd-46bf-9edd-6ac304f85ff1 {"type": "generations", "generations": 4.0}
2026-09-30 06:16:11 /background-jobs/5ad26c4b-b857-48c6-a573-8a6f089a6591 {"type": "usd", "usd": 0.006452305740780301}
2026-09-30 06:16:11 /background-jobs/14d3e039-c747-47fd-b24a-97226bd72433 {"type": "usd", "usd": 0.007117503722508748}
2026-09-30 06:16:11 /background-jobs/8baf6562-4d47-4dda-844d-a6591db51ab0 {"type": "usd", "usd": 0.006829771783616808}
2026-09-30 06:16:13 /background-jobs/cf2fae45-25a6-4ee1-9128-59e7e8a9d1b2 {"type": "generations", "generations": 4.0}
2026-09-30 06:16:16 /background-jobs/a58e4513-09ae-4719-ab04-531d2bd15b92 {"type": "usd", "usd": 0.007144347111384074}
2026-09-30 06:16:16 /background-jobs/aa611a10-68bd-46bf-9edd-6ac304f85ff1 {"type": "generations", "generations": 4.0}
2026-09-30 06:16:16 /background-jobs/5ad26c4b-b857-48c6-a573-8a6f089a6591 {"type": "usd", "usd": 0.006452305740780301}
2026-09-30 06:16:17 /background-jobs/14d3e039-c747-47fd-b24a-97226bd72433 {"type": "usd", "usd": 0.007117503722508748}
2026-09-30 06:16:17 /background-jobs/8baf6562-4d47-4dda-844d-a6591db51ab0 {"type": "usd", "usd": 0.006829771783616808}
2026-09-30 06:16:19 /background-jobs/cf2fae45-25a6-4ee1-9128-59e7e8a9d1b2 {"type": "generations", "generations": 4.0}
2026-09-30 06:16:20 /background-jobs/14c57b29-10d6-4516-b00b-e2f54f10b0a2 {"type": "usd", "usd": 0.0}
2026-09-30 06:16:21 /background-jobs/a58e4513-09ae-4719-ab04-531d2bd15b92 {"type": "usd", "usd": 0.007144347111384074}
2026-09-30 06:16:22 /background-jobs/14d3e039-c747-47fd-b24a-97226bd72433 {"type": "usd", "usd": 0.007117503722508748}
2026-09-30 06:16:22 /background-jobs/4090f043-9c44-4582-8ed1-43db538e0ec6 {"type": "usd", "usd": 0.0}
2026-09-30 06:16:22 /background-jobs/5ad26c4b-b857-48c6-a573-8a6f089a6591 {"type": "generations", "generations": 4.0}
2026-09-30 06:16:22 /background-jobs/8baf6562-4d47-4dda-844d-a6591db51ab0 {"type": "usd", "usd": 0.006829771783616808}
2026-09-30 06:16:26 /background-jobs/14c57b29-10d6-4516-b00b-e2f54f10b0a2 {"type": "usd", "usd": 0.0}
2026-09-30 06:16:27 /background-jobs/a58e4513-09ae-4719-ab04-531d2bd15b92 {"type": "generations", "generations": 4.0}
2026-09-30 06:16:28 /background-jobs/14d3e039-c747-47fd-b24a-97226bd72433 {"type": "usd", "usd": 0.007117503722508748}
2026-09-30 06:16:28 /background-jobs/4090f043-9c44-4582-8ed1-43db538e0ec6 {"type": "usd", "usd": 0.0}
2026-09-30 06:16:28 /background-jobs/8baf6562-4d47-4dda-844d-a6591db51ab0 {"type": "usd", "usd": 0.006829771783616808}
2026-09-30 06:16:28 /background-jobs/5ad26c4b-b857-48c6-a573-8a6f089a6591 {"type": "generations", "generations": 4.0}
2026-09-30 06:16:32 /background-jobs/14c57b29-10d6-4516-b00b-e2f54f10b0a2 {"type": "usd", "usd": 0.0}
2026-09-30 06:16:33 /background-jobs/a58e4513-09ae-4719-ab04-531d2bd15b92 {"type": "generations", "generations": 4.0}
2026-09-30 06:16:34 /background-jobs/8baf6562-4d47-4dda-844d-a6591db51ab0 {"type": "usd", "usd": 0.006829771783616808}
2026-09-30 06:16:34 /background-jobs/4090f043-9c44-4582-8ed1-43db538e0ec6 {"type": "usd", "usd": 0.0}
2026-09-30 06:16:34 /background-jobs/14d3e039-c747-47fd-b24a-97226bd72433 {"type": "generations", "generations": 4.0}
2026-09-30 06:16:35 /background-jobs/5ad26c4b-b857-48c6-a573-8a6f089a6591 {"type": "generations", "generations": 4.0}
2026-09-30 06:16:37 /background-jobs/14c57b29-10d6-4516-b00b-e2f54f10b0a2 {"type": "usd", "usd": 0.0}
2026-09-30 06:16:39 /background-jobs/040ed7a8-6fef-40c8-b9cc-0b67fde3c724 {"type": "usd", "usd": 0.0}
2026-09-30 06:16:39 /background-jobs/a58e4513-09ae-4719-ab04-531d2bd15b92 {"type": "generations", "generations": 4.0}
2026-09-30 06:16:39 /background-jobs/8baf6562-4d47-4dda-844d-a6591db51ab0 {"type": "usd", "usd": 0.006829771783616808}
2026-09-30 06:16:40 /background-jobs/4090f043-9c44-4582-8ed1-43db538e0ec6 {"type": "usd", "usd": 0.0}
2026-09-30 06:16:40 /background-jobs/14d3e039-c747-47fd-b24a-97226bd72433 {"type": "generations", "generations": 4.0}
2026-09-30 06:16:43 /background-jobs/14c57b29-10d6-4516-b00b-e2f54f10b0a2 {"type": "usd", "usd": 0.0}
2026-09-30 06:16:44 /background-jobs/795e28ad-699e-4025-8969-e6e3098a30c0 {"type": "usd", "usd": 0.0}
2026-09-30 06:16:44 /background-jobs/040ed7a8-6fef-40c8-b9cc-0b67fde3c724 {"type": "usd", "usd": 0.0}
2026-09-30 06:16:45 /background-jobs/a58e4513-09ae-4719-ab04-531d2bd15b92 {"type": "generations", "generations": 4.0}
2026-09-30 06:16:45 /background-jobs/8baf6562-4d47-4dda-844d-a6591db51ab0 {"type": "generations", "generations": 4.0}
2026-09-30 06:16:45 /background-jobs/4090f043-9c44-4582-8ed1-43db538e0ec6 {"type": "usd", "usd": 0.0}
2026-09-30 06:16:48 /background-jobs/b5ca8a3e-feab-4f7f-827c-33ba90a37519 {"type": "usd", "usd": 0.0}
2026-09-30 06:16:49 /background-jobs/14c57b29-10d6-4516-b00b-e2f54f10b0a2 {"type": "usd", "usd": 0.005951062149471707}
2026-09-30 06:16:49 /background-jobs/795e28ad-699e-4025-8969-e6e3098a30c0 {"type": "usd", "usd": 0.0}
2026-09-30 06:16:50 /background-jobs/040ed7a8-6fef-40c8-b9cc-0b67fde3c724 {"type": "usd", "usd": 0.0}
2026-09-30 06:16:51 /background-jobs/8baf6562-4d47-4dda-844d-a6591db51ab0 {"type": "generations", "generations": 4.0}
2026-09-30 06:16:51 /background-jobs/4090f043-9c44-4582-8ed1-43db538e0ec6 {"type": "usd", "usd": 0.0}
2026-09-30 06:16:54 /background-jobs/b5ca8a3e-feab-4f7f-827c-33ba90a37519 {"type": "usd", "usd": 0.0}
2026-09-30 06:16:54 /background-jobs/14c57b29-10d6-4516-b00b-e2f54f10b0a2 {"type": "usd", "usd": 0.005951062149471707}
2026-09-30 06:16:55 /background-jobs/795e28ad-699e-4025-8969-e6e3098a30c0 {"type": "usd", "usd": 0.0}
2026-09-30 06:16:56 /background-jobs/040ed7a8-6fef-40c8-b9cc-0b67fde3c724 {"type": "usd", "usd": 0.006104046530193753}
2026-09-30 06:16:56 /background-jobs/4090f043-9c44-4582-8ed1-43db538e0ec6 {"type": "usd", "usd": 0.0}
2026-09-30 06:16:57 /background-jobs/8baf6562-4d47-4dda-844d-a6591db51ab0 {"type": "generations", "generations": 4.0}
2026-09-30 06:17:00 /background-jobs/b5ca8a3e-feab-4f7f-827c-33ba90a37519 {"type": "usd", "usd": 0.0}
2026-09-30 06:17:00 /background-jobs/14c57b29-10d6-4516-b00b-e2f54f10b0a2 {"type": "usd", "usd": 0.005951062149471707}
2026-09-30 06:17:00 /background-jobs/795e28ad-699e-4025-8969-e6e3098a30c0 {"type": "usd", "usd": 0.0}
2026-09-30 06:17:01 /background-jobs/040ed7a8-6fef-40c8-b9cc-0b67fde3c724 {"type": "usd", "usd": 0.006104046530193753}
2026-09-30 06:17:01 /background-jobs/66023c81-819a-4f13-9993-d24f8dac762e {"type": "usd", "usd": 0.0}
2026-09-30 06:17:02 /background-jobs/4090f043-9c44-4582-8ed1-43db538e0ec6 {"type": "usd", "usd": 0.0}
2026-09-30 06:17:06 /background-jobs/14c57b29-10d6-4516-b00b-e2f54f10b0a2 {"type": "usd", "usd": 0.005951062149471707}
2026-09-30 06:17:06 /background-jobs/795e28ad-699e-4025-8969-e6e3098a30c0 {"type": "usd", "usd": 0.00649883672926161}
2026-09-30 06:17:07 /background-jobs/b5ca8a3e-feab-4f7f-827c-33ba90a37519 {"type": "usd", "usd": 0.0}
2026-09-30 06:17:07 /background-jobs/66023c81-819a-4f13-9993-d24f8dac762e {"type": "usd", "usd": 0.0}
2026-09-30 06:17:07 /background-jobs/040ed7a8-6fef-40c8-b9cc-0b67fde3c724 {"type": "usd", "usd": 0.006104046530193753}
2026-09-30 06:17:08 /background-jobs/4090f043-9c44-4582-8ed1-43db538e0ec6 {"type": "usd", "usd": 0.0}
2026-09-30 06:17:11 /background-jobs/14c57b29-10d6-4516-b00b-e2f54f10b0a2 {"type": "usd", "usd": 0.005951062149471707}
2026-09-30 06:17:12 /background-jobs/795e28ad-699e-4025-8969-e6e3098a30c0 {"type": "usd", "usd": 0.00649883672926161}
2026-09-30 06:17:12 /background-jobs/b5ca8a3e-feab-4f7f-827c-33ba90a37519 {"type": "usd", "usd": 0.0}
2026-09-30 06:17:13 /background-jobs/66023c81-819a-4f13-9993-d24f8dac762e {"type": "usd", "usd": 0.0}
2026-09-30 06:17:13 /background-jobs/040ed7a8-6fef-40c8-b9cc-0b67fde3c724 {"type": "usd", "usd": 0.006104046530193753}
2026-09-30 06:17:14 /background-jobs/4090f043-9c44-4582-8ed1-43db538e0ec6 {"type": "usd", "usd": 0.0}
2026-09-30 06:17:17 /background-jobs/14c57b29-10d6-4516-b00b-e2f54f10b0a2 {"type": "usd", "usd": 0.006394590828153822}
2026-09-30 06:17:17 /background-jobs/795e28ad-699e-4025-8969-e6e3098a30c0 {"type": "usd", "usd": 0.00649883672926161}
2026-09-30 06:17:18 /background-jobs/b5ca8a3e-feab-4f7f-827c-33ba90a37519 {"type": "usd", "usd": 0.0}
2026-09-30 06:17:18 /background-jobs/66023c81-819a-4f13-9993-d24f8dac762e {"type": "usd", "usd": 0.005933835850821601}
2026-09-30 06:17:18 /background-jobs/040ed7a8-6fef-40c8-b9cc-0b67fde3c724 {"type": "usd", "usd": 0.006179564661449857}
2026-09-30 06:17:19 /background-jobs/4090f043-9c44-4582-8ed1-43db538e0ec6 {"type": "usd", "usd": 0.0}
2026-09-30 06:17:23 /background-jobs/14c57b29-10d6-4516-b00b-e2f54f10b0a2 {"type": "usd", "usd": 0.006394590828153822}
2026-09-30 06:17:23 /background-jobs/795e28ad-699e-4025-8969-e6e3098a30c0 {"type": "usd", "usd": 0.005890147341622247}
2026-09-30 06:17:24 /background-jobs/b5ca8a3e-feab-4f7f-827c-33ba90a37519 {"type": "usd", "usd": 0.008349124060736762}
2026-09-30 06:17:24 /background-jobs/66023c81-819a-4f13-9993-d24f8dac762e {"type": "usd", "usd": 0.005933835850821601}
2026-09-30 06:17:24 /background-jobs/040ed7a8-6fef-40c8-b9cc-0b67fde3c724 {"type": "usd", "usd": 0.006179564661449857}
2026-09-30 06:17:25 /background-jobs/4090f043-9c44-4582-8ed1-43db538e0ec6 {"type": "usd", "usd": 0.006504523992538452}
2026-09-30 06:17:28 /background-jobs/14c57b29-10d6-4516-b00b-e2f54f10b0a2 {"type": "usd", "usd": 0.005849145995246039}
2026-09-30 06:17:29 /background-jobs/795e28ad-699e-4025-8969-e6e3098a30c0 {"type": "usd", "usd": 0.005798245562447442}
2026-09-30 06:17:29 /background-jobs/b5ca8a3e-feab-4f7f-827c-33ba90a37519 {"type": "usd", "usd": 0.008349124060736762}
2026-09-30 06:17:30 /background-jobs/040ed7a8-6fef-40c8-b9cc-0b67fde3c724 {"type": "usd", "usd": 0.006179564661449857}
2026-09-30 06:17:30 /background-jobs/66023c81-819a-4f13-9993-d24f8dac762e {"type": "usd", "usd": 0.005824929714202881}
2026-09-30 06:17:31 /background-jobs/4090f043-9c44-4582-8ed1-43db538e0ec6 {"type": "usd", "usd": 0.006504523992538452}
2026-09-30 06:17:34 /background-jobs/14c57b29-10d6-4516-b00b-e2f54f10b0a2 {"type": "usd", "usd": 0.005849145995246039}
2026-09-30 06:17:35 /background-jobs/795e28ad-699e-4025-8969-e6e3098a30c0 {"type": "usd", "usd": 0.005798245562447442}
2026-09-30 06:17:35 /background-jobs/b5ca8a3e-feab-4f7f-827c-33ba90a37519 {"type": "usd", "usd": 0.008349124060736762}
2026-09-30 06:17:35 /background-jobs/040ed7a8-6fef-40c8-b9cc-0b67fde3c724 {"type": "usd", "usd": 0.006179564661449857}
2026-09-30 06:17:35 /background-jobs/66023c81-819a-4f13-9993-d24f8dac762e {"type": "usd", "usd": 0.005824929714202881}
2026-09-30 06:17:36 /background-jobs/4090f043-9c44-4582-8ed1-43db538e0ec6 {"type": "usd", "usd": 0.006504523992538452}
2026-09-30 06:17:39 /background-jobs/14c57b29-10d6-4516-b00b-e2f54f10b0a2 {"type": "usd", "usd": 0.005849145995246039}
2026-09-30 06:17:40 /background-jobs/795e28ad-699e-4025-8969-e6e3098a30c0 {"type": "usd", "usd": 0.005798245562447442}
2026-09-30 06:17:41 /background-jobs/b5ca8a3e-feab-4f7f-827c-33ba90a37519 {"type": "usd", "usd": 0.005975594441095988}
2026-09-30 06:17:41 /background-jobs/040ed7a8-6fef-40c8-b9cc-0b67fde3c724 {"type": "usd", "usd": 0.006179564661449857}
2026-09-30 06:17:41 /background-jobs/66023c81-819a-4f13-9993-d24f8dac762e {"type": "usd", "usd": 0.005824929714202881}
2026-09-30 06:17:43 /background-jobs/4090f043-9c44-4582-8ed1-43db538e0ec6 {"type": "usd", "usd": 0.006504523992538452}
2026-09-30 06:17:43 /background-jobs/3a2390bb-311a-43d3-8ad7-ec409e8f392c {"type": "usd", "usd": 0.0}
2026-09-30 06:17:45 /background-jobs/14c57b29-10d6-4516-b00b-e2f54f10b0a2 {"type": "usd", "usd": 0.005849145995246039}
2026-09-30 06:17:46 /background-jobs/795e28ad-699e-4025-8969-e6e3098a30c0 {"type": "usd", "usd": 0.005798245562447442}
2026-09-30 06:17:46 /background-jobs/b5ca8a3e-feab-4f7f-827c-33ba90a37519 {"type": "usd", "usd": 0.005975594441095988}
2026-09-30 06:17:47 /background-jobs/66023c81-819a-4f13-9993-d24f8dac762e {"type": "usd", "usd": 0.005721284972296821}
2026-09-30 06:17:47 /background-jobs/040ed7a8-6fef-40c8-b9cc-0b67fde3c724 {"type": "usd", "usd": 0.0070548290146721735}
2026-09-30 06:17:49 /background-jobs/3a2390bb-311a-43d3-8ad7-ec409e8f392c {"type": "usd", "usd": 0.0}
2026-09-30 06:17:49 /background-jobs/4090f043-9c44-4582-8ed1-43db538e0ec6 {"type": "usd", "usd": 0.006504523992538452}
2026-09-30 06:17:51 /background-jobs/14c57b29-10d6-4516-b00b-e2f54f10b0a2 {"type": "usd", "usd": 0.005849145995246039}
2026-09-30 06:17:52 /background-jobs/795e28ad-699e-4025-8969-e6e3098a30c0 {"type": "usd", "usd": 0.005798245562447442}
2026-09-30 06:17:52 /background-jobs/b5ca8a3e-feab-4f7f-827c-33ba90a37519 {"type": "usd", "usd": 0.005975594441095988}
2026-09-30 06:17:52 /background-jobs/66023c81-819a-4f13-9993-d24f8dac762e {"type": "usd", "usd": 0.005721284972296821}
2026-09-30 06:17:52 /background-jobs/040ed7a8-6fef-40c8-b9cc-0b67fde3c724 {"type": "usd", "usd": 0.0070548290146721735}
2026-09-30 06:17:55 /background-jobs/3a2390bb-311a-43d3-8ad7-ec409e8f392c {"type": "usd", "usd": 0.0}
2026-09-30 06:17:55 /background-jobs/4090f043-9c44-4582-8ed1-43db538e0ec6 {"type": "usd", "usd": 0.006504523992538452}
2026-09-30 06:17:56 /background-jobs/14c57b29-10d6-4516-b00b-e2f54f10b0a2 {"type": "usd", "usd": 0.005849145995246039}
2026-09-30 06:17:57 /background-jobs/795e28ad-699e-4025-8969-e6e3098a30c0 {"type": "usd", "usd": 0.005798245562447442}
2026-09-30 06:17:58 /background-jobs/b5ca8a3e-feab-4f7f-827c-33ba90a37519 {"type": "usd", "usd": 0.006139323181576199}
2026-09-30 06:17:58 /background-jobs/66023c81-819a-4f13-9993-d24f8dac762e {"type": "usd", "usd": 0.005721284972296821}
2026-09-30 06:17:58 /background-jobs/040ed7a8-6fef-40c8-b9cc-0b67fde3c724 {"type": "usd", "usd": 0.0070548290146721735}
2026-09-30 06:18:00 /background-jobs/3a2390bb-311a-43d3-8ad7-ec409e8f392c {"type": "usd", "usd": 0.0}
2026-09-30 06:18:00 /background-jobs/4090f043-9c44-4582-8ed1-43db538e0ec6 {"type": "usd", "usd": 0.006504523992538452}
2026-09-30 06:18:02 /background-jobs/14c57b29-10d6-4516-b00b-e2f54f10b0a2 {"type": "usd", "usd": 0.005849145995246039}
2026-09-30 06:18:03 /background-jobs/795e28ad-699e-4025-8969-e6e3098a30c0 {"type": "generations", "generations": 4.0}
2026-09-30 06:18:03 /background-jobs/b5ca8a3e-feab-4f7f-827c-33ba90a37519 {"type": "usd", "usd": 0.006139323181576199}
2026-09-30 06:18:04 /background-jobs/040ed7a8-6fef-40c8-b9cc-0b67fde3c724 {"type": "usd", "usd": 0.0070548290146721735}
2026-09-30 06:18:04 /background-jobs/66023c81-819a-4f13-9993-d24f8dac762e {"type": "usd", "usd": 0.005721284972296821}
2026-09-30 06:18:06 /background-jobs/3a2390bb-311a-43d3-8ad7-ec409e8f392c {"type": "usd", "usd": 0.0}
2026-09-30 06:18:06 /background-jobs/4090f043-9c44-4582-8ed1-43db538e0ec6 {"type": "usd", "usd": 0.006504523992538452}
2026-09-30 06:18:08 /background-jobs/14c57b29-10d6-4516-b00b-e2f54f10b0a2 {"type": "generations", "generations": 4.0}
2026-09-30 06:18:09 /background-jobs/795e28ad-699e-4025-8969-e6e3098a30c0 {"type": "generations", "generations": 4.0}
2026-09-30 06:18:09 /background-jobs/b5ca8a3e-feab-4f7f-827c-33ba90a37519 {"type": "usd", "usd": 0.006139323181576199}
2026-09-30 06:18:09 /background-jobs/66023c81-819a-4f13-9993-d24f8dac762e {"type": "usd", "usd": 0.005721284972296821}
2026-09-30 06:18:09 /background-jobs/040ed7a8-6fef-40c8-b9cc-0b67fde3c724 {"type": "generations", "generations": 4.0}
2026-09-30 06:18:12 /background-jobs/4090f043-9c44-4582-8ed1-43db538e0ec6 {"type": "usd", "usd": 0.006504523992538452}
2026-09-30 06:18:12 /background-jobs/3a2390bb-311a-43d3-8ad7-ec409e8f392c {"type": "usd", "usd": 0.007220849964353774}
2026-09-30 06:18:13 /background-jobs/14c57b29-10d6-4516-b00b-e2f54f10b0a2 {"type": "generations", "generations": 4.0}
2026-09-30 06:18:14 /background-jobs/795e28ad-699e-4025-8969-e6e3098a30c0 {"type": "generations", "generations": 4.0}
2026-09-30 06:18:14 /background-jobs/b5ca8a3e-feab-4f7f-827c-33ba90a37519 {"type": "usd", "usd": 0.006139323181576199}
2026-09-30 06:18:15 /background-jobs/66023c81-819a-4f13-9993-d24f8dac762e {"type": "generations", "generations": 4.0}
2026-09-30 06:18:15 /background-jobs/040ed7a8-6fef-40c8-b9cc-0b67fde3c724 {"type": "generations", "generations": 4.0}
2026-09-30 06:18:17 /background-jobs/4090f043-9c44-4582-8ed1-43db538e0ec6 {"type": "usd", "usd": 0.006504523992538452}
2026-09-30 06:18:18 /background-jobs/3a2390bb-311a-43d3-8ad7-ec409e8f392c {"type": "usd", "usd": 0.007220849964353774}
2026-09-30 06:18:20 /background-jobs/b5ca8a3e-feab-4f7f-827c-33ba90a37519 {"type": "usd", "usd": 0.006139323181576199}
2026-09-30 06:18:21 /background-jobs/66023c81-819a-4f13-9993-d24f8dac762e {"type": "generations", "generations": 4.0}
2026-09-30 06:18:21 /background-jobs/040ed7a8-6fef-40c8-b9cc-0b67fde3c724 {"type": "generations", "generations": 4.0}
2026-09-30 06:18:23 /background-jobs/4090f043-9c44-4582-8ed1-43db538e0ec6 {"type": "usd", "usd": 0.01053706102901035}
2026-09-30 06:18:23 /background-jobs/3a2390bb-311a-43d3-8ad7-ec409e8f392c {"type": "usd", "usd": 0.007220849964353774}
2026-09-30 06:18:26 /background-jobs/b5ca8a3e-feab-4f7f-827c-33ba90a37519 {"type": "generations", "generations": 4.0}
2026-09-30 06:18:26 /background-jobs/66023c81-819a-4f13-9993-d24f8dac762e {"type": "generations", "generations": 4.0}
2026-09-30 06:18:29 /background-jobs/4090f043-9c44-4582-8ed1-43db538e0ec6 {"type": "usd", "usd": 0.01053706102901035}
2026-09-30 06:18:29 /background-jobs/3a2390bb-311a-43d3-8ad7-ec409e8f392c {"type": "usd", "usd": 0.006407467603683472}
2026-09-30 06:18:31 /background-jobs/b5ca8a3e-feab-4f7f-827c-33ba90a37519 {"type": "generations", "generations": 4.0}
2026-09-30 06:18:34 /background-jobs/4090f043-9c44-4582-8ed1-43db538e0ec6 {"type": "usd", "usd": 0.01053706102901035}
2026-09-30 06:18:34 /background-jobs/3a2390bb-311a-43d3-8ad7-ec409e8f392c {"type": "usd", "usd": 0.006407467603683472}
2026-09-30 06:18:40 /background-jobs/4090f043-9c44-4582-8ed1-43db538e0ec6 {"type": "usd", "usd": 0.01053706102901035}
2026-09-30 06:18:40 /background-jobs/3a2390bb-311a-43d3-8ad7-ec409e8f392c {"type": "usd", "usd": 0.006407467603683472}
2026-09-30 06:18:46 /background-jobs/4090f043-9c44-4582-8ed1-43db538e0ec6 {"type": "usd", "usd": 0.01053706102901035}
2026-09-30 06:18:46 /background-jobs/3a2390bb-311a-43d3-8ad7-ec409e8f392c {"type": "usd", "usd": 0.006087473630905151}
2026-09-30 06:18:51 /background-jobs/3a2390bb-311a-43d3-8ad7-ec409e8f392c {"type": "usd", "usd": 0.006087473630905151}
2026-09-30 06:18:51 /background-jobs/4090f043-9c44-4582-8ed1-43db538e0ec6 {"type": "usd", "usd": 0.01053706102901035}
2026-09-30 06:18:57 /background-jobs/3a2390bb-311a-43d3-8ad7-ec409e8f392c {"type": "usd", "usd": 0.006087473630905151}
2026-09-30 06:18:57 /background-jobs/4090f043-9c44-4582-8ed1-43db538e0ec6 {"type": "usd", "usd": 0.007773276223076714}
2026-09-30 06:19:03 /background-jobs/3a2390bb-311a-43d3-8ad7-ec409e8f392c {"type": "usd", "usd": 0.006087473630905151}
2026-09-30 06:19:03 /background-jobs/4090f043-9c44-4582-8ed1-43db538e0ec6 {"type": "usd", "usd": 0.007773276223076714}
2026-09-30 06:19:08 /background-jobs/3a2390bb-311a-43d3-8ad7-ec409e8f392c {"type": "usd", "usd": 0.006087473630905151}
2026-09-30 06:19:08 /background-jobs/4090f043-9c44-4582-8ed1-43db538e0ec6 {"type": "usd", "usd": 0.007773276223076714}
2026-09-30 06:19:14 /background-jobs/3a2390bb-311a-43d3-8ad7-ec409e8f392c {"type": "usd", "usd": 0.006087473630905151}
2026-09-30 06:19:14 /background-jobs/4090f043-9c44-4582-8ed1-43db538e0ec6 {"type": "usd", "usd": 0.007773276223076714}
2026-09-30 06:19:20 /background-jobs/3a2390bb-311a-43d3-8ad7-ec409e8f392c {"type": "usd", "usd": 0.006087473630905151}
2026-09-30 06:19:20 /background-jobs/4090f043-9c44-4582-8ed1-43db538e0ec6 {"type": "usd", "usd": 0.007773276223076714}
2026-09-30 06:19:25 /background-jobs/3a2390bb-311a-43d3-8ad7-ec409e8f392c {"type": "usd", "usd": 0.006087473630905151}
2026-09-30 06:19:25 /background-jobs/4090f043-9c44-4582-8ed1-43db538e0ec6 {"type": "generations", "generations": 4.0}
2026-09-30 06:19:31 /background-jobs/4090f043-9c44-4582-8ed1-43db538e0ec6 {"type": "generations", "generations": 4.0}
2026-09-30 06:19:31 /background-jobs/3a2390bb-311a-43d3-8ad7-ec409e8f392c {"type": "generations", "generations": 4.0}
2026-09-30 06:19:37 /background-jobs/4090f043-9c44-4582-8ed1-43db538e0ec6 {"type": "generations", "generations": 4.0}
2026-09-30 06:19:37 /background-jobs/3a2390bb-311a-43d3-8ad7-ec409e8f392c {"type": "generations", "generations": 4.0}
2026-09-30 06:19:43 /background-jobs/3a2390bb-311a-43d3-8ad7-ec409e8f392c {"type": "generations", "generations": 4.0}
2026-09-30 06:21:18 /background-jobs/86be4203-aa97-47c0-9da1-caf87add65a7 {"type": "usd", "usd": 0.0}
2026-09-30 06:21:19 /background-jobs/b3b1252d-ab60-4cd9-ba31-962400ba96e2 {"type": "usd", "usd": 0.0}
2026-09-30 06:21:19 /background-jobs/8fae2784-ce7e-466e-9cf9-f09f1fbe5bed {"type": "usd", "usd": 0.0}
2026-09-30 06:21:19 /background-jobs/4887a1fd-b286-4a4f-b5f8-9f346f9c0b74 {"type": "usd", "usd": 0.0}
2026-09-30 06:21:24 /background-jobs/b3b1252d-ab60-4cd9-ba31-962400ba96e2 {"type": "usd", "usd": 0.0}
2026-09-30 06:21:24 /background-jobs/8fae2784-ce7e-466e-9cf9-f09f1fbe5bed {"type": "usd", "usd": 0.0}
2026-09-30 06:21:24 /background-jobs/4887a1fd-b286-4a4f-b5f8-9f346f9c0b74 {"type": "usd", "usd": 0.0}
2026-09-30 06:21:25 /background-jobs/86be4203-aa97-47c0-9da1-caf87add65a7 {"type": "usd", "usd": 0.0}
2026-09-30 06:21:30 /background-jobs/b3b1252d-ab60-4cd9-ba31-962400ba96e2 {"type": "usd", "usd": 0.0}
2026-09-30 06:21:30 /background-jobs/8fae2784-ce7e-466e-9cf9-f09f1fbe5bed {"type": "usd", "usd": 0.0}
2026-09-30 06:21:31 /background-jobs/4887a1fd-b286-4a4f-b5f8-9f346f9c0b74 {"type": "usd", "usd": 0.0}
2026-09-30 06:21:31 /background-jobs/86be4203-aa97-47c0-9da1-caf87add65a7 {"type": "usd", "usd": 0.0}
2026-09-30 06:21:36 /background-jobs/b3b1252d-ab60-4cd9-ba31-962400ba96e2 {"type": "usd", "usd": 0.006154303073883057}
2026-09-30 06:21:36 /background-jobs/8fae2784-ce7e-466e-9cf9-f09f1fbe5bed {"type": "usd", "usd": 0.006123867511749268}
2026-09-30 06:21:36 /background-jobs/4887a1fd-b286-4a4f-b5f8-9f346f9c0b74 {"type": "usd", "usd": 0.0}
2026-09-30 06:21:36 /background-jobs/86be4203-aa97-47c0-9da1-caf87add65a7 {"type": "usd", "usd": 0.0}
2026-09-30 06:21:41 /background-jobs/b3b1252d-ab60-4cd9-ba31-962400ba96e2 {"type": "usd", "usd": 0.006154303073883057}
2026-09-30 06:21:41 /background-jobs/8fae2784-ce7e-466e-9cf9-f09f1fbe5bed {"type": "usd", "usd": 0.006123867511749268}
2026-09-30 06:21:42 /background-jobs/86be4203-aa97-47c0-9da1-caf87add65a7 {"type": "usd", "usd": 0.006588691790898641}
2026-09-30 06:21:42 /background-jobs/4887a1fd-b286-4a4f-b5f8-9f346f9c0b74 {"type": "usd", "usd": 0.0}
2026-09-30 06:21:47 /background-jobs/8fae2784-ce7e-466e-9cf9-f09f1fbe5bed {"type": "usd", "usd": 0.006123867511749268}
2026-09-30 06:21:48 /background-jobs/86be4203-aa97-47c0-9da1-caf87add65a7 {"type": "usd", "usd": 0.006588691790898641}
2026-09-30 06:21:48 /background-jobs/b3b1252d-ab60-4cd9-ba31-962400ba96e2 {"type": "usd", "usd": 0.006275813235176934}
2026-09-30 06:21:48 /background-jobs/4887a1fd-b286-4a4f-b5f8-9f346f9c0b74 {"type": "usd", "usd": 0.00663679846127828}
2026-09-30 06:21:53 /background-jobs/8fae2784-ce7e-466e-9cf9-f09f1fbe5bed {"type": "usd", "usd": 0.006123867511749268}
2026-09-30 06:21:54 /background-jobs/86be4203-aa97-47c0-9da1-caf87add65a7 {"type": "usd", "usd": 0.005902862575319078}
2026-09-30 06:21:54 /background-jobs/b3b1252d-ab60-4cd9-ba31-962400ba96e2 {"type": "usd", "usd": 0.006275813235176934}
2026-09-30 06:21:54 /background-jobs/4887a1fd-b286-4a4f-b5f8-9f346f9c0b74 {"type": "usd", "usd": 0.00663679846127828}
2026-09-30 06:21:59 /background-jobs/8fae2784-ce7e-466e-9cf9-f09f1fbe5bed {"type": "usd", "usd": 0.006122292200724284}
2026-09-30 06:21:59 /background-jobs/b3b1252d-ab60-4cd9-ba31-962400ba96e2 {"type": "usd", "usd": 0.006275813235176934}
2026-09-30 06:21:59 /background-jobs/86be4203-aa97-47c0-9da1-caf87add65a7 {"type": "usd", "usd": 0.005902862575319078}
2026-09-30 06:21:59 /background-jobs/4887a1fd-b286-4a4f-b5f8-9f346f9c0b74 {"type": "usd", "usd": 0.005960529724756877}
2026-09-30 06:22:05 /background-jobs/8fae2784-ce7e-466e-9cf9-f09f1fbe5bed {"type": "usd", "usd": 0.006122292200724284}
2026-09-30 06:22:05 /background-jobs/86be4203-aa97-47c0-9da1-caf87add65a7 {"type": "usd", "usd": 0.0056827709674835206}
2026-09-30 06:22:05 /background-jobs/4887a1fd-b286-4a4f-b5f8-9f346f9c0b74 {"type": "usd", "usd": 0.005960529724756877}
2026-09-30 06:22:06 /background-jobs/b3b1252d-ab60-4cd9-ba31-962400ba96e2 {"type": "usd", "usd": 0.006275813235176934}
2026-09-30 06:22:10 /background-jobs/8fae2784-ce7e-466e-9cf9-f09f1fbe5bed {"type": "usd", "usd": 0.006122292200724284}
2026-09-30 06:22:11 /background-jobs/86be4203-aa97-47c0-9da1-caf87add65a7 {"type": "usd", "usd": 0.0056827709674835206}
2026-09-30 06:22:11 /background-jobs/4887a1fd-b286-4a4f-b5f8-9f346f9c0b74 {"type": "usd", "usd": 0.005960529724756877}
2026-09-30 06:22:12 /background-jobs/b3b1252d-ab60-4cd9-ba31-962400ba96e2 {"type": "usd", "usd": 0.006146274858050876}
2026-09-30 06:22:16 /background-jobs/8fae2784-ce7e-466e-9cf9-f09f1fbe5bed {"type": "usd", "usd": 0.006074982484181722}
2026-09-30 06:22:17 /background-jobs/4887a1fd-b286-4a4f-b5f8-9f346f9c0b74 {"type": "usd", "usd": 0.005960529724756877}
2026-09-30 06:22:17 /background-jobs/86be4203-aa97-47c0-9da1-caf87add65a7 {"type": "usd", "usd": 0.0056827709674835206}
2026-09-30 06:22:17 /background-jobs/b3b1252d-ab60-4cd9-ba31-962400ba96e2 {"type": "usd", "usd": 0.006146274858050876}
2026-09-30 06:22:21 /background-jobs/ca6ddf3b-45fe-46b5-b0c0-d8a90ab8aa72 {"type": "usd", "usd": 0.0}
2026-09-30 06:22:22 /background-jobs/8fae2784-ce7e-466e-9cf9-f09f1fbe5bed {"type": "usd", "usd": 0.006074982484181722}
2026-09-30 06:22:22 /background-jobs/4887a1fd-b286-4a4f-b5f8-9f346f9c0b74 {"type": "usd", "usd": 0.006351507239871555}
2026-09-30 06:22:23 /background-jobs/86be4203-aa97-47c0-9da1-caf87add65a7 {"type": "usd", "usd": 0.0056827709674835206}
2026-09-30 06:22:23 /background-jobs/b3b1252d-ab60-4cd9-ba31-962400ba96e2 {"type": "usd", "usd": 0.006146274858050876}
2026-09-30 06:22:27 /background-jobs/ca6ddf3b-45fe-46b5-b0c0-d8a90ab8aa72 {"type": "usd", "usd": 0.0}
2026-09-30 06:22:27 /background-jobs/8fae2784-ce7e-466e-9cf9-f09f1fbe5bed {"type": "usd", "usd": 0.006074982484181722}
2026-09-30 06:22:28 /background-jobs/4887a1fd-b286-4a4f-b5f8-9f346f9c0b74 {"type": "usd", "usd": 0.006351507239871555}
2026-09-30 06:22:28 /background-jobs/86be4203-aa97-47c0-9da1-caf87add65a7 {"type": "generations", "generations": 4.0}
2026-09-30 06:22:29 /background-jobs/b3b1252d-ab60-4cd9-ba31-962400ba96e2 {"type": "usd", "usd": 0.006146274858050876}
2026-09-30 06:22:32 /background-jobs/ca6ddf3b-45fe-46b5-b0c0-d8a90ab8aa72 {"type": "usd", "usd": 0.0}
2026-09-30 06:22:33 /background-jobs/8fae2784-ce7e-466e-9cf9-f09f1fbe5bed {"type": "usd", "usd": 0.006074982484181722}
2026-09-30 06:22:34 /background-jobs/4887a1fd-b286-4a4f-b5f8-9f346f9c0b74 {"type": "usd", "usd": 0.006351507239871555}
2026-09-30 06:22:34 /background-jobs/86be4203-aa97-47c0-9da1-caf87add65a7 {"type": "generations", "generations": 4.0}
2026-09-30 06:22:34 /background-jobs/b3b1252d-ab60-4cd9-ba31-962400ba96e2 {"type": "usd", "usd": 0.006146274858050876}
2026-09-30 06:22:38 /background-jobs/ca6ddf3b-45fe-46b5-b0c0-d8a90ab8aa72 {"type": "usd", "usd": 0.0}
2026-09-30 06:22:39 /background-jobs/8fae2784-ce7e-466e-9cf9-f09f1fbe5bed {"type": "usd", "usd": 0.006074982484181722}
2026-09-30 06:22:40 /background-jobs/86be4203-aa97-47c0-9da1-caf87add65a7 {"type": "generations", "generations": 4.0}
2026-09-30 06:22:40 /background-jobs/4887a1fd-b286-4a4f-b5f8-9f346f9c0b74 {"type": "usd", "usd": 0.006351507239871555}
2026-09-30 06:22:40 /background-jobs/b3b1252d-ab60-4cd9-ba31-962400ba96e2 {"type": "usd", "usd": 0.006146274858050876}
2026-09-30 06:22:44 /background-jobs/ca6ddf3b-45fe-46b5-b0c0-d8a90ab8aa72 {"type": "usd", "usd": 0.0}
2026-09-30 06:22:44 /background-jobs/8fae2784-ce7e-466e-9cf9-f09f1fbe5bed {"type": "usd", "usd": 0.006074982484181722}
2026-09-30 06:22:46 /background-jobs/4887a1fd-b286-4a4f-b5f8-9f346f9c0b74 {"type": "usd", "usd": 0.006351507239871555}
2026-09-30 06:22:46 /background-jobs/b3b1252d-ab60-4cd9-ba31-962400ba96e2 {"type": "usd", "usd": 0.006146274858050876}
2026-09-30 06:22:49 /background-jobs/ca6ddf3b-45fe-46b5-b0c0-d8a90ab8aa72 {"type": "generations", "generations": 1.0}
2026-09-30 06:22:50 /background-jobs/8fae2784-ce7e-466e-9cf9-f09f1fbe5bed {"type": "usd", "usd": 0.006074982484181722}
2026-09-30 06:22:51 /background-jobs/4887a1fd-b286-4a4f-b5f8-9f346f9c0b74 {"type": "usd", "usd": 0.006351507239871555}
2026-09-30 06:22:52 /background-jobs/b3b1252d-ab60-4cd9-ba31-962400ba96e2 {"type": "usd", "usd": 0.006146274858050876}
2026-09-30 06:22:55 /background-jobs/ca6ddf3b-45fe-46b5-b0c0-d8a90ab8aa72 {"type": "generations", "generations": 1.0}
2026-09-30 06:22:57 /background-jobs/8fae2784-ce7e-466e-9cf9-f09f1fbe5bed {"type": "usd", "usd": 0.006074982484181722}
2026-09-30 06:22:57 /background-jobs/4887a1fd-b286-4a4f-b5f8-9f346f9c0b74 {"type": "generations", "generations": 4.0}
2026-09-30 06:22:59 /background-jobs/b3b1252d-ab60-4cd9-ba31-962400ba96e2 {"type": "usd", "usd": 0.006146274858050876}
2026-09-30 06:23:02 /background-jobs/8fae2784-ce7e-466e-9cf9-f09f1fbe5bed {"type": "usd", "usd": 0.006074982484181722}
2026-09-30 06:23:03 /background-jobs/4887a1fd-b286-4a4f-b5f8-9f346f9c0b74 {"type": "generations", "generations": 4.0}
2026-09-30 06:23:04 /background-jobs/b3b1252d-ab60-4cd9-ba31-962400ba96e2 {"type": "generations", "generations": 4.0}
2026-09-30 06:23:08 /background-jobs/8fae2784-ce7e-466e-9cf9-f09f1fbe5bed {"type": "generations", "generations": 4.0}
2026-09-30 06:23:10 /background-jobs/b3b1252d-ab60-4cd9-ba31-962400ba96e2 {"type": "generations", "generations": 4.0}
2026-09-30 06:23:14 /background-jobs/8fae2784-ce7e-466e-9cf9-f09f1fbe5bed {"type": "generations", "generations": 4.0}
2026-09-30 06:23:17 /background-jobs/b3b1252d-ab60-4cd9-ba31-962400ba96e2 {"type": "generations", "generations": 4.0}
2026-09-30 06:23:20 /background-jobs/8fae2784-ce7e-466e-9cf9-f09f1fbe5bed {"type": "generations", "generations": 4.0}
2026-09-30 06:23:24 /background-jobs/7161eb3a-698f-4fcf-99a3-748395c4b4aa {"type": "usd", "usd": 0.0}
2026-09-30 06:23:30 /background-jobs/7161eb3a-698f-4fcf-99a3-748395c4b4aa {"type": "usd", "usd": 0.0}
2026-09-30 06:23:36 /background-jobs/7161eb3a-698f-4fcf-99a3-748395c4b4aa {"type": "usd", "usd": 0.0}
2026-09-30 06:23:41 /background-jobs/7161eb3a-698f-4fcf-99a3-748395c4b4aa {"type": "usd", "usd": 0.0}
2026-09-30 06:23:47 /background-jobs/7161eb3a-698f-4fcf-99a3-748395c4b4aa {"type": "usd", "usd": 0.0}
2026-09-30 06:23:53 /background-jobs/7161eb3a-698f-4fcf-99a3-748395c4b4aa {"type": "usd", "usd": 0.0}
2026-09-30 06:23:59 /background-jobs/7161eb3a-698f-4fcf-99a3-748395c4b4aa {"type": "usd", "usd": 0.0}
2026-09-30 06:24:05 /background-jobs/7161eb3a-698f-4fcf-99a3-748395c4b4aa {"type": "usd", "usd": 0.0}
2026-09-30 06:24:10 /background-jobs/7161eb3a-698f-4fcf-99a3-748395c4b4aa {"type": "generations", "generations": 1.0}
2026-09-30 06:24:16 /background-jobs/7161eb3a-698f-4fcf-99a3-748395c4b4aa {"type": "generations", "generations": 1.0}
2026-09-30 06:24:18 /background-jobs/7c554637-8b8e-4f7f-9f74-59f5aa20d8af {"type": "usd", "usd": 0.0}
2026-09-30 06:24:23 /background-jobs/7c554637-8b8e-4f7f-9f74-59f5aa20d8af {"type": "usd", "usd": 0.0}
2026-09-30 06:24:29 /background-jobs/7c554637-8b8e-4f7f-9f74-59f5aa20d8af {"type": "usd", "usd": 0.005688037342495389}
2026-09-30 06:24:35 /background-jobs/7c554637-8b8e-4f7f-9f74-59f5aa20d8af {"type": "usd", "usd": 0.005688037342495389}
2026-09-30 06:24:36 /background-jobs/ad5f63b2-310b-4d31-aea0-b11df4c697db {"type": "usd", "usd": 0.0}
2026-09-30 06:24:40 /background-jobs/7c554637-8b8e-4f7f-9f74-59f5aa20d8af {"type": "usd", "usd": 0.005688037342495389}
2026-09-30 06:24:42 /background-jobs/ad5f63b2-310b-4d31-aea0-b11df4c697db {"type": "usd", "usd": 0.0}
2026-09-30 06:24:46 /background-jobs/7c554637-8b8e-4f7f-9f74-59f5aa20d8af {"type": "usd", "usd": 0.005688037342495389}
2026-09-30 06:24:47 /background-jobs/ad5f63b2-310b-4d31-aea0-b11df4c697db {"type": "usd", "usd": 0.0}
2026-09-30 06:24:52 /background-jobs/7c554637-8b8e-4f7f-9f74-59f5aa20d8af {"type": "usd", "usd": 0.006510535001754761}
2026-09-30 06:24:54 /background-jobs/ad5f63b2-310b-4d31-aea0-b11df4c697db {"type": "usd", "usd": 0.0}
2026-09-30 06:24:57 /background-jobs/7c554637-8b8e-4f7f-9f74-59f5aa20d8af {"type": "usd", "usd": 0.006510535001754761}
2026-09-30 06:24:59 /background-jobs/ad5f63b2-310b-4d31-aea0-b11df4c697db {"type": "usd", "usd": 0.0}
2026-09-30 06:25:03 /background-jobs/7c554637-8b8e-4f7f-9f74-59f5aa20d8af {"type": "usd", "usd": 0.006510535001754761}
2026-09-30 06:25:05 /background-jobs/ad5f63b2-310b-4d31-aea0-b11df4c697db {"type": "usd", "usd": 0.0}
2026-09-30 06:25:09 /background-jobs/7c554637-8b8e-4f7f-9f74-59f5aa20d8af {"type": "usd", "usd": 0.006510535001754761}
2026-09-30 06:25:11 /background-jobs/ad5f63b2-310b-4d31-aea0-b11df4c697db {"type": "usd", "usd": 0.0}
2026-09-30 06:25:15 /background-jobs/7c554637-8b8e-4f7f-9f74-59f5aa20d8af {"type": "usd", "usd": 0.006510535001754761}
2026-09-30 06:25:16 /background-jobs/ad5f63b2-310b-4d31-aea0-b11df4c697db {"type": "usd", "usd": 0.0}
2026-09-30 06:25:21 /background-jobs/7c554637-8b8e-4f7f-9f74-59f5aa20d8af {"type": "usd", "usd": 0.007408992979261611}
2026-09-30 06:25:22 /background-jobs/ad5f63b2-310b-4d31-aea0-b11df4c697db {"type": "usd", "usd": 0.0}
2026-09-30 06:25:27 /background-jobs/7c554637-8b8e-4f7f-9f74-59f5aa20d8af {"type": "usd", "usd": 0.007408992979261611}
2026-09-30 06:25:28 /background-jobs/ad5f63b2-310b-4d31-aea0-b11df4c697db {"type": "usd", "usd": 0.0}
2026-09-30 06:25:33 /background-jobs/7c554637-8b8e-4f7f-9f74-59f5aa20d8af {"type": "usd", "usd": 0.007408992979261611}
2026-09-30 06:25:39 /background-jobs/7c554637-8b8e-4f7f-9f74-59f5aa20d8af {"type": "usd", "usd": 0.007408992979261611}
2026-09-30 06:25:42 /background-jobs/ad5f63b2-310b-4d31-aea0-b11df4c697db {"type": "usd", "usd": 0.0}
2026-09-30 06:25:45 /background-jobs/7c554637-8b8e-4f7f-9f74-59f5aa20d8af {"type": "usd", "usd": 0.007408992979261611}
2026-09-30 06:25:47 /background-jobs/ad5f63b2-310b-4d31-aea0-b11df4c697db {"type": "usd", "usd": 0.0}
2026-09-30 06:25:51 /background-jobs/7c554637-8b8e-4f7f-9f74-59f5aa20d8af {"type": "usd", "usd": 0.007408992979261611}
2026-09-30 06:25:53 /background-jobs/ad5f63b2-310b-4d31-aea0-b11df4c697db {"type": "usd", "usd": 0.0}
2026-09-30 06:25:57 /background-jobs/7c554637-8b8e-4f7f-9f74-59f5aa20d8af {"type": "usd", "usd": 0.007408992979261611}
2026-09-30 06:25:59 /background-jobs/ad5f63b2-310b-4d31-aea0-b11df4c697db {"type": "generations", "generations": 1.0}
2026-09-30 06:26:02 /background-jobs/7c554637-8b8e-4f7f-9f74-59f5aa20d8af {"type": "usd", "usd": 0.007408992979261611}
2026-09-30 06:26:04 /background-jobs/ad5f63b2-310b-4d31-aea0-b11df4c697db {"type": "generations", "generations": 1.0}
2026-09-30 06:26:05 /background-jobs/8ec0a26a-2bcb-4c75-ba48-2592092ef336 {"type": "usd", "usd": 0.0}
2026-09-30 06:26:08 /background-jobs/7c554637-8b8e-4f7f-9f74-59f5aa20d8af {"type": "usd", "usd": 0.007408992979261611}
2026-09-30 06:26:11 /background-jobs/8ec0a26a-2bcb-4c75-ba48-2592092ef336 {"type": "usd", "usd": 0.0}
2026-09-30 06:26:14 /background-jobs/7c554637-8b8e-4f7f-9f74-59f5aa20d8af {"type": "usd", "usd": 0.007408992979261611}
2026-09-30 06:26:16 /background-jobs/8ec0a26a-2bcb-4c75-ba48-2592092ef336 {"type": "usd", "usd": 0.0}
2026-09-30 06:26:20 /background-jobs/7c554637-8b8e-4f7f-9f74-59f5aa20d8af {"type": "usd", "usd": 0.007408992979261611}
2026-09-30 06:26:22 /background-jobs/8ec0a26a-2bcb-4c75-ba48-2592092ef336 {"type": "usd", "usd": 0.0}
2026-09-30 06:26:25 /background-jobs/7c554637-8b8e-4f7f-9f74-59f5aa20d8af {"type": "generations", "generations": 4.0}
2026-09-30 06:26:28 /background-jobs/8ec0a26a-2bcb-4c75-ba48-2592092ef336 {"type": "usd", "usd": 0.0}
2026-09-30 06:26:31 /background-jobs/7c554637-8b8e-4f7f-9f74-59f5aa20d8af {"type": "generations", "generations": 4.0}
2026-09-30 06:26:33 /background-jobs/8ec0a26a-2bcb-4c75-ba48-2592092ef336 {"type": "usd", "usd": 0.0}
2026-09-30 06:26:41 /background-jobs/8ec0a26a-2bcb-4c75-ba48-2592092ef336 {"type": "usd", "usd": 0.0}
2026-09-30 06:26:42 /background-jobs/7c554637-8b8e-4f7f-9f74-59f5aa20d8af {"type": "generations", "generations": 4.0}
2026-09-30 06:26:47 /background-jobs/8ec0a26a-2bcb-4c75-ba48-2592092ef336 {"type": "usd", "usd": 0.0}
2026-09-30 06:26:52 /background-jobs/8ec0a26a-2bcb-4c75-ba48-2592092ef336 {"type": "usd", "usd": 0.0}
2026-09-30 06:26:59 /background-jobs/8ec0a26a-2bcb-4c75-ba48-2592092ef336 {"type": "usd", "usd": 0.0}
2026-09-30 06:27:04 /background-jobs/8ec0a26a-2bcb-4c75-ba48-2592092ef336 {"type": "usd", "usd": 0.0}
2026-09-30 06:27:10 /background-jobs/8ec0a26a-2bcb-4c75-ba48-2592092ef336 {"type": "usd", "usd": 0.0}
2026-09-30 06:27:16 /background-jobs/8ec0a26a-2bcb-4c75-ba48-2592092ef336 {"type": "usd", "usd": 0.0}
2026-09-30 06:27:22 /background-jobs/8ec0a26a-2bcb-4c75-ba48-2592092ef336 {"type": "usd", "usd": 0.0}
2026-09-30 06:27:27 /background-jobs/8ec0a26a-2bcb-4c75-ba48-2592092ef336 {"type": "usd", "usd": 0.0}
2026-09-30 06:27:33 /background-jobs/8ec0a26a-2bcb-4c75-ba48-2592092ef336 {"type": "usd", "usd": 0.0}
2026-09-30 06:27:39 /background-jobs/8ec0a26a-2bcb-4c75-ba48-2592092ef336 {"type": "usd", "usd": 0.0}
2026-09-30 06:27:46 /background-jobs/8ec0a26a-2bcb-4c75-ba48-2592092ef336 {"type": "generations", "generations": 1.0}
2026-09-30 06:27:46 /background-jobs/1efb179b-a095-49b7-b136-f4f8d0fe30b2 {"type": "usd", "usd": 0.0}
2026-09-30 06:27:52 /background-jobs/1efb179b-a095-49b7-b136-f4f8d0fe30b2 {"type": "usd", "usd": 0.0}
2026-09-30 06:27:57 /create-image-bitforge {"type": "generations", "generations": 1.0}
2026-09-30 06:27:58 /background-jobs/1efb179b-a095-49b7-b136-f4f8d0fe30b2 {"type": "usd", "usd": 0.0}
2026-09-30 06:28:03 /background-jobs/1efb179b-a095-49b7-b136-f4f8d0fe30b2 {"type": "usd", "usd": 0.0}
2026-09-30 06:28:09 /background-jobs/1efb179b-a095-49b7-b136-f4f8d0fe30b2 {"type": "usd", "usd": 0.0}
2026-09-30 06:28:15 /background-jobs/1efb179b-a095-49b7-b136-f4f8d0fe30b2 {"type": "usd", "usd": 0.0}
2026-09-30 06:28:20 /background-jobs/1efb179b-a095-49b7-b136-f4f8d0fe30b2 {"type": "usd", "usd": 0.0}
2026-09-30 06:28:26 /background-jobs/1efb179b-a095-49b7-b136-f4f8d0fe30b2 {"type": "usd", "usd": 0.0}
2026-09-30 06:28:28 /create-image-bitforge {"type": "generations", "generations": 1.0}
2026-09-30 06:28:32 /background-jobs/1efb179b-a095-49b7-b136-f4f8d0fe30b2 {"type": "usd", "usd": 0.0}
2026-09-30 06:28:38 /background-jobs/1efb179b-a095-49b7-b136-f4f8d0fe30b2 {"type": "usd", "usd": 0.0}
2026-09-30 06:28:45 /background-jobs/1efb179b-a095-49b7-b136-f4f8d0fe30b2 {"type": "generations", "generations": 1.0}
2026-09-30 06:28:51 /background-jobs/1efb179b-a095-49b7-b136-f4f8d0fe30b2 {"type": "generations", "generations": 1.0}
2026-09-30 06:31:18 /background-jobs/7ce1db1a-420a-42fa-b6c3-ceb280e21add {"type": "usd", "usd": 0.0}
2026-09-30 06:31:18 /background-jobs/ed8836b0-87a4-4e0d-91aa-0b35d4fd4f1f {"type": "usd", "usd": 0.0}
2026-09-30 06:31:18 /background-jobs/6c8413b1-efff-45b8-b455-515b3ba6268e {"type": "usd", "usd": 0.0}
2026-09-30 06:31:18 /background-jobs/bc12c99c-a259-418c-abe0-13cb27cd5540 {"type": "usd", "usd": 0.0}
2026-09-30 06:31:18 /background-jobs/49ebdfb4-0a25-43d9-a34f-9e37980ef2ee {"type": "usd", "usd": 0.0}
2026-09-30 06:31:24 /background-jobs/7ce1db1a-420a-42fa-b6c3-ceb280e21add {"type": "usd", "usd": 0.0}
2026-09-30 06:31:24 /background-jobs/ed8836b0-87a4-4e0d-91aa-0b35d4fd4f1f {"type": "usd", "usd": 0.0}
2026-09-30 06:31:24 /background-jobs/6c8413b1-efff-45b8-b455-515b3ba6268e {"type": "usd", "usd": 0.0}
2026-09-30 06:31:24 /background-jobs/bc12c99c-a259-418c-abe0-13cb27cd5540 {"type": "usd", "usd": 0.0}
2026-09-30 06:31:24 /background-jobs/49ebdfb4-0a25-43d9-a34f-9e37980ef2ee {"type": "usd", "usd": 0.0}
2026-09-30 06:31:29 /background-jobs/ed8836b0-87a4-4e0d-91aa-0b35d4fd4f1f {"type": "usd", "usd": 0.0}
2026-09-30 06:31:29 /background-jobs/7ce1db1a-420a-42fa-b6c3-ceb280e21add {"type": "usd", "usd": 0.0}
2026-09-30 06:31:30 /background-jobs/6c8413b1-efff-45b8-b455-515b3ba6268e {"type": "usd", "usd": 0.0}
2026-09-30 06:31:30 /background-jobs/bc12c99c-a259-418c-abe0-13cb27cd5540 {"type": "usd", "usd": 0.0}
2026-09-30 06:31:30 /background-jobs/49ebdfb4-0a25-43d9-a34f-9e37980ef2ee {"type": "usd", "usd": 0.0}
2026-09-30 06:31:35 /background-jobs/ed8836b0-87a4-4e0d-91aa-0b35d4fd4f1f {"type": "usd", "usd": 0.0}
2026-09-30 06:31:36 /background-jobs/6c8413b1-efff-45b8-b455-515b3ba6268e {"type": "usd", "usd": 0.0}
2026-09-30 06:31:36 /background-jobs/bc12c99c-a259-418c-abe0-13cb27cd5540 {"type": "usd", "usd": 0.0}
2026-09-30 06:31:36 /background-jobs/49ebdfb4-0a25-43d9-a34f-9e37980ef2ee {"type": "usd", "usd": 0.0}
2026-09-30 06:31:38 /background-jobs/7ce1db1a-420a-42fa-b6c3-ceb280e21add {"type": "usd", "usd": 0.0}
2026-09-30 06:31:41 /background-jobs/ed8836b0-87a4-4e0d-91aa-0b35d4fd4f1f {"type": "usd", "usd": 0.0}
2026-09-30 06:31:41 /background-jobs/bc12c99c-a259-418c-abe0-13cb27cd5540 {"type": "usd", "usd": 0.0}
2026-09-30 06:31:41 /background-jobs/6c8413b1-efff-45b8-b455-515b3ba6268e {"type": "usd", "usd": 0.0}
2026-09-30 06:31:41 /background-jobs/49ebdfb4-0a25-43d9-a34f-9e37980ef2ee {"type": "usd", "usd": 0.0}
2026-09-30 06:31:44 /background-jobs/7ce1db1a-420a-42fa-b6c3-ceb280e21add {"type": "usd", "usd": 0.0}
2026-09-30 06:31:46 /background-jobs/ed8836b0-87a4-4e0d-91aa-0b35d4fd4f1f {"type": "usd", "usd": 0.0}
2026-09-30 06:31:47 /background-jobs/bc12c99c-a259-418c-abe0-13cb27cd5540 {"type": "usd", "usd": 0.0}
2026-09-30 06:31:47 /background-jobs/6c8413b1-efff-45b8-b455-515b3ba6268e {"type": "usd", "usd": 0.0}
2026-09-30 06:31:47 /background-jobs/49ebdfb4-0a25-43d9-a34f-9e37980ef2ee {"type": "usd", "usd": 0.0}
2026-09-30 06:31:50 /background-jobs/7ce1db1a-420a-42fa-b6c3-ceb280e21add {"type": "usd", "usd": 0.0}
2026-09-30 06:31:52 /background-jobs/ed8836b0-87a4-4e0d-91aa-0b35d4fd4f1f {"type": "generations", "generations": 1.0}
2026-09-30 06:31:52 /background-jobs/bc12c99c-a259-418c-abe0-13cb27cd5540 {"type": "usd", "usd": 0.0}
2026-09-30 06:31:53 /background-jobs/6c8413b1-efff-45b8-b455-515b3ba6268e {"type": "generations", "generations": 1.0}
2026-09-30 06:31:53 /background-jobs/49ebdfb4-0a25-43d9-a34f-9e37980ef2ee {"type": "usd", "usd": 0.0}
2026-09-30 06:31:55 /background-jobs/7ce1db1a-420a-42fa-b6c3-ceb280e21add {"type": "usd", "usd": 0.0}
2026-09-30 06:31:58 /background-jobs/ed8836b0-87a4-4e0d-91aa-0b35d4fd4f1f {"type": "generations", "generations": 1.0}
2026-09-30 06:31:58 /background-jobs/bc12c99c-a259-418c-abe0-13cb27cd5540 {"type": "usd", "usd": 0.0}
2026-09-30 06:31:58 /background-jobs/49ebdfb4-0a25-43d9-a34f-9e37980ef2ee {"type": "usd", "usd": 0.0}
2026-09-30 06:31:59 /background-jobs/a456356c-511e-4513-8b39-94914ffbc73c {"type": "usd", "usd": 0.0}
2026-09-30 06:32:01 /background-jobs/7ce1db1a-420a-42fa-b6c3-ceb280e21add {"type": "usd", "usd": 0.0}
2026-09-30 06:32:04 /background-jobs/bc12c99c-a259-418c-abe0-13cb27cd5540 {"type": "usd", "usd": 0.0}
2026-09-30 06:32:04 /background-jobs/c84332e6-9d72-471d-be4a-31b70d55f3ec {"type": "usd", "usd": 0.0}
2026-09-30 06:32:04 /background-jobs/49ebdfb4-0a25-43d9-a34f-9e37980ef2ee {"type": "usd", "usd": 0.0}
2026-09-30 06:32:04 /background-jobs/a456356c-511e-4513-8b39-94914ffbc73c {"type": "usd", "usd": 0.0}
2026-09-30 06:32:08 /background-jobs/7ce1db1a-420a-42fa-b6c3-ceb280e21add {"type": "usd", "usd": 0.0}
2026-09-30 06:32:09 /background-jobs/bc12c99c-a259-418c-abe0-13cb27cd5540 {"type": "usd", "usd": 0.0}
2026-09-30 06:32:09 /background-jobs/c84332e6-9d72-471d-be4a-31b70d55f3ec {"type": "usd", "usd": 0.0}
2026-09-30 06:32:10 /background-jobs/49ebdfb4-0a25-43d9-a34f-9e37980ef2ee {"type": "generations", "generations": 1.0}
2026-09-30 06:32:10 /background-jobs/a456356c-511e-4513-8b39-94914ffbc73c {"type": "usd", "usd": 0.0}
2026-09-30 06:32:14 /background-jobs/7ce1db1a-420a-42fa-b6c3-ceb280e21add {"type": "usd", "usd": 0.0}
2026-09-30 06:32:15 /background-jobs/bc12c99c-a259-418c-abe0-13cb27cd5540 {"type": "generations", "generations": 1.0}
2026-09-30 06:32:15 /background-jobs/c84332e6-9d72-471d-be4a-31b70d55f3ec {"type": "usd", "usd": 0.0}
2026-09-30 06:32:16 /background-jobs/a456356c-511e-4513-8b39-94914ffbc73c {"type": "usd", "usd": 0.0}
2026-09-30 06:32:19 /background-jobs/7ce1db1a-420a-42fa-b6c3-ceb280e21add {"type": "usd", "usd": 0.0}
2026-09-30 06:32:21 /background-jobs/bc12c99c-a259-418c-abe0-13cb27cd5540 {"type": "generations", "generations": 1.0}
2026-09-30 06:32:21 /background-jobs/c84332e6-9d72-471d-be4a-31b70d55f3ec {"type": "usd", "usd": 0.0}
2026-09-30 06:32:22 /background-jobs/a456356c-511e-4513-8b39-94914ffbc73c {"type": "usd", "usd": 0.0}
2026-09-30 06:32:25 /background-jobs/1d8dd305-012f-46df-8dde-ff0d22715469 {"type": "usd", "usd": 0.0}
2026-09-30 06:32:27 /background-jobs/c84332e6-9d72-471d-be4a-31b70d55f3ec {"type": "usd", "usd": 0.0}
2026-09-30 06:32:27 /background-jobs/a456356c-511e-4513-8b39-94914ffbc73c {"type": "usd", "usd": 0.0}
2026-09-30 06:32:28 /background-jobs/7ce1db1a-420a-42fa-b6c3-ceb280e21add {"type": "generations", "generations": 1.0}
2026-09-30 06:32:31 /background-jobs/1d8dd305-012f-46df-8dde-ff0d22715469 {"type": "usd", "usd": 0.0}
2026-09-30 06:32:32 /background-jobs/c84332e6-9d72-471d-be4a-31b70d55f3ec {"type": "usd", "usd": 0.0}
2026-09-30 06:32:33 /background-jobs/a456356c-511e-4513-8b39-94914ffbc73c {"type": "usd", "usd": 0.0}
2026-09-30 06:32:34 /background-jobs/409524a8-2c52-48dd-ae62-ecc03955630f {"type": "usd", "usd": 0.0}
2026-09-30 06:32:37 /background-jobs/1d8dd305-012f-46df-8dde-ff0d22715469 {"type": "usd", "usd": 0.0}
2026-09-30 06:32:38 /background-jobs/c84332e6-9d72-471d-be4a-31b70d55f3ec {"type": "usd", "usd": 0.0}
2026-09-30 06:32:38 /background-jobs/a456356c-511e-4513-8b39-94914ffbc73c {"type": "usd", "usd": 0.0}
2026-09-30 06:32:39 /background-jobs/409524a8-2c52-48dd-ae62-ecc03955630f {"type": "usd", "usd": 0.0}
2026-09-30 06:32:42 /background-jobs/1d8dd305-012f-46df-8dde-ff0d22715469 {"type": "usd", "usd": 0.0}
2026-09-30 06:32:44 /background-jobs/c84332e6-9d72-471d-be4a-31b70d55f3ec {"type": "usd", "usd": 0.0}
2026-09-30 06:32:44 /background-jobs/a456356c-511e-4513-8b39-94914ffbc73c {"type": "usd", "usd": 0.0}
2026-09-30 06:32:45 /background-jobs/409524a8-2c52-48dd-ae62-ecc03955630f {"type": "usd", "usd": 0.0}
2026-09-30 06:32:48 /background-jobs/1d8dd305-012f-46df-8dde-ff0d22715469 {"type": "usd", "usd": 0.0}
2026-09-30 06:32:49 /background-jobs/c84332e6-9d72-471d-be4a-31b70d55f3ec {"type": "usd", "usd": 0.0}
2026-09-30 06:32:50 /background-jobs/a456356c-511e-4513-8b39-94914ffbc73c {"type": "usd", "usd": 0.0}
2026-09-30 06:32:51 /background-jobs/409524a8-2c52-48dd-ae62-ecc03955630f {"type": "usd", "usd": 0.0}
2026-09-30 06:32:52 /create-image-bitforge {"type": "generations", "generations": 1.0}
2026-09-30 06:32:54 /background-jobs/1d8dd305-012f-46df-8dde-ff0d22715469 {"type": "usd", "usd": 0.0}
2026-09-30 06:32:55 /background-jobs/c84332e6-9d72-471d-be4a-31b70d55f3ec {"type": "usd", "usd": 0.0}
2026-09-30 06:32:55 /background-jobs/a456356c-511e-4513-8b39-94914ffbc73c {"type": "usd", "usd": 0.0}
2026-09-30 06:32:56 /background-jobs/409524a8-2c52-48dd-ae62-ecc03955630f {"type": "usd", "usd": 0.0}
2026-09-30 06:33:01 /background-jobs/c84332e6-9d72-471d-be4a-31b70d55f3ec {"type": "usd", "usd": 0.0}
2026-09-30 06:33:01 /background-jobs/a456356c-511e-4513-8b39-94914ffbc73c {"type": "usd", "usd": 0.0}
2026-09-30 06:33:02 /background-jobs/409524a8-2c52-48dd-ae62-ecc03955630f {"type": "usd", "usd": 0.0}
2026-09-30 06:33:03 /background-jobs/1d8dd305-012f-46df-8dde-ff0d22715469 {"type": "usd", "usd": 0.0}
2026-09-30 06:33:06 /background-jobs/c84332e6-9d72-471d-be4a-31b70d55f3ec {"type": "usd", "usd": 0.0}
2026-09-30 06:33:07 /background-jobs/a456356c-511e-4513-8b39-94914ffbc73c {"type": "usd", "usd": 0.0}
2026-09-30 06:33:08 /background-jobs/409524a8-2c52-48dd-ae62-ecc03955630f {"type": "usd", "usd": 0.0}
2026-09-30 06:33:09 /background-jobs/1d8dd305-012f-46df-8dde-ff0d22715469 {"type": "usd", "usd": 0.0}
2026-09-30 06:33:12 /background-jobs/c84332e6-9d72-471d-be4a-31b70d55f3ec {"type": "usd", "usd": 0.0}
2026-09-30 06:33:13 /background-jobs/a456356c-511e-4513-8b39-94914ffbc73c {"type": "usd", "usd": 0.0}
2026-09-30 06:33:13 /background-jobs/409524a8-2c52-48dd-ae62-ecc03955630f {"type": "usd", "usd": 0.0}
2026-09-30 06:33:14 /background-jobs/1d8dd305-012f-46df-8dde-ff0d22715469 {"type": "usd", "usd": 0.0}
2026-09-30 06:33:18 /background-jobs/c84332e6-9d72-471d-be4a-31b70d55f3ec {"type": "usd", "usd": 0.0}
2026-09-30 06:33:19 /background-jobs/a456356c-511e-4513-8b39-94914ffbc73c {"type": "usd", "usd": 0.0}
2026-09-30 06:33:19 /background-jobs/409524a8-2c52-48dd-ae62-ecc03955630f {"type": "usd", "usd": 0.0}
2026-09-30 06:33:20 /background-jobs/1d8dd305-012f-46df-8dde-ff0d22715469 {"type": "usd", "usd": 0.0}
2026-09-30 06:33:24 /background-jobs/a456356c-511e-4513-8b39-94914ffbc73c {"type": "usd", "usd": 0.0}
2026-09-30 06:33:25 /background-jobs/409524a8-2c52-48dd-ae62-ecc03955630f {"type": "usd", "usd": 0.0}
2026-09-30 06:33:25 /background-jobs/c84332e6-9d72-471d-be4a-31b70d55f3ec {"type": "usd", "usd": 0.0}
2026-09-30 06:33:26 /background-jobs/1d8dd305-012f-46df-8dde-ff0d22715469 {"type": "usd", "usd": 0.0}
2026-09-30 06:33:30 /background-jobs/a456356c-511e-4513-8b39-94914ffbc73c {"type": "usd", "usd": 0.0}
2026-09-30 06:33:30 /background-jobs/409524a8-2c52-48dd-ae62-ecc03955630f {"type": "usd", "usd": 0.0}
2026-09-30 06:33:31 /background-jobs/c84332e6-9d72-471d-be4a-31b70d55f3ec {"type": "usd", "usd": 0.0}
2026-09-30 06:33:31 /background-jobs/1d8dd305-012f-46df-8dde-ff0d22715469 {"type": "usd", "usd": 0.0}
2026-09-30 06:33:35 /create-image-bitforge {"type": "generations", "generations": 1.0}
2026-09-30 06:33:36 /background-jobs/a456356c-511e-4513-8b39-94914ffbc73c {"type": "usd", "usd": 0.0}
2026-09-30 06:33:36 /background-jobs/409524a8-2c52-48dd-ae62-ecc03955630f {"type": "usd", "usd": 0.0}
2026-09-30 06:33:36 /background-jobs/c84332e6-9d72-471d-be4a-31b70d55f3ec {"type": "usd", "usd": 0.0}
2026-09-30 06:33:37 /background-jobs/1d8dd305-012f-46df-8dde-ff0d22715469 {"type": "usd", "usd": 0.0}
2026-09-30 06:33:41 /background-jobs/a456356c-511e-4513-8b39-94914ffbc73c {"type": "generations", "generations": 1.0}
2026-09-30 06:33:42 /background-jobs/51405071-e099-453d-a5ca-623df650e092 {"type": "usd", "usd": 0.0}
2026-09-30 06:33:42 /background-jobs/c84332e6-9d72-471d-be4a-31b70d55f3ec {"type": "usd", "usd": 0.0}
2026-09-30 06:33:42 /background-jobs/409524a8-2c52-48dd-ae62-ecc03955630f {"type": "usd", "usd": 0.0}
2026-09-30 06:33:43 /background-jobs/1d8dd305-012f-46df-8dde-ff0d22715469 {"type": "usd", "usd": 0.0}
2026-09-30 06:33:48 /background-jobs/51405071-e099-453d-a5ca-623df650e092 {"type": "usd", "usd": 0.0}
2026-09-30 06:33:48 /background-jobs/409524a8-2c52-48dd-ae62-ecc03955630f {"type": "usd", "usd": 0.0}
2026-09-30 06:33:48 /background-jobs/c84332e6-9d72-471d-be4a-31b70d55f3ec {"type": "usd", "usd": 0.0}
2026-09-30 06:33:48 /background-jobs/1d8dd305-012f-46df-8dde-ff0d22715469 {"type": "usd", "usd": 0.0}
2026-09-30 06:33:53 /background-jobs/51405071-e099-453d-a5ca-623df650e092 {"type": "usd", "usd": 0.0}
2026-09-30 06:33:53 /background-jobs/409524a8-2c52-48dd-ae62-ecc03955630f {"type": "usd", "usd": 0.0}
2026-09-30 06:33:53 /background-jobs/c84332e6-9d72-471d-be4a-31b70d55f3ec {"type": "usd", "usd": 0.0}
2026-09-30 06:33:54 /background-jobs/1d8dd305-012f-46df-8dde-ff0d22715469 {"type": "usd", "usd": 0.0}
2026-09-30 06:33:59 /background-jobs/51405071-e099-453d-a5ca-623df650e092 {"type": "usd", "usd": 0.0}
2026-09-30 06:33:59 /background-jobs/c84332e6-9d72-471d-be4a-31b70d55f3ec {"type": "usd", "usd": 0.0}
2026-09-30 06:33:59 /background-jobs/409524a8-2c52-48dd-ae62-ecc03955630f {"type": "usd", "usd": 0.0}
2026-09-30 06:34:00 /background-jobs/1d8dd305-012f-46df-8dde-ff0d22715469 {"type": "usd", "usd": 0.0}
2026-09-30 06:34:05 /background-jobs/51405071-e099-453d-a5ca-623df650e092 {"type": "usd", "usd": 0.0}
2026-09-30 06:34:05 /background-jobs/c84332e6-9d72-471d-be4a-31b70d55f3ec {"type": "usd", "usd": 0.0}
2026-09-30 06:34:05 /background-jobs/409524a8-2c52-48dd-ae62-ecc03955630f {"type": "usd", "usd": 0.0}
2026-09-30 06:34:06 /background-jobs/1d8dd305-012f-46df-8dde-ff0d22715469 {"type": "usd", "usd": 0.0}
2026-09-30 06:34:10 /background-jobs/51405071-e099-453d-a5ca-623df650e092 {"type": "usd", "usd": 0.0}
2026-09-30 06:34:10 /background-jobs/c84332e6-9d72-471d-be4a-31b70d55f3ec {"type": "usd", "usd": 0.0}
2026-09-30 06:34:11 /background-jobs/409524a8-2c52-48dd-ae62-ecc03955630f {"type": "usd", "usd": 0.0}
2026-09-30 06:34:11 /background-jobs/1d8dd305-012f-46df-8dde-ff0d22715469 {"type": "usd", "usd": 0.0}
2026-09-30 06:34:12 /create-image-bitforge {"type": "generations", "generations": 1.0}
2026-09-30 06:34:16 /background-jobs/c84332e6-9d72-471d-be4a-31b70d55f3ec {"type": "usd", "usd": 0.0}
2026-09-30 06:34:16 /background-jobs/51405071-e099-453d-a5ca-623df650e092 {"type": "usd", "usd": 0.0}
2026-09-30 06:34:16 /background-jobs/409524a8-2c52-48dd-ae62-ecc03955630f {"type": "usd", "usd": 0.0}
2026-09-30 06:34:17 /background-jobs/1d8dd305-012f-46df-8dde-ff0d22715469 {"type": "usd", "usd": 0.0}
2026-09-30 06:34:22 /background-jobs/c84332e6-9d72-471d-be4a-31b70d55f3ec {"type": "usd", "usd": 0.0}
2026-09-30 06:34:22 /background-jobs/409524a8-2c52-48dd-ae62-ecc03955630f {"type": "usd", "usd": 0.0}
2026-09-30 06:34:22 /background-jobs/51405071-e099-453d-a5ca-623df650e092 {"type": "usd", "usd": 0.0}
2026-09-30 06:34:25 /background-jobs/1d8dd305-012f-46df-8dde-ff0d22715469 {"type": "usd", "usd": 0.0}
2026-09-30 06:34:28 /background-jobs/c84332e6-9d72-471d-be4a-31b70d55f3ec {"type": "usd", "usd": 0.0}
2026-09-30 06:34:28 /background-jobs/409524a8-2c52-48dd-ae62-ecc03955630f {"type": "usd", "usd": 0.0}
2026-09-30 06:34:28 /background-jobs/51405071-e099-453d-a5ca-623df650e092 {"type": "usd", "usd": 0.0}
2026-09-30 06:34:30 /background-jobs/1d8dd305-012f-46df-8dde-ff0d22715469 {"type": "usd", "usd": 0.0}
2026-09-30 06:34:34 /background-jobs/c84332e6-9d72-471d-be4a-31b70d55f3ec {"type": "usd", "usd": 0.0}
2026-09-30 06:34:34 /background-jobs/51405071-e099-453d-a5ca-623df650e092 {"type": "usd", "usd": 0.0}
2026-09-30 06:34:34 /background-jobs/409524a8-2c52-48dd-ae62-ecc03955630f {"type": "usd", "usd": 0.0}
2026-09-30 06:34:36 /background-jobs/1d8dd305-012f-46df-8dde-ff0d22715469 {"type": "usd", "usd": 0.0}
2026-09-30 06:34:39 /background-jobs/c84332e6-9d72-471d-be4a-31b70d55f3ec {"type": "usd", "usd": 0.0}
2026-09-30 06:34:40 /background-jobs/51405071-e099-453d-a5ca-623df650e092 {"type": "usd", "usd": 0.0}
2026-09-30 06:34:40 /background-jobs/409524a8-2c52-48dd-ae62-ecc03955630f {"type": "usd", "usd": 0.0}
2026-09-30 06:34:42 /background-jobs/1d8dd305-012f-46df-8dde-ff0d22715469 {"type": "usd", "usd": 0.0}
2026-09-30 06:34:43 /create-image-bitforge {"type": "generations", "generations": 1.0}
2026-09-30 06:34:45 /background-jobs/c84332e6-9d72-471d-be4a-31b70d55f3ec {"type": "usd", "usd": 0.0}
2026-09-30 06:34:45 /background-jobs/51405071-e099-453d-a5ca-623df650e092 {"type": "usd", "usd": 0.0}
2026-09-30 06:34:45 /background-jobs/409524a8-2c52-48dd-ae62-ecc03955630f {"type": "usd", "usd": 0.0}
2026-09-30 06:34:47 /background-jobs/1d8dd305-012f-46df-8dde-ff0d22715469 {"type": "usd", "usd": 0.0}
2026-09-30 06:34:51 /background-jobs/51405071-e099-453d-a5ca-623df650e092 {"type": "generations", "generations": 1.0}
2026-09-30 06:34:51 /background-jobs/c84332e6-9d72-471d-be4a-31b70d55f3ec {"type": "usd", "usd": 0.0}
2026-09-30 06:34:51 /background-jobs/409524a8-2c52-48dd-ae62-ecc03955630f {"type": "usd", "usd": 0.0}
2026-09-30 06:34:53 /background-jobs/1d8dd305-012f-46df-8dde-ff0d22715469 {"type": "usd", "usd": 0.0}
2026-09-30 06:34:57 /background-jobs/409524a8-2c52-48dd-ae62-ecc03955630f {"type": "usd", "usd": 0.0}
2026-09-30 06:34:57 /background-jobs/c84332e6-9d72-471d-be4a-31b70d55f3ec {"type": "usd", "usd": 0.0}
2026-09-30 06:34:57 /background-jobs/51405071-e099-453d-a5ca-623df650e092 {"type": "generations", "generations": 1.0}
2026-09-30 06:34:58 /background-jobs/930fd758-37fe-4133-bd87-bf2f9c74df4b {"type": "usd", "usd": 0.0}
2026-09-30 06:34:59 /background-jobs/1d8dd305-012f-46df-8dde-ff0d22715469 {"type": "usd", "usd": 0.0}
2026-09-30 06:35:03 /background-jobs/409524a8-2c52-48dd-ae62-ecc03955630f {"type": "usd", "usd": 0.0}
2026-09-30 06:35:03 /background-jobs/c84332e6-9d72-471d-be4a-31b70d55f3ec {"type": "usd", "usd": 0.0}
2026-09-30 06:35:04 /background-jobs/930fd758-37fe-4133-bd87-bf2f9c74df4b {"type": "usd", "usd": 0.0}
2026-09-30 06:35:05 /background-jobs/1d8dd305-012f-46df-8dde-ff0d22715469 {"type": "usd", "usd": 0.0}
2026-09-30 06:35:08 /background-jobs/409524a8-2c52-48dd-ae62-ecc03955630f {"type": "usd", "usd": 0.0}
2026-09-30 06:35:09 /background-jobs/c84332e6-9d72-471d-be4a-31b70d55f3ec {"type": "usd", "usd": 0.0}
2026-09-30 06:35:10 /background-jobs/930fd758-37fe-4133-bd87-bf2f9c74df4b {"type": "usd", "usd": 0.0}
2026-09-30 06:35:11 /background-jobs/1d8dd305-012f-46df-8dde-ff0d22715469 {"type": "usd", "usd": 0.0}
2026-09-30 06:35:15 /background-jobs/409524a8-2c52-48dd-ae62-ecc03955630f {"type": "usd", "usd": 0.0}
2026-09-30 06:35:15 /background-jobs/c84332e6-9d72-471d-be4a-31b70d55f3ec {"type": "usd", "usd": 0.0}
2026-09-30 06:35:15 /background-jobs/930fd758-37fe-4133-bd87-bf2f9c74df4b {"type": "usd", "usd": 0.0}
2026-09-30 06:35:16 /background-jobs/1d8dd305-012f-46df-8dde-ff0d22715469 {"type": "usd", "usd": 0.0}
2026-09-30 06:35:20 /background-jobs/409524a8-2c52-48dd-ae62-ecc03955630f {"type": "usd", "usd": 0.0}
2026-09-30 06:35:21 /background-jobs/c84332e6-9d72-471d-be4a-31b70d55f3ec {"type": "usd", "usd": 0.0}
2026-09-30 06:35:22 /background-jobs/930fd758-37fe-4133-bd87-bf2f9c74df4b {"type": "usd", "usd": 0.0}
2026-09-30 06:35:22 /create-image-bitforge {"type": "generations", "generations": 1.0}
2026-09-30 06:35:22 /background-jobs/1d8dd305-012f-46df-8dde-ff0d22715469 {"type": "usd", "usd": 0.0}
2026-09-30 06:35:26 /background-jobs/c84332e6-9d72-471d-be4a-31b70d55f3ec {"type": "usd", "usd": 0.0}
2026-09-30 06:35:27 /background-jobs/930fd758-37fe-4133-bd87-bf2f9c74df4b {"type": "usd", "usd": 0.0}
2026-09-30 06:35:28 /background-jobs/1d8dd305-012f-46df-8dde-ff0d22715469 {"type": "usd", "usd": 0.0}
2026-09-30 06:35:30 /background-jobs/409524a8-2c52-48dd-ae62-ecc03955630f {"type": "usd", "usd": 0.0}
2026-09-30 06:35:32 /background-jobs/c84332e6-9d72-471d-be4a-31b70d55f3ec {"type": "usd", "usd": 0.0}
2026-09-30 06:35:33 /background-jobs/930fd758-37fe-4133-bd87-bf2f9c74df4b {"type": "usd", "usd": 0.0}
2026-09-30 06:35:33 /background-jobs/1d8dd305-012f-46df-8dde-ff0d22715469 {"type": "usd", "usd": 0.0}
2026-09-30 06:35:36 /background-jobs/409524a8-2c52-48dd-ae62-ecc03955630f {"type": "usd", "usd": 0.0}
2026-09-30 06:35:38 /background-jobs/c84332e6-9d72-471d-be4a-31b70d55f3ec {"type": "usd", "usd": 0.0}
2026-09-30 06:35:39 /background-jobs/930fd758-37fe-4133-bd87-bf2f9c74df4b {"type": "usd", "usd": 0.0}
2026-09-30 06:35:39 /background-jobs/1d8dd305-012f-46df-8dde-ff0d22715469 {"type": "usd", "usd": 0.0}
2026-09-30 06:35:42 /background-jobs/409524a8-2c52-48dd-ae62-ecc03955630f {"type": "usd", "usd": 0.0}
2026-09-30 06:35:43 /background-jobs/c84332e6-9d72-471d-be4a-31b70d55f3ec {"type": "usd", "usd": 0.0}
2026-09-30 06:35:44 /background-jobs/930fd758-37fe-4133-bd87-bf2f9c74df4b {"type": "usd", "usd": 0.0}
2026-09-30 06:35:45 /background-jobs/1d8dd305-012f-46df-8dde-ff0d22715469 {"type": "usd", "usd": 0.0}
2026-09-30 06:35:48 /background-jobs/409524a8-2c52-48dd-ae62-ecc03955630f {"type": "usd", "usd": 0.0}
2026-09-30 06:35:49 /background-jobs/c84332e6-9d72-471d-be4a-31b70d55f3ec {"type": "usd", "usd": 0.0}
2026-09-30 06:35:50 /background-jobs/930fd758-37fe-4133-bd87-bf2f9c74df4b {"type": "usd", "usd": 0.0}
2026-09-30 06:35:50 /background-jobs/1d8dd305-012f-46df-8dde-ff0d22715469 {"type": "usd", "usd": 0.0}
2026-09-30 06:35:53 /background-jobs/409524a8-2c52-48dd-ae62-ecc03955630f {"type": "usd", "usd": 0.0}
2026-09-30 06:35:55 /background-jobs/c84332e6-9d72-471d-be4a-31b70d55f3ec {"type": "usd", "usd": 0.0}
2026-09-30 06:35:56 /background-jobs/930fd758-37fe-4133-bd87-bf2f9c74df4b {"type": "usd", "usd": 0.0}
2026-09-30 06:35:56 /create-image-bitforge {"type": "generations", "generations": 1.0}
2026-09-30 06:35:56 /background-jobs/1d8dd305-012f-46df-8dde-ff0d22715469 {"type": "usd", "usd": 0.0}
2026-09-30 06:35:59 /background-jobs/409524a8-2c52-48dd-ae62-ecc03955630f {"type": "usd", "usd": 0.0}
2026-09-30 06:36:00 /background-jobs/c84332e6-9d72-471d-be4a-31b70d55f3ec {"type": "usd", "usd": 0.0}
2026-09-30 06:36:01 /background-jobs/930fd758-37fe-4133-bd87-bf2f9c74df4b {"type": "usd", "usd": 0.0}
2026-09-30 06:36:02 /background-jobs/1d8dd305-012f-46df-8dde-ff0d22715469 {"type": "usd", "usd": 0.0}
2026-09-30 06:36:05 /background-jobs/409524a8-2c52-48dd-ae62-ecc03955630f {"type": "usd", "usd": 0.0}
2026-09-30 06:36:06 /background-jobs/c84332e6-9d72-471d-be4a-31b70d55f3ec {"type": "usd", "usd": 0.0}
2026-09-30 06:36:07 /background-jobs/930fd758-37fe-4133-bd87-bf2f9c74df4b {"type": "usd", "usd": 0.0}
2026-09-30 06:36:07 /background-jobs/1d8dd305-012f-46df-8dde-ff0d22715469 {"type": "usd", "usd": 0.0}
2026-09-30 06:36:10 /background-jobs/409524a8-2c52-48dd-ae62-ecc03955630f {"type": "usd", "usd": 0.0}
2026-09-30 06:36:12 /background-jobs/c84332e6-9d72-471d-be4a-31b70d55f3ec {"type": "usd", "usd": 0.0}
2026-09-30 06:36:13 /background-jobs/930fd758-37fe-4133-bd87-bf2f9c74df4b {"type": "usd", "usd": 0.0}
2026-09-30 06:36:13 /background-jobs/1d8dd305-012f-46df-8dde-ff0d22715469 {"type": "usd", "usd": 0.0}
2026-09-30 06:36:16 /background-jobs/409524a8-2c52-48dd-ae62-ecc03955630f {"type": "usd", "usd": 0.0}
2026-09-30 06:36:17 /background-jobs/c84332e6-9d72-471d-be4a-31b70d55f3ec {"type": "usd", "usd": 0.0}
2026-09-30 06:36:18 /background-jobs/930fd758-37fe-4133-bd87-bf2f9c74df4b {"type": "usd", "usd": 0.0}
2026-09-30 06:36:19 /background-jobs/1d8dd305-012f-46df-8dde-ff0d22715469 {"type": "usd", "usd": 0.0}
2026-09-30 06:36:22 /background-jobs/409524a8-2c52-48dd-ae62-ecc03955630f {"type": "usd", "usd": 0.0}
2026-09-30 06:36:23 /background-jobs/c84332e6-9d72-471d-be4a-31b70d55f3ec {"type": "usd", "usd": 0.0}
2026-09-30 06:36:24 /create-image-bitforge {"type": "generations", "generations": 1.0}
2026-09-30 06:36:24 /background-jobs/930fd758-37fe-4133-bd87-bf2f9c74df4b {"type": "usd", "usd": 0.0}
2026-09-30 06:36:25 /background-jobs/1d8dd305-012f-46df-8dde-ff0d22715469 {"type": "usd", "usd": 0.0}
2026-09-30 06:36:27 /background-jobs/409524a8-2c52-48dd-ae62-ecc03955630f {"type": "usd", "usd": 0.0}
2026-09-30 06:36:30 /background-jobs/930fd758-37fe-4133-bd87-bf2f9c74df4b {"type": "usd", "usd": 0.0}
2026-09-30 06:36:30 /background-jobs/c84332e6-9d72-471d-be4a-31b70d55f3ec {"type": "usd", "usd": 0.0}
2026-09-30 06:36:30 /background-jobs/1d8dd305-012f-46df-8dde-ff0d22715469 {"type": "usd", "usd": 0.0}
2026-09-30 06:36:33 /background-jobs/409524a8-2c52-48dd-ae62-ecc03955630f {"type": "usd", "usd": 0.0}
2026-09-30 06:36:35 /background-jobs/930fd758-37fe-4133-bd87-bf2f9c74df4b {"type": "usd", "usd": 0.0}
2026-09-30 06:36:36 /background-jobs/c84332e6-9d72-471d-be4a-31b70d55f3ec {"type": "usd", "usd": 0.0}
2026-09-30 06:36:36 /background-jobs/1d8dd305-012f-46df-8dde-ff0d22715469 {"type": "usd", "usd": 0.0}
2026-09-30 06:36:39 /background-jobs/409524a8-2c52-48dd-ae62-ecc03955630f {"type": "usd", "usd": 0.0}
2026-09-30 06:36:41 /background-jobs/930fd758-37fe-4133-bd87-bf2f9c74df4b {"type": "usd", "usd": 0.0}
2026-09-30 06:36:41 /background-jobs/c84332e6-9d72-471d-be4a-31b70d55f3ec {"type": "usd", "usd": 0.0}
2026-09-30 06:36:42 /background-jobs/1d8dd305-012f-46df-8dde-ff0d22715469 {"type": "usd", "usd": 0.0}
2026-09-30 06:36:44 /create-image-bitforge {"type": "generations", "generations": 1.0}
2026-09-30 06:36:45 /background-jobs/409524a8-2c52-48dd-ae62-ecc03955630f {"type": "usd", "usd": 0.0}
2026-09-30 06:36:47 /background-jobs/930fd758-37fe-4133-bd87-bf2f9c74df4b {"type": "usd", "usd": 0.0}
2026-09-30 06:36:47 /background-jobs/c84332e6-9d72-471d-be4a-31b70d55f3ec {"type": "usd", "usd": 0.0}
2026-09-30 06:36:47 /background-jobs/1d8dd305-012f-46df-8dde-ff0d22715469 {"type": "usd", "usd": 0.0}
2026-09-30 06:36:50 /background-jobs/409524a8-2c52-48dd-ae62-ecc03955630f {"type": "usd", "usd": 0.0}
2026-09-30 06:36:52 /background-jobs/930fd758-37fe-4133-bd87-bf2f9c74df4b {"type": "usd", "usd": 0.0}
2026-09-30 06:36:53 /background-jobs/c84332e6-9d72-471d-be4a-31b70d55f3ec {"type": "usd", "usd": 0.0}
2026-09-30 06:36:53 /background-jobs/1d8dd305-012f-46df-8dde-ff0d22715469 {"type": "usd", "usd": 0.0}
2026-09-30 06:36:56 /background-jobs/409524a8-2c52-48dd-ae62-ecc03955630f {"type": "usd", "usd": 0.0}
2026-09-30 06:36:58 /background-jobs/930fd758-37fe-4133-bd87-bf2f9c74df4b {"type": "usd", "usd": 0.0}
2026-09-30 06:36:58 /background-jobs/c84332e6-9d72-471d-be4a-31b70d55f3ec {"type": "usd", "usd": 0.0}
2026-09-30 06:36:59 /background-jobs/1d8dd305-012f-46df-8dde-ff0d22715469 {"type": "usd", "usd": 0.0}
2026-09-30 06:37:02 /background-jobs/409524a8-2c52-48dd-ae62-ecc03955630f {"type": "usd", "usd": 0.0}
2026-09-30 06:37:04 /background-jobs/930fd758-37fe-4133-bd87-bf2f9c74df4b {"type": "usd", "usd": 0.0}
2026-09-30 06:37:04 /background-jobs/c84332e6-9d72-471d-be4a-31b70d55f3ec {"type": "usd", "usd": 0.0}
2026-09-30 06:37:04 /background-jobs/1d8dd305-012f-46df-8dde-ff0d22715469 {"type": "usd", "usd": 0.0}
2026-09-30 06:37:05 /background-jobs/baf5cee7-8fdc-4f55-9d9e-7f4890b07ed8 {"type": "usd", "usd": 0.0}
2026-09-30 06:37:07 /background-jobs/409524a8-2c52-48dd-ae62-ecc03955630f {"type": "usd", "usd": 0.0}
2026-09-30 06:37:09 /background-jobs/930fd758-37fe-4133-bd87-bf2f9c74df4b {"type": "usd", "usd": 0.0}
2026-09-30 06:37:10 /background-jobs/c84332e6-9d72-471d-be4a-31b70d55f3ec {"type": "usd", "usd": 0.0}
2026-09-30 06:37:10 /background-jobs/1d8dd305-012f-46df-8dde-ff0d22715469 {"type": "usd", "usd": 0.0}
2026-09-30 06:37:11 /background-jobs/baf5cee7-8fdc-4f55-9d9e-7f4890b07ed8 {"type": "usd", "usd": 0.0}
2026-09-30 06:37:13 /background-jobs/409524a8-2c52-48dd-ae62-ecc03955630f {"type": "usd", "usd": 0.0}
2026-09-30 06:37:15 /background-jobs/930fd758-37fe-4133-bd87-bf2f9c74df4b {"type": "usd", "usd": 0.0}
2026-09-30 06:37:16 /background-jobs/c84332e6-9d72-471d-be4a-31b70d55f3ec {"type": "usd", "usd": 0.0}
2026-09-30 06:37:16 /background-jobs/1d8dd305-012f-46df-8dde-ff0d22715469 {"type": "usd", "usd": 0.0}
2026-09-30 06:37:17 /background-jobs/baf5cee7-8fdc-4f55-9d9e-7f4890b07ed8 {"type": "usd", "usd": 0.0}
2026-09-30 06:37:19 /background-jobs/409524a8-2c52-48dd-ae62-ecc03955630f {"type": "usd", "usd": 0.0}
2026-09-30 06:37:21 /background-jobs/c84332e6-9d72-471d-be4a-31b70d55f3ec {"type": "usd", "usd": 0.0}
2026-09-30 06:37:22 /background-jobs/1d8dd305-012f-46df-8dde-ff0d22715469 {"type": "usd", "usd": 0.0}
2026-09-30 06:37:22 /background-jobs/930fd758-37fe-4133-bd87-bf2f9c74df4b {"type": "usd", "usd": 0.0}
2026-09-30 06:37:22 /background-jobs/baf5cee7-8fdc-4f55-9d9e-7f4890b07ed8 {"type": "usd", "usd": 0.0}
2026-09-30 06:37:25 /background-jobs/409524a8-2c52-48dd-ae62-ecc03955630f {"type": "usd", "usd": 0.0}
2026-09-30 06:37:27 /background-jobs/c84332e6-9d72-471d-be4a-31b70d55f3ec {"type": "usd", "usd": 0.0}
2026-09-30 06:37:27 /background-jobs/1d8dd305-012f-46df-8dde-ff0d22715469 {"type": "usd", "usd": 0.0}
2026-09-30 06:37:28 /background-jobs/930fd758-37fe-4133-bd87-bf2f9c74df4b {"type": "usd", "usd": 0.0}
2026-09-30 06:37:29 /background-jobs/baf5cee7-8fdc-4f55-9d9e-7f4890b07ed8 {"type": "usd", "usd": 0.0}
2026-09-30 06:37:30 /background-jobs/409524a8-2c52-48dd-ae62-ecc03955630f {"type": "usd", "usd": 0.0}
2026-09-30 06:37:33 /background-jobs/c84332e6-9d72-471d-be4a-31b70d55f3ec {"type": "usd", "usd": 0.0}
2026-09-30 06:37:33 /background-jobs/1d8dd305-012f-46df-8dde-ff0d22715469 {"type": "usd", "usd": 0.0}
2026-09-30 06:37:34 /background-jobs/930fd758-37fe-4133-bd87-bf2f9c74df4b {"type": "usd", "usd": 0.0}
2026-09-30 06:37:34 /background-jobs/baf5cee7-8fdc-4f55-9d9e-7f4890b07ed8 {"type": "usd", "usd": 0.0}
2026-09-30 06:37:36 /background-jobs/409524a8-2c52-48dd-ae62-ecc03955630f {"type": "usd", "usd": 0.0}
2026-09-30 06:37:39 /background-jobs/c84332e6-9d72-471d-be4a-31b70d55f3ec {"type": "usd", "usd": 0.0}
2026-09-30 06:37:39 /background-jobs/1d8dd305-012f-46df-8dde-ff0d22715469 {"type": "usd", "usd": 0.0}
2026-09-30 06:37:40 /background-jobs/930fd758-37fe-4133-bd87-bf2f9c74df4b {"type": "usd", "usd": 0.0}
2026-09-30 06:37:40 /background-jobs/baf5cee7-8fdc-4f55-9d9e-7f4890b07ed8 {"type": "usd", "usd": 0.0}
2026-09-30 06:37:42 /background-jobs/409524a8-2c52-48dd-ae62-ecc03955630f {"type": "usd", "usd": 0.0}
2026-09-30 06:37:44 /background-jobs/1d8dd305-012f-46df-8dde-ff0d22715469 {"type": "usd", "usd": 0.0}
2026-09-30 06:37:44 /background-jobs/c84332e6-9d72-471d-be4a-31b70d55f3ec {"type": "usd", "usd": 0.0}
2026-09-30 06:37:45 /background-jobs/930fd758-37fe-4133-bd87-bf2f9c74df4b {"type": "usd", "usd": 0.0}
2026-09-30 06:37:46 /background-jobs/baf5cee7-8fdc-4f55-9d9e-7f4890b07ed8 {"type": "usd", "usd": 0.0}
2026-09-30 06:37:47 /background-jobs/409524a8-2c52-48dd-ae62-ecc03955630f {"type": "usd", "usd": 0.0}
2026-09-30 06:37:50 /background-jobs/1d8dd305-012f-46df-8dde-ff0d22715469 {"type": "usd", "usd": 0.0}
2026-09-30 06:37:50 /background-jobs/c84332e6-9d72-471d-be4a-31b70d55f3ec {"type": "usd", "usd": 0.0}
2026-09-30 06:37:51 /background-jobs/930fd758-37fe-4133-bd87-bf2f9c74df4b {"type": "usd", "usd": 0.0}
2026-09-30 06:37:51 /background-jobs/baf5cee7-8fdc-4f55-9d9e-7f4890b07ed8 {"type": "usd", "usd": 0.0}
2026-09-30 06:37:53 /background-jobs/409524a8-2c52-48dd-ae62-ecc03955630f {"type": "usd", "usd": 0.0}
2026-09-30 06:37:56 /background-jobs/1d8dd305-012f-46df-8dde-ff0d22715469 {"type": "usd", "usd": 0.0}
2026-09-30 06:37:56 /background-jobs/c84332e6-9d72-471d-be4a-31b70d55f3ec {"type": "usd", "usd": 0.0}
2026-09-30 06:37:57 /background-jobs/930fd758-37fe-4133-bd87-bf2f9c74df4b {"type": "usd", "usd": 0.0}
2026-09-30 06:37:57 /background-jobs/baf5cee7-8fdc-4f55-9d9e-7f4890b07ed8 {"type": "usd", "usd": 0.0}
2026-09-30 06:37:59 /background-jobs/409524a8-2c52-48dd-ae62-ecc03955630f {"type": "usd", "usd": 0.0}
2026-09-30 06:38:01 /background-jobs/1d8dd305-012f-46df-8dde-ff0d22715469 {"type": "usd", "usd": 0.0}
2026-09-30 06:38:02 /background-jobs/c84332e6-9d72-471d-be4a-31b70d55f3ec {"type": "usd", "usd": 0.0}
2026-09-30 06:38:03 /background-jobs/930fd758-37fe-4133-bd87-bf2f9c74df4b {"type": "usd", "usd": 0.0}
2026-09-30 06:38:03 /background-jobs/baf5cee7-8fdc-4f55-9d9e-7f4890b07ed8 {"type": "usd", "usd": 0.0}
2026-09-30 06:38:05 /background-jobs/409524a8-2c52-48dd-ae62-ecc03955630f {"type": "usd", "usd": 0.0}
2026-09-30 06:38:07 /background-jobs/1d8dd305-012f-46df-8dde-ff0d22715469 {"type": "usd", "usd": 0.0}
2026-09-30 06:38:07 /background-jobs/c84332e6-9d72-471d-be4a-31b70d55f3ec {"type": "usd", "usd": 0.0}
2026-09-30 06:38:08 /background-jobs/930fd758-37fe-4133-bd87-bf2f9c74df4b {"type": "usd", "usd": 0.0}
2026-09-30 06:38:08 /background-jobs/baf5cee7-8fdc-4f55-9d9e-7f4890b07ed8 {"type": "generations", "generations": 1.0}
2026-09-30 06:38:10 /background-jobs/409524a8-2c52-48dd-ae62-ecc03955630f {"type": "usd", "usd": 0.0}
2026-09-30 06:38:13 /background-jobs/1d8dd305-012f-46df-8dde-ff0d22715469 {"type": "usd", "usd": 0.0}
2026-09-30 06:38:13 /background-jobs/c84332e6-9d72-471d-be4a-31b70d55f3ec {"type": "usd", "usd": 0.0}
2026-09-30 06:38:14 /background-jobs/930fd758-37fe-4133-bd87-bf2f9c74df4b {"type": "usd", "usd": 0.0}
2026-09-30 06:38:16 /background-jobs/409524a8-2c52-48dd-ae62-ecc03955630f {"type": "usd", "usd": 0.0}
2026-09-30 06:38:18 /background-jobs/1d8dd305-012f-46df-8dde-ff0d22715469 {"type": "usd", "usd": 0.0}
2026-09-30 06:38:19 /background-jobs/c84332e6-9d72-471d-be4a-31b70d55f3ec {"type": "usd", "usd": 0.0}
2026-09-30 06:38:20 /background-jobs/930fd758-37fe-4133-bd87-bf2f9c74df4b {"type": "usd", "usd": 0.0}
2026-09-30 06:38:22 /background-jobs/409524a8-2c52-48dd-ae62-ecc03955630f {"type": "usd", "usd": 0.0}
2026-09-30 06:38:24 /background-jobs/1d8dd305-012f-46df-8dde-ff0d22715469 {"type": "usd", "usd": 0.0}
2026-09-30 06:38:25 /background-jobs/c84332e6-9d72-471d-be4a-31b70d55f3ec {"type": "usd", "usd": 0.0}
2026-09-30 06:38:26 /background-jobs/930fd758-37fe-4133-bd87-bf2f9c74df4b {"type": "usd", "usd": 0.0}
2026-09-30 06:38:27 /background-jobs/409524a8-2c52-48dd-ae62-ecc03955630f {"type": "usd", "usd": 0.0}
2026-09-30 06:38:30 /background-jobs/1d8dd305-012f-46df-8dde-ff0d22715469 {"type": "usd", "usd": 0.0}
2026-09-30 06:38:30 /background-jobs/c84332e6-9d72-471d-be4a-31b70d55f3ec {"type": "usd", "usd": 0.0}
2026-09-30 06:38:31 /background-jobs/930fd758-37fe-4133-bd87-bf2f9c74df4b {"type": "usd", "usd": 0.0}
2026-09-30 06:38:33 /background-jobs/409524a8-2c52-48dd-ae62-ecc03955630f {"type": "usd", "usd": 0.0}
2026-09-30 06:38:36 /background-jobs/1d8dd305-012f-46df-8dde-ff0d22715469 {"type": "usd", "usd": 0.0}
2026-09-30 06:38:36 /background-jobs/c84332e6-9d72-471d-be4a-31b70d55f3ec {"type": "usd", "usd": 0.0}
2026-09-30 06:38:37 /background-jobs/930fd758-37fe-4133-bd87-bf2f9c74df4b {"type": "usd", "usd": 0.0}
2026-09-30 06:38:38 /background-jobs/409524a8-2c52-48dd-ae62-ecc03955630f {"type": "usd", "usd": 0.0}
2026-09-30 06:38:41 /background-jobs/1d8dd305-012f-46df-8dde-ff0d22715469 {"type": "usd", "usd": 0.0}
2026-09-30 06:38:42 /background-jobs/c84332e6-9d72-471d-be4a-31b70d55f3ec {"type": "usd", "usd": 0.0}
2026-09-30 06:38:43 /background-jobs/930fd758-37fe-4133-bd87-bf2f9c74df4b {"type": "usd", "usd": 0.0}
2026-09-30 06:38:46 /background-jobs/409524a8-2c52-48dd-ae62-ecc03955630f {"type": "usd", "usd": 0.0}
2026-09-30 06:38:47 /background-jobs/1d8dd305-012f-46df-8dde-ff0d22715469 {"type": "usd", "usd": 0.0}
2026-09-30 06:38:47 /background-jobs/c84332e6-9d72-471d-be4a-31b70d55f3ec {"type": "usd", "usd": 0.0}
2026-09-30 06:38:48 /background-jobs/930fd758-37fe-4133-bd87-bf2f9c74df4b {"type": "usd", "usd": 0.0}
2026-09-30 06:38:51 /background-jobs/409524a8-2c52-48dd-ae62-ecc03955630f {"type": "usd", "usd": 0.0}
2026-09-30 06:38:53 /background-jobs/1d8dd305-012f-46df-8dde-ff0d22715469 {"type": "usd", "usd": 0.0}
2026-09-30 06:38:53 /background-jobs/c84332e6-9d72-471d-be4a-31b70d55f3ec {"type": "usd", "usd": 0.0}
2026-09-30 06:38:54 /background-jobs/930fd758-37fe-4133-bd87-bf2f9c74df4b {"type": "usd", "usd": 0.0}
2026-09-30 06:38:57 /background-jobs/409524a8-2c52-48dd-ae62-ecc03955630f {"type": "usd", "usd": 0.0}
2026-09-30 06:38:58 /create-image-bitforge {"type": "generations", "generations": 1.0}
2026-09-30 06:38:58 /background-jobs/1d8dd305-012f-46df-8dde-ff0d22715469 {"type": "usd", "usd": 0.0}
2026-09-30 06:38:59 /background-jobs/c84332e6-9d72-471d-be4a-31b70d55f3ec {"type": "usd", "usd": 0.0}
2026-09-30 06:39:00 /background-jobs/930fd758-37fe-4133-bd87-bf2f9c74df4b {"type": "usd", "usd": 0.0}
2026-09-30 06:39:03 /background-jobs/409524a8-2c52-48dd-ae62-ecc03955630f {"type": "usd", "usd": 0.0}
2026-09-30 06:39:04 /background-jobs/1d8dd305-012f-46df-8dde-ff0d22715469 {"type": "usd", "usd": 0.0}
2026-09-30 06:39:04 /background-jobs/c84332e6-9d72-471d-be4a-31b70d55f3ec {"type": "usd", "usd": 0.0}
2026-09-30 06:39:05 /background-jobs/930fd758-37fe-4133-bd87-bf2f9c74df4b {"type": "usd", "usd": 0.0}
2026-09-30 06:39:08 /background-jobs/409524a8-2c52-48dd-ae62-ecc03955630f {"type": "usd", "usd": 0.0}
2026-09-30 06:39:09 /background-jobs/1d8dd305-012f-46df-8dde-ff0d22715469 {"type": "usd", "usd": 0.0}
2026-09-30 06:39:10 /background-jobs/c84332e6-9d72-471d-be4a-31b70d55f3ec {"type": "usd", "usd": 0.0}
2026-09-30 06:39:11 /background-jobs/930fd758-37fe-4133-bd87-bf2f9c74df4b {"type": "usd", "usd": 0.0}
2026-09-30 06:39:14 /background-jobs/409524a8-2c52-48dd-ae62-ecc03955630f {"type": "usd", "usd": 0.0}
2026-09-30 06:39:15 /background-jobs/1d8dd305-012f-46df-8dde-ff0d22715469 {"type": "usd", "usd": 0.0}
2026-09-30 06:39:16 /background-jobs/c84332e6-9d72-471d-be4a-31b70d55f3ec {"type": "usd", "usd": 0.0}
2026-09-30 06:39:17 /background-jobs/930fd758-37fe-4133-bd87-bf2f9c74df4b {"type": "usd", "usd": 0.0}
2026-09-30 06:39:20 /background-jobs/409524a8-2c52-48dd-ae62-ecc03955630f {"type": "usd", "usd": 0.0}
2026-09-30 06:39:21 /background-jobs/1d8dd305-012f-46df-8dde-ff0d22715469 {"type": "usd", "usd": 0.0}
2026-09-30 06:39:21 /background-jobs/c84332e6-9d72-471d-be4a-31b70d55f3ec {"type": "usd", "usd": 0.0}
2026-09-30 06:39:22 /background-jobs/930fd758-37fe-4133-bd87-bf2f9c74df4b {"type": "usd", "usd": 0.0}
2026-09-30 06:39:27 /background-jobs/1d8dd305-012f-46df-8dde-ff0d22715469 {"type": "usd", "usd": 0.0}
2026-09-30 06:39:27 /background-jobs/409524a8-2c52-48dd-ae62-ecc03955630f {"type": "usd", "usd": 0.0}
2026-09-30 06:39:29 /background-jobs/930fd758-37fe-4133-bd87-bf2f9c74df4b {"type": "usd", "usd": 0.0}
2026-09-30 06:39:30 /create-image-bitforge {"type": "generations", "generations": 1.0}
2026-09-30 06:39:33 /background-jobs/1d8dd305-012f-46df-8dde-ff0d22715469 {"type": "usd", "usd": 0.0}
2026-09-30 06:39:33 /background-jobs/c84332e6-9d72-471d-be4a-31b70d55f3ec {"type": "usd", "usd": 0.0}
2026-09-30 06:39:33 /background-jobs/409524a8-2c52-48dd-ae62-ecc03955630f {"type": "usd", "usd": 0.0}
2026-09-30 06:39:35 /background-jobs/930fd758-37fe-4133-bd87-bf2f9c74df4b {"type": "usd", "usd": 0.0}
2026-09-30 06:39:39 /background-jobs/c84332e6-9d72-471d-be4a-31b70d55f3ec {"type": "usd", "usd": 0.0}
2026-09-30 06:39:39 /background-jobs/409524a8-2c52-48dd-ae62-ecc03955630f {"type": "usd", "usd": 0.0}
2026-09-30 06:39:39 /background-jobs/1d8dd305-012f-46df-8dde-ff0d22715469 {"type": "usd", "usd": 0.0}
2026-09-30 06:39:41 /background-jobs/930fd758-37fe-4133-bd87-bf2f9c74df4b {"type": "usd", "usd": 0.0}
2026-09-30 06:39:44 /background-jobs/c84332e6-9d72-471d-be4a-31b70d55f3ec {"type": "usd", "usd": 0.0}
2026-09-30 06:39:44 /background-jobs/409524a8-2c52-48dd-ae62-ecc03955630f {"type": "usd", "usd": 0.0}
2026-09-30 06:39:45 /background-jobs/1d8dd305-012f-46df-8dde-ff0d22715469 {"type": "usd", "usd": 0.0}
2026-09-30 06:39:47 /background-jobs/930fd758-37fe-4133-bd87-bf2f9c74df4b {"type": "usd", "usd": 0.0}
2026-09-30 06:39:50 /background-jobs/c84332e6-9d72-471d-be4a-31b70d55f3ec {"type": "usd", "usd": 0.0}
2026-09-30 06:39:50 /background-jobs/409524a8-2c52-48dd-ae62-ecc03955630f {"type": "usd", "usd": 0.0}
2026-09-30 06:39:51 /background-jobs/1d8dd305-012f-46df-8dde-ff0d22715469 {"type": "usd", "usd": 0.0}
2026-09-30 06:39:52 /background-jobs/930fd758-37fe-4133-bd87-bf2f9c74df4b {"type": "usd", "usd": 0.0}
2026-09-30 06:39:56 /background-jobs/c84332e6-9d72-471d-be4a-31b70d55f3ec {"type": "usd", "usd": 0.0}
2026-09-30 06:39:56 /background-jobs/409524a8-2c52-48dd-ae62-ecc03955630f {"type": "usd", "usd": 0.0}
2026-09-30 06:39:56 /background-jobs/1d8dd305-012f-46df-8dde-ff0d22715469 {"type": "usd", "usd": 0.0}
2026-09-30 06:39:58 /background-jobs/930fd758-37fe-4133-bd87-bf2f9c74df4b {"type": "usd", "usd": 0.0}
2026-09-30 06:40:01 /background-jobs/c84332e6-9d72-471d-be4a-31b70d55f3ec {"type": "usd", "usd": 0.0}
2026-09-30 06:40:01 /background-jobs/409524a8-2c52-48dd-ae62-ecc03955630f {"type": "usd", "usd": 0.0}
2026-09-30 06:40:02 /background-jobs/1d8dd305-012f-46df-8dde-ff0d22715469 {"type": "usd", "usd": 0.0}
2026-09-30 06:40:05 /background-jobs/930fd758-37fe-4133-bd87-bf2f9c74df4b {"type": "usd", "usd": 0.0}
2026-09-30 06:40:07 /background-jobs/c84332e6-9d72-471d-be4a-31b70d55f3ec {"type": "usd", "usd": 0.0}
2026-09-30 06:40:07 /background-jobs/409524a8-2c52-48dd-ae62-ecc03955630f {"type": "usd", "usd": 0.0}
2026-09-30 06:40:08 /background-jobs/1d8dd305-012f-46df-8dde-ff0d22715469 {"type": "usd", "usd": 0.0}
2026-09-30 06:40:10 /background-jobs/930fd758-37fe-4133-bd87-bf2f9c74df4b {"type": "usd", "usd": 0.0}
2026-09-30 06:40:13 /background-jobs/c84332e6-9d72-471d-be4a-31b70d55f3ec {"type": "usd", "usd": 0.0}
2026-09-30 06:40:13 /background-jobs/409524a8-2c52-48dd-ae62-ecc03955630f {"type": "usd", "usd": 0.0}
2026-09-30 06:40:13 /background-jobs/1d8dd305-012f-46df-8dde-ff0d22715469 {"type": "usd", "usd": 0.0}
2026-09-30 06:40:16 /create-image-bitforge {"type": "generations", "generations": 1.0}
2026-09-30 06:40:16 /background-jobs/930fd758-37fe-4133-bd87-bf2f9c74df4b {"type": "usd", "usd": 0.0}
2026-09-30 06:40:18 /background-jobs/409524a8-2c52-48dd-ae62-ecc03955630f {"type": "usd", "usd": 0.0}
2026-09-30 06:40:18 /background-jobs/c84332e6-9d72-471d-be4a-31b70d55f3ec {"type": "usd", "usd": 0.0}
2026-09-30 06:40:19 /background-jobs/1d8dd305-012f-46df-8dde-ff0d22715469 {"type": "usd", "usd": 0.0}
2026-09-30 06:40:22 /background-jobs/930fd758-37fe-4133-bd87-bf2f9c74df4b {"type": "usd", "usd": 0.0}
2026-09-30 06:40:24 /background-jobs/409524a8-2c52-48dd-ae62-ecc03955630f {"type": "usd", "usd": 0.0}
2026-09-30 06:40:24 /background-jobs/c84332e6-9d72-471d-be4a-31b70d55f3ec {"type": "usd", "usd": 0.0}
2026-09-30 06:40:25 /background-jobs/1d8dd305-012f-46df-8dde-ff0d22715469 {"type": "usd", "usd": 0.0}
2026-09-30 06:40:28 /background-jobs/930fd758-37fe-4133-bd87-bf2f9c74df4b {"type": "usd", "usd": 0.0}
2026-09-30 06:40:30 /background-jobs/409524a8-2c52-48dd-ae62-ecc03955630f {"type": "usd", "usd": 0.0}
2026-09-30 06:40:30 /background-jobs/c84332e6-9d72-471d-be4a-31b70d55f3ec {"type": "usd", "usd": 0.0}
2026-09-30 06:40:32 /background-jobs/1d8dd305-012f-46df-8dde-ff0d22715469 {"type": "usd", "usd": 0.0}
2026-09-30 06:40:33 /background-jobs/930fd758-37fe-4133-bd87-bf2f9c74df4b {"type": "usd", "usd": 0.0}
2026-09-30 06:40:35 /background-jobs/409524a8-2c52-48dd-ae62-ecc03955630f {"type": "usd", "usd": 0.0}
2026-09-30 06:40:35 /background-jobs/c84332e6-9d72-471d-be4a-31b70d55f3ec {"type": "usd", "usd": 0.0}
2026-09-30 06:40:38 /background-jobs/1d8dd305-012f-46df-8dde-ff0d22715469 {"type": "usd", "usd": 0.0}
2026-09-30 06:40:38 /create-image-bitforge {"type": "generations", "generations": 1.0}
2026-09-30 06:40:39 /background-jobs/930fd758-37fe-4133-bd87-bf2f9c74df4b {"type": "usd", "usd": 0.0}
2026-09-30 06:40:41 /background-jobs/409524a8-2c52-48dd-ae62-ecc03955630f {"type": "usd", "usd": 0.0}
2026-09-30 06:40:41 /background-jobs/c84332e6-9d72-471d-be4a-31b70d55f3ec {"type": "usd", "usd": 0.0}
2026-09-30 06:40:44 /background-jobs/1d8dd305-012f-46df-8dde-ff0d22715469 {"type": "usd", "usd": 0.0}
2026-09-30 06:40:45 /background-jobs/930fd758-37fe-4133-bd87-bf2f9c74df4b {"type": "usd", "usd": 0.0}
2026-09-30 06:40:47 /background-jobs/409524a8-2c52-48dd-ae62-ecc03955630f {"type": "usd", "usd": 0.0}
2026-09-30 06:40:47 /background-jobs/c84332e6-9d72-471d-be4a-31b70d55f3ec {"type": "usd", "usd": 0.0}
2026-09-30 06:40:49 /background-jobs/1d8dd305-012f-46df-8dde-ff0d22715469 {"type": "usd", "usd": 0.0}
2026-09-30 06:40:50 /background-jobs/930fd758-37fe-4133-bd87-bf2f9c74df4b {"type": "usd", "usd": 0.0}
2026-09-30 06:40:52 /background-jobs/409524a8-2c52-48dd-ae62-ecc03955630f {"type": "usd", "usd": 0.0}
2026-09-30 06:40:53 /background-jobs/c84332e6-9d72-471d-be4a-31b70d55f3ec {"type": "usd", "usd": 0.0}
2026-09-30 06:40:55 /background-jobs/1d8dd305-012f-46df-8dde-ff0d22715469 {"type": "usd", "usd": 0.0}
2026-09-30 06:40:56 /background-jobs/930fd758-37fe-4133-bd87-bf2f9c74df4b {"type": "usd", "usd": 0.0}
2026-09-30 06:40:58 /background-jobs/409524a8-2c52-48dd-ae62-ecc03955630f {"type": "usd", "usd": 0.0}
2026-09-30 06:40:59 /background-jobs/c84332e6-9d72-471d-be4a-31b70d55f3ec {"type": "usd", "usd": 0.0}
2026-09-30 06:41:01 /background-jobs/1d8dd305-012f-46df-8dde-ff0d22715469 {"type": "usd", "usd": 0.0}
2026-09-30 06:41:02 /background-jobs/930fd758-37fe-4133-bd87-bf2f9c74df4b {"type": "usd", "usd": 0.0}
2026-09-30 06:41:04 /background-jobs/409524a8-2c52-48dd-ae62-ecc03955630f {"type": "usd", "usd": 0.0}
2026-09-30 06:41:04 /background-jobs/c84332e6-9d72-471d-be4a-31b70d55f3ec {"type": "usd", "usd": 0.0}
2026-09-30 06:41:06 /background-jobs/1d8dd305-012f-46df-8dde-ff0d22715469 {"type": "usd", "usd": 0.0}
2026-09-30 06:41:08 /background-jobs/930fd758-37fe-4133-bd87-bf2f9c74df4b {"type": "usd", "usd": 0.0}
2026-09-30 06:41:09 /background-jobs/409524a8-2c52-48dd-ae62-ecc03955630f {"type": "usd", "usd": 0.0}
2026-09-30 06:41:10 /background-jobs/c84332e6-9d72-471d-be4a-31b70d55f3ec {"type": "usd", "usd": 0.0}
2026-09-30 06:41:12 /background-jobs/1d8dd305-012f-46df-8dde-ff0d22715469 {"type": "usd", "usd": 0.0}
2026-09-30 06:41:13 /background-jobs/930fd758-37fe-4133-bd87-bf2f9c74df4b {"type": "usd", "usd": 0.0}
2026-09-30 06:41:15 /background-jobs/409524a8-2c52-48dd-ae62-ecc03955630f {"type": "usd", "usd": 0.0}
2026-09-30 06:41:16 /background-jobs/c84332e6-9d72-471d-be4a-31b70d55f3ec {"type": "usd", "usd": 0.0}
2026-09-30 06:41:18 /background-jobs/1d8dd305-012f-46df-8dde-ff0d22715469 {"type": "usd", "usd": 0.0}
2026-09-30 06:41:19 /background-jobs/930fd758-37fe-4133-bd87-bf2f9c74df4b {"type": "usd", "usd": 0.0}
2026-09-30 06:41:21 /background-jobs/409524a8-2c52-48dd-ae62-ecc03955630f {"type": "usd", "usd": 0.0}
2026-09-30 06:41:21 /background-jobs/c84332e6-9d72-471d-be4a-31b70d55f3ec {"type": "usd", "usd": 0.0}
2026-09-30 06:41:23 /background-jobs/1d8dd305-012f-46df-8dde-ff0d22715469 {"type": "usd", "usd": 0.0}
2026-09-30 06:41:25 /create-image-bitforge {"type": "generations", "generations": 1.0}
2026-09-30 06:41:25 /background-jobs/930fd758-37fe-4133-bd87-bf2f9c74df4b {"type": "usd", "usd": 0.0}
2026-09-30 06:41:26 /background-jobs/409524a8-2c52-48dd-ae62-ecc03955630f {"type": "usd", "usd": 0.0}
2026-09-30 06:41:27 /background-jobs/c84332e6-9d72-471d-be4a-31b70d55f3ec {"type": "usd", "usd": 0.0}
2026-09-30 06:41:29 /background-jobs/1d8dd305-012f-46df-8dde-ff0d22715469 {"type": "usd", "usd": 0.0}
2026-09-30 06:41:30 /background-jobs/930fd758-37fe-4133-bd87-bf2f9c74df4b {"type": "usd", "usd": 0.0}
2026-09-30 06:41:32 /background-jobs/409524a8-2c52-48dd-ae62-ecc03955630f {"type": "usd", "usd": 0.0}
2026-09-30 06:41:32 /background-jobs/c84332e6-9d72-471d-be4a-31b70d55f3ec {"type": "usd", "usd": 0.0}
2026-09-30 06:41:34 /background-jobs/1d8dd305-012f-46df-8dde-ff0d22715469 {"type": "usd", "usd": 0.0}
2026-09-30 06:41:36 /background-jobs/930fd758-37fe-4133-bd87-bf2f9c74df4b {"type": "usd", "usd": 0.0}
2026-09-30 06:41:38 /background-jobs/409524a8-2c52-48dd-ae62-ecc03955630f {"type": "usd", "usd": 0.0}
2026-09-30 06:41:38 /background-jobs/c84332e6-9d72-471d-be4a-31b70d55f3ec {"type": "usd", "usd": 0.0}
2026-09-30 06:41:40 /background-jobs/1d8dd305-012f-46df-8dde-ff0d22715469 {"type": "usd", "usd": 0.0}
2026-09-30 06:41:42 /background-jobs/930fd758-37fe-4133-bd87-bf2f9c74df4b {"type": "generations", "generations": 1.0}
2026-09-30 06:41:44 /background-jobs/409524a8-2c52-48dd-ae62-ecc03955630f {"type": "usd", "usd": 0.0}
2026-09-30 06:41:44 /background-jobs/c84332e6-9d72-471d-be4a-31b70d55f3ec {"type": "usd", "usd": 0.0}
2026-09-30 06:41:46 /background-jobs/1d8dd305-012f-46df-8dde-ff0d22715469 {"type": "usd", "usd": 0.0}
2026-09-30 06:41:50 /background-jobs/409524a8-2c52-48dd-ae62-ecc03955630f {"type": "usd", "usd": 0.0}
2026-09-30 06:41:50 /background-jobs/c84332e6-9d72-471d-be4a-31b70d55f3ec {"type": "usd", "usd": 0.0}
2026-09-30 06:41:51 /background-jobs/1d8dd305-012f-46df-8dde-ff0d22715469 {"type": "usd", "usd": 0.0}
2026-09-30 06:41:56 /background-jobs/c84332e6-9d72-471d-be4a-31b70d55f3ec {"type": "usd", "usd": 0.0}
2026-09-30 06:41:57 /background-jobs/409524a8-2c52-48dd-ae62-ecc03955630f {"type": "usd", "usd": 0.0}
2026-09-30 06:41:59 /create-image-bitforge {"type": "generations", "generations": 1.0}
2026-09-30 06:41:59 /background-jobs/1d8dd305-012f-46df-8dde-ff0d22715469 {"type": "usd", "usd": 0.0}
2026-09-30 06:42:01 /background-jobs/c84332e6-9d72-471d-be4a-31b70d55f3ec {"type": "usd", "usd": 0.0}
2026-09-30 06:42:02 /background-jobs/409524a8-2c52-48dd-ae62-ecc03955630f {"type": "usd", "usd": 0.0}
2026-09-30 06:42:05 /background-jobs/1d8dd305-012f-46df-8dde-ff0d22715469 {"type": "usd", "usd": 0.0}
2026-09-30 06:42:07 /background-jobs/c84332e6-9d72-471d-be4a-31b70d55f3ec {"type": "usd", "usd": 0.0}
2026-09-30 06:42:08 /background-jobs/409524a8-2c52-48dd-ae62-ecc03955630f {"type": "usd", "usd": 0.0}
2026-09-30 06:42:11 /background-jobs/1d8dd305-012f-46df-8dde-ff0d22715469 {"type": "usd", "usd": 0.0}
2026-09-30 06:42:13 /background-jobs/c84332e6-9d72-471d-be4a-31b70d55f3ec {"type": "usd", "usd": 0.0}
2026-09-30 06:42:14 /background-jobs/409524a8-2c52-48dd-ae62-ecc03955630f {"type": "usd", "usd": 0.0}
2026-09-30 06:42:16 /background-jobs/1d8dd305-012f-46df-8dde-ff0d22715469 {"type": "usd", "usd": 0.0}
2026-09-30 06:42:19 /background-jobs/c84332e6-9d72-471d-be4a-31b70d55f3ec {"type": "usd", "usd": 0.0}
2026-09-30 06:42:19 /background-jobs/409524a8-2c52-48dd-ae62-ecc03955630f {"type": "usd", "usd": 0.0}
2026-09-30 06:42:19 /create-image-bitforge {"type": "generations", "generations": 1.0}
2026-09-30 06:42:21 /create-image-bitforge {"type": "generations", "generations": 1.0}
2026-09-30 06:42:22 /background-jobs/1d8dd305-012f-46df-8dde-ff0d22715469 {"type": "usd", "usd": 0.0}
2026-09-30 06:42:24 /background-jobs/c84332e6-9d72-471d-be4a-31b70d55f3ec {"type": "usd", "usd": 0.0}
2026-09-30 06:42:25 /background-jobs/409524a8-2c52-48dd-ae62-ecc03955630f {"type": "usd", "usd": 0.0}
2026-09-30 06:42:27 /background-jobs/1d8dd305-012f-46df-8dde-ff0d22715469 {"type": "usd", "usd": 0.0}
2026-09-30 06:42:30 /background-jobs/c84332e6-9d72-471d-be4a-31b70d55f3ec {"type": "usd", "usd": 0.0}
2026-09-30 06:42:31 /background-jobs/409524a8-2c52-48dd-ae62-ecc03955630f {"type": "usd", "usd": 0.0}
2026-09-30 06:42:33 /background-jobs/1d8dd305-012f-46df-8dde-ff0d22715469 {"type": "usd", "usd": 0.0}
2026-09-30 06:42:36 /background-jobs/c84332e6-9d72-471d-be4a-31b70d55f3ec {"type": "usd", "usd": 0.0}
2026-09-30 06:42:36 /background-jobs/409524a8-2c52-48dd-ae62-ecc03955630f {"type": "usd", "usd": 0.0}
2026-09-30 06:42:39 /background-jobs/1d8dd305-012f-46df-8dde-ff0d22715469 {"type": "usd", "usd": 0.0}
2026-09-30 06:42:41 /background-jobs/c84332e6-9d72-471d-be4a-31b70d55f3ec {"type": "usd", "usd": 0.0}
2026-09-30 06:42:42 /background-jobs/409524a8-2c52-48dd-ae62-ecc03955630f {"type": "usd", "usd": 0.0}
2026-09-30 06:42:45 /background-jobs/1d8dd305-012f-46df-8dde-ff0d22715469 {"type": "usd", "usd": 0.0}
2026-09-30 06:42:47 /background-jobs/c84332e6-9d72-471d-be4a-31b70d55f3ec {"type": "usd", "usd": 0.0}
2026-09-30 06:42:48 /background-jobs/409524a8-2c52-48dd-ae62-ecc03955630f {"type": "usd", "usd": 0.0}
2026-09-30 06:42:50 /background-jobs/1d8dd305-012f-46df-8dde-ff0d22715469 {"type": "usd", "usd": 0.0}
2026-09-30 06:42:52 /background-jobs/c84332e6-9d72-471d-be4a-31b70d55f3ec {"type": "usd", "usd": 0.0}
2026-09-30 06:42:53 /create-image-bitforge {"type": "generations", "generations": 1.0}
2026-09-30 06:42:54 /background-jobs/409524a8-2c52-48dd-ae62-ecc03955630f {"type": "usd", "usd": 0.0}
2026-09-30 06:42:56 /background-jobs/1d8dd305-012f-46df-8dde-ff0d22715469 {"type": "usd", "usd": 0.0}
2026-09-30 06:42:57 /create-image-bitforge {"type": "generations", "generations": 1.0}
2026-09-30 06:42:58 /background-jobs/c84332e6-9d72-471d-be4a-31b70d55f3ec {"type": "usd", "usd": 0.0}
2026-09-30 06:42:59 /background-jobs/409524a8-2c52-48dd-ae62-ecc03955630f {"type": "usd", "usd": 0.0}
2026-09-30 06:43:02 /background-jobs/1d8dd305-012f-46df-8dde-ff0d22715469 {"type": "usd", "usd": 0.0}
2026-09-30 06:43:04 /background-jobs/c84332e6-9d72-471d-be4a-31b70d55f3ec {"type": "usd", "usd": 0.0}
2026-09-30 06:43:05 /background-jobs/409524a8-2c52-48dd-ae62-ecc03955630f {"type": "usd", "usd": 0.0}
2026-09-30 06:43:07 /background-jobs/1d8dd305-012f-46df-8dde-ff0d22715469 {"type": "usd", "usd": 0.0}
2026-09-30 06:43:09 /background-jobs/2858de0a-31e2-474d-868a-f83be59d154e {"type": "usd", "usd": 0.0}
2026-09-30 06:43:09 /background-jobs/c84332e6-9d72-471d-be4a-31b70d55f3ec {"type": "usd", "usd": 0.0}
2026-09-30 06:43:11 /background-jobs/409524a8-2c52-48dd-ae62-ecc03955630f {"type": "usd", "usd": 0.0}
2026-09-30 06:43:13 /background-jobs/1d8dd305-012f-46df-8dde-ff0d22715469 {"type": "usd", "usd": 0.0}
2026-09-30 06:43:15 /background-jobs/2858de0a-31e2-474d-868a-f83be59d154e {"type": "usd", "usd": 0.0}
2026-09-30 06:43:15 /background-jobs/c84332e6-9d72-471d-be4a-31b70d55f3ec {"type": "usd", "usd": 0.0}
2026-09-30 06:43:17 /background-jobs/409524a8-2c52-48dd-ae62-ecc03955630f {"type": "usd", "usd": 0.0}
2026-09-30 06:43:19 /background-jobs/1d8dd305-012f-46df-8dde-ff0d22715469 {"type": "usd", "usd": 0.0}
2026-09-30 06:43:20 /background-jobs/2858de0a-31e2-474d-868a-f83be59d154e {"type": "usd", "usd": 0.0}
2026-09-30 06:43:21 /background-jobs/c84332e6-9d72-471d-be4a-31b70d55f3ec {"type": "usd", "usd": 0.0}
2026-09-30 06:43:23 /background-jobs/409524a8-2c52-48dd-ae62-ecc03955630f {"type": "usd", "usd": 0.0}
2026-09-30 06:43:25 /background-jobs/1d8dd305-012f-46df-8dde-ff0d22715469 {"type": "usd", "usd": 0.0}
2026-09-30 06:43:26 /background-jobs/2858de0a-31e2-474d-868a-f83be59d154e {"type": "usd", "usd": 0.0}
2026-09-30 06:43:26 /background-jobs/c84332e6-9d72-471d-be4a-31b70d55f3ec {"type": "usd", "usd": 0.0}
2026-09-30 06:43:28 /background-jobs/409524a8-2c52-48dd-ae62-ecc03955630f {"type": "usd", "usd": 0.0}
2026-09-30 06:43:30 /background-jobs/1d8dd305-012f-46df-8dde-ff0d22715469 {"type": "usd", "usd": 0.0}
2026-09-30 06:43:31 /create-image-bitforge {"type": "generations", "generations": 1.0}
2026-09-30 06:43:32 /background-jobs/2858de0a-31e2-474d-868a-f83be59d154e {"type": "usd", "usd": 0.0}
2026-09-30 06:43:32 /background-jobs/c84332e6-9d72-471d-be4a-31b70d55f3ec {"type": "usd", "usd": 0.0}
2026-09-30 06:43:34 /background-jobs/409524a8-2c52-48dd-ae62-ecc03955630f {"type": "usd", "usd": 0.0}
2026-09-30 06:43:36 /background-jobs/1d8dd305-012f-46df-8dde-ff0d22715469 {"type": "usd", "usd": 0.0}
2026-09-30 06:43:37 /background-jobs/2858de0a-31e2-474d-868a-f83be59d154e {"type": "usd", "usd": 0.0}
2026-09-30 06:43:38 /background-jobs/c84332e6-9d72-471d-be4a-31b70d55f3ec {"type": "usd", "usd": 0.0}
2026-09-30 06:43:40 /background-jobs/409524a8-2c52-48dd-ae62-ecc03955630f {"type": "usd", "usd": 0.0}
2026-09-30 06:43:42 /background-jobs/1d8dd305-012f-46df-8dde-ff0d22715469 {"type": "usd", "usd": 0.0}
2026-09-30 06:43:43 /background-jobs/2858de0a-31e2-474d-868a-f83be59d154e {"type": "usd", "usd": 0.0}
2026-09-30 06:43:43 /background-jobs/c84332e6-9d72-471d-be4a-31b70d55f3ec {"type": "usd", "usd": 0.0}
2026-09-30 06:43:45 /background-jobs/409524a8-2c52-48dd-ae62-ecc03955630f {"type": "usd", "usd": 0.0}
2026-09-30 06:43:47 /background-jobs/1d8dd305-012f-46df-8dde-ff0d22715469 {"type": "usd", "usd": 0.0}
2026-09-30 06:43:49 /background-jobs/2858de0a-31e2-474d-868a-f83be59d154e {"type": "usd", "usd": 0.0}
2026-09-30 06:43:49 /background-jobs/c84332e6-9d72-471d-be4a-31b70d55f3ec {"type": "usd", "usd": 0.0}
2026-09-30 06:43:51 /create-image-bitforge {"type": "generations", "generations": 1.0}
2026-09-30 06:43:51 /background-jobs/409524a8-2c52-48dd-ae62-ecc03955630f {"type": "usd", "usd": 0.0}
2026-09-30 06:43:53 /background-jobs/1d8dd305-012f-46df-8dde-ff0d22715469 {"type": "usd", "usd": 0.0}
2026-09-30 06:43:55 /background-jobs/c84332e6-9d72-471d-be4a-31b70d55f3ec {"type": "generations", "generations": 1.0}
2026-09-30 06:43:56 /background-jobs/37124356-b98f-41cc-a5fd-f71615383ad2 {"type": "usd", "usd": 0.0}
2026-09-30 06:43:57 /background-jobs/409524a8-2c52-48dd-ae62-ecc03955630f {"type": "usd", "usd": 0.0}
2026-09-30 06:43:57 /background-jobs/2858de0a-31e2-474d-868a-f83be59d154e {"type": "usd", "usd": 0.0}
2026-09-30 06:43:59 /background-jobs/1d8dd305-012f-46df-8dde-ff0d22715469 {"type": "usd", "usd": 0.0}
2026-09-30 06:44:01 /background-jobs/37124356-b98f-41cc-a5fd-f71615383ad2 {"type": "usd", "usd": 0.0}
2026-09-30 06:44:02 /background-jobs/409524a8-2c52-48dd-ae62-ecc03955630f {"type": "usd", "usd": 0.0}
2026-09-30 06:44:02 /background-jobs/2858de0a-31e2-474d-868a-f83be59d154e {"type": "usd", "usd": 0.0}
2026-09-30 06:44:04 /background-jobs/1d8dd305-012f-46df-8dde-ff0d22715469 {"type": "usd", "usd": 0.0}
2026-09-30 06:44:07 /background-jobs/37124356-b98f-41cc-a5fd-f71615383ad2 {"type": "usd", "usd": 0.0}
2026-09-30 06:44:08 /background-jobs/2858de0a-31e2-474d-868a-f83be59d154e {"type": "usd", "usd": 0.0}
2026-09-30 06:44:08 /background-jobs/409524a8-2c52-48dd-ae62-ecc03955630f {"type": "usd", "usd": 0.0}
2026-09-30 06:44:10 /background-jobs/1d8dd305-012f-46df-8dde-ff0d22715469 {"type": "usd", "usd": 0.0}
2026-09-30 06:44:13 /background-jobs/37124356-b98f-41cc-a5fd-f71615383ad2 {"type": "usd", "usd": 0.0}
2026-09-30 06:44:14 /background-jobs/2858de0a-31e2-474d-868a-f83be59d154e {"type": "usd", "usd": 0.0}
2026-09-30 06:44:14 /background-jobs/409524a8-2c52-48dd-ae62-ecc03955630f {"type": "usd", "usd": 0.0}
2026-09-30 06:44:15 /background-jobs/1d8dd305-012f-46df-8dde-ff0d22715469 {"type": "usd", "usd": 0.0}
2026-09-30 06:44:18 /create-image-bitforge {"type": "generations", "generations": 1.0}
2026-09-30 06:44:19 /background-jobs/37124356-b98f-41cc-a5fd-f71615383ad2 {"type": "usd", "usd": 0.0}
2026-09-30 06:44:19 /background-jobs/2858de0a-31e2-474d-868a-f83be59d154e {"type": "usd", "usd": 0.0}
2026-09-30 06:44:20 /background-jobs/409524a8-2c52-48dd-ae62-ecc03955630f {"type": "usd", "usd": 0.0}
2026-09-30 06:44:21 /background-jobs/1d8dd305-012f-46df-8dde-ff0d22715469 {"type": "usd", "usd": 0.0}
2026-09-30 06:44:25 /background-jobs/2858de0a-31e2-474d-868a-f83be59d154e {"type": "usd", "usd": 0.0}
2026-09-30 06:44:25 /background-jobs/409524a8-2c52-48dd-ae62-ecc03955630f {"type": "usd", "usd": 0.0}
2026-09-30 06:44:26 /background-jobs/37124356-b98f-41cc-a5fd-f71615383ad2 {"type": "usd", "usd": 0.0}
2026-09-30 06:44:27 /background-jobs/1d8dd305-012f-46df-8dde-ff0d22715469 {"type": "usd", "usd": 0.0}
2026-09-30 06:44:31 /background-jobs/2858de0a-31e2-474d-868a-f83be59d154e {"type": "usd", "usd": 0.0}
2026-09-30 06:44:31 /background-jobs/409524a8-2c52-48dd-ae62-ecc03955630f {"type": "usd", "usd": 0.0}
2026-09-30 06:44:31 /background-jobs/37124356-b98f-41cc-a5fd-f71615383ad2 {"type": "usd", "usd": 0.0}
2026-09-30 06:44:32 /background-jobs/1d8dd305-012f-46df-8dde-ff0d22715469 {"type": "usd", "usd": 0.0}
2026-09-30 06:44:37 /background-jobs/2858de0a-31e2-474d-868a-f83be59d154e {"type": "generations", "generations": 1.0}
2026-09-30 06:44:37 /background-jobs/409524a8-2c52-48dd-ae62-ecc03955630f {"type": "usd", "usd": 0.0}
2026-09-30 06:44:37 /background-jobs/37124356-b98f-41cc-a5fd-f71615383ad2 {"type": "usd", "usd": 0.0}
2026-09-30 06:44:38 /background-jobs/1d8dd305-012f-46df-8dde-ff0d22715469 {"type": "usd", "usd": 0.0}
2026-09-30 06:44:42 /background-jobs/409524a8-2c52-48dd-ae62-ecc03955630f {"type": "usd", "usd": 0.0}
2026-09-30 06:44:43 /background-jobs/37124356-b98f-41cc-a5fd-f71615383ad2 {"type": "usd", "usd": 0.0}
2026-09-30 06:44:43 /background-jobs/2858de0a-31e2-474d-868a-f83be59d154e {"type": "generations", "generations": 1.0}
2026-09-30 06:44:44 /background-jobs/1d8dd305-012f-46df-8dde-ff0d22715469 {"type": "usd", "usd": 0.0}
2026-09-30 06:44:44 /background-jobs/60ab89e5-e4f7-428f-acb4-cb47faab4385 {"type": "usd", "usd": 0.0}
2026-09-30 06:44:47 /create-image-bitforge {"type": "generations", "generations": 1.0}
2026-09-30 06:44:48 /background-jobs/409524a8-2c52-48dd-ae62-ecc03955630f {"type": "usd", "usd": 0.0}
2026-09-30 06:44:48 /background-jobs/37124356-b98f-41cc-a5fd-f71615383ad2 {"type": "usd", "usd": 0.0}
2026-09-30 06:44:49 /background-jobs/1d8dd305-012f-46df-8dde-ff0d22715469 {"type": "usd", "usd": 0.0}
2026-09-30 06:44:50 /background-jobs/60ab89e5-e4f7-428f-acb4-cb47faab4385 {"type": "usd", "usd": 0.0}
2026-09-30 06:44:54 /background-jobs/37124356-b98f-41cc-a5fd-f71615383ad2 {"type": "usd", "usd": 0.0}
2026-09-30 06:44:54 /background-jobs/409524a8-2c52-48dd-ae62-ecc03955630f {"type": "usd", "usd": 0.0}
2026-09-30 06:44:55 /background-jobs/1d8dd305-012f-46df-8dde-ff0d22715469 {"type": "usd", "usd": 0.0}
2026-09-30 06:44:56 /background-jobs/60ab89e5-e4f7-428f-acb4-cb47faab4385 {"type": "usd", "usd": 0.0}
2026-09-30 06:45:00 /background-jobs/37124356-b98f-41cc-a5fd-f71615383ad2 {"type": "usd", "usd": 0.0}
2026-09-30 06:45:00 /background-jobs/409524a8-2c52-48dd-ae62-ecc03955630f {"type": "usd", "usd": 0.0}
2026-09-30 06:45:01 /background-jobs/1d8dd305-012f-46df-8dde-ff0d22715469 {"type": "usd", "usd": 0.0}
2026-09-30 06:45:02 /background-jobs/60ab89e5-e4f7-428f-acb4-cb47faab4385 {"type": "usd", "usd": 0.0}
2026-09-30 06:45:05 /background-jobs/37124356-b98f-41cc-a5fd-f71615383ad2 {"type": "usd", "usd": 0.0}
2026-09-30 06:45:06 /background-jobs/409524a8-2c52-48dd-ae62-ecc03955630f {"type": "usd", "usd": 0.0}
2026-09-30 06:45:07 /background-jobs/1d8dd305-012f-46df-8dde-ff0d22715469 {"type": "usd", "usd": 0.0}
2026-09-30 06:45:07 /background-jobs/60ab89e5-e4f7-428f-acb4-cb47faab4385 {"type": "usd", "usd": 0.0}
2026-09-30 06:45:11 /background-jobs/37124356-b98f-41cc-a5fd-f71615383ad2 {"type": "usd", "usd": 0.0}
2026-09-30 06:45:11 /background-jobs/409524a8-2c52-48dd-ae62-ecc03955630f {"type": "usd", "usd": 0.0}
2026-09-30 06:45:12 /background-jobs/1d8dd305-012f-46df-8dde-ff0d22715469 {"type": "usd", "usd": 0.0}
2026-09-30 06:45:12 /create-image-bitforge {"type": "generations", "generations": 1.0}
2026-09-30 06:45:13 /background-jobs/60ab89e5-e4f7-428f-acb4-cb47faab4385 {"type": "usd", "usd": 0.0}
2026-09-30 06:45:17 /background-jobs/37124356-b98f-41cc-a5fd-f71615383ad2 {"type": "usd", "usd": 0.0}
2026-09-30 06:45:17 /background-jobs/409524a8-2c52-48dd-ae62-ecc03955630f {"type": "usd", "usd": 0.0}
2026-09-30 06:45:18 /background-jobs/d40af68c-949e-4cb5-aecb-bd62840df21a {"type": "usd", "usd": 0.0}
2026-09-30 06:45:18 /background-jobs/1d8dd305-012f-46df-8dde-ff0d22715469 {"type": "usd", "usd": 0.0}
2026-09-30 06:45:19 /background-jobs/60ab89e5-e4f7-428f-acb4-cb47faab4385 {"type": "usd", "usd": 0.0}
2026-09-30 06:45:22 /background-jobs/37124356-b98f-41cc-a5fd-f71615383ad2 {"type": "usd", "usd": 0.0}
2026-09-30 06:45:22 /background-jobs/409524a8-2c52-48dd-ae62-ecc03955630f {"type": "usd", "usd": 0.0}
2026-09-30 06:45:23 /background-jobs/d40af68c-949e-4cb5-aecb-bd62840df21a {"type": "usd", "usd": 0.0}
2026-09-30 06:45:24 /background-jobs/1d8dd305-012f-46df-8dde-ff0d22715469 {"type": "usd", "usd": 0.0}
2026-09-30 06:45:24 /background-jobs/60ab89e5-e4f7-428f-acb4-cb47faab4385 {"type": "usd", "usd": 0.0}
2026-09-30 06:45:28 /background-jobs/409524a8-2c52-48dd-ae62-ecc03955630f {"type": "usd", "usd": 0.0}
2026-09-30 06:45:29 /background-jobs/37124356-b98f-41cc-a5fd-f71615383ad2 {"type": "usd", "usd": 0.0}
2026-09-30 06:45:29 /background-jobs/d40af68c-949e-4cb5-aecb-bd62840df21a {"type": "usd", "usd": 0.0}
2026-09-30 06:45:29 /background-jobs/1d8dd305-012f-46df-8dde-ff0d22715469 {"type": "usd", "usd": 0.0}
2026-09-30 06:45:30 /background-jobs/60ab89e5-e4f7-428f-acb4-cb47faab4385 {"type": "usd", "usd": 0.0}
2026-09-30 06:45:34 /background-jobs/409524a8-2c52-48dd-ae62-ecc03955630f {"type": "usd", "usd": 0.0}
2026-09-30 06:45:35 /background-jobs/37124356-b98f-41cc-a5fd-f71615383ad2 {"type": "usd", "usd": 0.0}
2026-09-30 06:45:35 /background-jobs/d40af68c-949e-4cb5-aecb-bd62840df21a {"type": "usd", "usd": 0.0}
2026-09-30 06:45:35 /background-jobs/1d8dd305-012f-46df-8dde-ff0d22715469 {"type": "usd", "usd": 0.0}
2026-09-30 06:45:36 /background-jobs/60ab89e5-e4f7-428f-acb4-cb47faab4385 {"type": "usd", "usd": 0.0}
2026-09-30 06:45:39 /background-jobs/409524a8-2c52-48dd-ae62-ecc03955630f {"type": "usd", "usd": 0.0}
2026-09-30 06:45:40 /background-jobs/37124356-b98f-41cc-a5fd-f71615383ad2 {"type": "usd", "usd": 0.0}
2026-09-30 06:45:40 /background-jobs/d40af68c-949e-4cb5-aecb-bd62840df21a {"type": "generations", "generations": 1.0}
2026-09-30 06:45:41 /background-jobs/1d8dd305-012f-46df-8dde-ff0d22715469 {"type": "usd", "usd": 0.0}
2026-09-30 06:45:42 /background-jobs/60ab89e5-e4f7-428f-acb4-cb47faab4385 {"type": "usd", "usd": 0.0}
2026-09-30 06:45:42 /create-image-bitforge {"type": "generations", "generations": 1.0}
2026-09-30 06:45:45 /background-jobs/409524a8-2c52-48dd-ae62-ecc03955630f {"type": "usd", "usd": 0.0}
2026-09-30 06:45:46 /background-jobs/37124356-b98f-41cc-a5fd-f71615383ad2 {"type": "usd", "usd": 0.0}
2026-09-30 06:45:46 /background-jobs/d40af68c-949e-4cb5-aecb-bd62840df21a {"type": "generations", "generations": 1.0}
2026-09-30 06:45:46 /background-jobs/1d8dd305-012f-46df-8dde-ff0d22715469 {"type": "usd", "usd": 0.0}
2026-09-30 06:45:48 /background-jobs/60ab89e5-e4f7-428f-acb4-cb47faab4385 {"type": "usd", "usd": 0.0}
2026-09-30 06:45:51 /background-jobs/409524a8-2c52-48dd-ae62-ecc03955630f {"type": "usd", "usd": 0.0}
2026-09-30 06:45:51 /background-jobs/37124356-b98f-41cc-a5fd-f71615383ad2 {"type": "usd", "usd": 0.0}
2026-09-30 06:45:52 /background-jobs/1d8dd305-012f-46df-8dde-ff0d22715469 {"type": "usd", "usd": 0.0}
2026-09-30 06:45:53 /background-jobs/60ab89e5-e4f7-428f-acb4-cb47faab4385 {"type": "usd", "usd": 0.0}
2026-09-30 06:45:56 /background-jobs/409524a8-2c52-48dd-ae62-ecc03955630f {"type": "usd", "usd": 0.0}
2026-09-30 06:45:57 /background-jobs/37124356-b98f-41cc-a5fd-f71615383ad2 {"type": "usd", "usd": 0.0}
2026-09-30 06:45:58 /background-jobs/1d8dd305-012f-46df-8dde-ff0d22715469 {"type": "usd", "usd": 0.0}
2026-09-30 06:46:00 /background-jobs/60ab89e5-e4f7-428f-acb4-cb47faab4385 {"type": "generations", "generations": 1.0}
2026-09-30 06:46:00 /create-image-bitforge {"type": "generations", "generations": 1.0}
2026-09-30 06:46:02 /background-jobs/409524a8-2c52-48dd-ae62-ecc03955630f {"type": "usd", "usd": 0.0}
2026-09-30 06:46:03 /background-jobs/37124356-b98f-41cc-a5fd-f71615383ad2 {"type": "usd", "usd": 0.0}
2026-09-30 06:46:03 /background-jobs/1d8dd305-012f-46df-8dde-ff0d22715469 {"type": "usd", "usd": 0.0}
2026-09-30 06:46:08 /background-jobs/409524a8-2c52-48dd-ae62-ecc03955630f {"type": "usd", "usd": 0.0}
2026-09-30 06:46:08 /background-jobs/37124356-b98f-41cc-a5fd-f71615383ad2 {"type": "usd", "usd": 0.0}
2026-09-30 06:46:09 /background-jobs/1d8dd305-012f-46df-8dde-ff0d22715469 {"type": "usd", "usd": 0.0}
2026-09-30 06:46:13 /create-image-bitforge {"type": "generations", "generations": 1.0}
2026-09-30 06:46:13 /background-jobs/409524a8-2c52-48dd-ae62-ecc03955630f {"type": "usd", "usd": 0.0}
2026-09-30 06:46:14 /background-jobs/37124356-b98f-41cc-a5fd-f71615383ad2 {"type": "usd", "usd": 0.0}
2026-09-30 06:46:15 /background-jobs/1d8dd305-012f-46df-8dde-ff0d22715469 {"type": "usd", "usd": 0.0}
2026-09-30 06:46:15 /background-jobs/2c61729d-4a88-4796-8283-d0eb419044a2 {"type": "usd", "usd": 0.0}
2026-09-30 06:46:19 /background-jobs/409524a8-2c52-48dd-ae62-ecc03955630f {"type": "usd", "usd": 0.0}
2026-09-30 06:46:20 /background-jobs/37124356-b98f-41cc-a5fd-f71615383ad2 {"type": "usd", "usd": 0.0}
2026-09-30 06:46:20 /background-jobs/1d8dd305-012f-46df-8dde-ff0d22715469 {"type": "usd", "usd": 0.0}
2026-09-30 06:46:21 /background-jobs/2c61729d-4a88-4796-8283-d0eb419044a2 {"type": "usd", "usd": 0.0}
2026-09-30 06:46:25 /background-jobs/409524a8-2c52-48dd-ae62-ecc03955630f {"type": "usd", "usd": 0.0}
2026-09-30 06:46:25 /background-jobs/37124356-b98f-41cc-a5fd-f71615383ad2 {"type": "usd", "usd": 0.0}
2026-09-30 06:46:26 /background-jobs/1d8dd305-012f-46df-8dde-ff0d22715469 {"type": "usd", "usd": 0.0}
2026-09-30 06:46:27 /background-jobs/2c61729d-4a88-4796-8283-d0eb419044a2 {"type": "usd", "usd": 0.0}
2026-09-30 06:46:27 /background-jobs/28cd479e-5481-4360-bf4b-ba3ba396ff09 {"type": "usd", "usd": 0.0}
2026-09-30 06:46:29 /create-image-bitforge {"type": "generations", "generations": 1.0}
2026-09-30 06:46:30 /background-jobs/409524a8-2c52-48dd-ae62-ecc03955630f {"type": "usd", "usd": 0.0}
2026-09-30 06:46:31 /background-jobs/37124356-b98f-41cc-a5fd-f71615383ad2 {"type": "usd", "usd": 0.0}
2026-09-30 06:46:32 /background-jobs/1d8dd305-012f-46df-8dde-ff0d22715469 {"type": "usd", "usd": 0.0}
2026-09-30 06:46:33 /background-jobs/2c61729d-4a88-4796-8283-d0eb419044a2 {"type": "generations", "generations": 1.0}
2026-09-30 06:46:33 /background-jobs/28cd479e-5481-4360-bf4b-ba3ba396ff09 {"type": "usd", "usd": 0.0}
2026-09-30 06:46:36 /background-jobs/409524a8-2c52-48dd-ae62-ecc03955630f {"type": "usd", "usd": 0.0}
2026-09-30 06:46:37 /background-jobs/37124356-b98f-41cc-a5fd-f71615383ad2 {"type": "usd", "usd": 0.0}
2026-09-30 06:46:37 /background-jobs/1d8dd305-012f-46df-8dde-ff0d22715469 {"type": "usd", "usd": 0.0}
2026-09-30 06:46:39 /background-jobs/28cd479e-5481-4360-bf4b-ba3ba396ff09 {"type": "usd", "usd": 0.0}
2026-09-30 06:46:41 /background-jobs/409524a8-2c52-48dd-ae62-ecc03955630f {"type": "usd", "usd": 0.0}
2026-09-30 06:46:43 /background-jobs/1d8dd305-012f-46df-8dde-ff0d22715469 {"type": "usd", "usd": 0.0}
2026-09-30 06:46:44 /background-jobs/37124356-b98f-41cc-a5fd-f71615383ad2 {"type": "usd", "usd": 0.0}
2026-09-30 06:46:45 /background-jobs/28cd479e-5481-4360-bf4b-ba3ba396ff09 {"type": "usd", "usd": 0.0}
2026-09-30 06:46:47 /background-jobs/409524a8-2c52-48dd-ae62-ecc03955630f {"type": "usd", "usd": 0.0}
2026-09-30 06:46:49 /background-jobs/1d8dd305-012f-46df-8dde-ff0d22715469 {"type": "usd", "usd": 0.0}
2026-09-30 06:46:49 /background-jobs/37124356-b98f-41cc-a5fd-f71615383ad2 {"type": "usd", "usd": 0.0}
2026-09-30 06:46:51 /background-jobs/28cd479e-5481-4360-bf4b-ba3ba396ff09 {"type": "usd", "usd": 0.0}
2026-09-30 06:46:53 /background-jobs/409524a8-2c52-48dd-ae62-ecc03955630f {"type": "usd", "usd": 0.0}
2026-09-30 06:46:55 /background-jobs/1d8dd305-012f-46df-8dde-ff0d22715469 {"type": "usd", "usd": 0.0}
2026-09-30 06:46:55 /background-jobs/37124356-b98f-41cc-a5fd-f71615383ad2 {"type": "usd", "usd": 0.0}
2026-09-30 06:46:55 /background-jobs/d9a8a046-8372-42fd-b14e-644eb6b34ac0 {"type": "usd", "usd": 0.0}
2026-09-30 06:46:56 /create-image-bitforge {"type": "generations", "generations": 1.0}
2026-09-30 06:46:57 /background-jobs/28cd479e-5481-4360-bf4b-ba3ba396ff09 {"type": "usd", "usd": 0.0}
2026-09-30 06:46:58 /background-jobs/409524a8-2c52-48dd-ae62-ecc03955630f {"type": "usd", "usd": 0.0}
2026-09-30 06:47:00 /background-jobs/1d8dd305-012f-46df-8dde-ff0d22715469 {"type": "usd", "usd": 0.0}
2026-09-30 06:47:00 /background-jobs/37124356-b98f-41cc-a5fd-f71615383ad2 {"type": "usd", "usd": 0.0}
2026-09-30 06:47:01 /background-jobs/d9a8a046-8372-42fd-b14e-644eb6b34ac0 {"type": "usd", "usd": 0.0}
2026-09-30 06:47:02 /background-jobs/28cd479e-5481-4360-bf4b-ba3ba396ff09 {"type": "usd", "usd": 0.0}
2026-09-30 06:47:04 /background-jobs/409524a8-2c52-48dd-ae62-ecc03955630f {"type": "usd", "usd": 0.0}
2026-09-30 06:47:06 /background-jobs/1d8dd305-012f-46df-8dde-ff0d22715469 {"type": "usd", "usd": 0.0}
2026-09-30 06:47:06 /background-jobs/37124356-b98f-41cc-a5fd-f71615383ad2 {"type": "usd", "usd": 0.0}
2026-09-30 06:47:07 /background-jobs/d9a8a046-8372-42fd-b14e-644eb6b34ac0 {"type": "usd", "usd": 0.0}
2026-09-30 06:47:08 /background-jobs/28cd479e-5481-4360-bf4b-ba3ba396ff09 {"type": "usd", "usd": 0.0}
2026-09-30 06:47:10 /background-jobs/409524a8-2c52-48dd-ae62-ecc03955630f {"type": "usd", "usd": 0.0}
2026-09-30 06:47:12 /background-jobs/1d8dd305-012f-46df-8dde-ff0d22715469 {"type": "usd", "usd": 0.0}
2026-09-30 06:47:12 /background-jobs/37124356-b98f-41cc-a5fd-f71615383ad2 {"type": "usd", "usd": 0.0}
2026-09-30 06:47:13 /background-jobs/d9a8a046-8372-42fd-b14e-644eb6b34ac0 {"type": "generations", "generations": 1.0}
2026-09-30 06:47:13 /background-jobs/28cd479e-5481-4360-bf4b-ba3ba396ff09 {"type": "usd", "usd": 0.0}
2026-09-30 06:47:16 /background-jobs/409524a8-2c52-48dd-ae62-ecc03955630f {"type": "usd", "usd": 0.0}
2026-09-30 06:47:17 /background-jobs/1d8dd305-012f-46df-8dde-ff0d22715469 {"type": "usd", "usd": 0.0}
2026-09-30 06:47:18 /background-jobs/37124356-b98f-41cc-a5fd-f71615383ad2 {"type": "usd", "usd": 0.0}
2026-09-30 06:47:20 /background-jobs/28cd479e-5481-4360-bf4b-ba3ba396ff09 {"type": "usd", "usd": 0.0}
2026-09-30 06:47:21 /background-jobs/409524a8-2c52-48dd-ae62-ecc03955630f {"type": "usd", "usd": 0.0}
2026-09-30 06:47:23 /background-jobs/1d8dd305-012f-46df-8dde-ff0d22715469 {"type": "usd", "usd": 0.0}
2026-09-30 06:47:23 /background-jobs/37124356-b98f-41cc-a5fd-f71615383ad2 {"type": "usd", "usd": 0.0}
2026-09-30 06:47:26 /background-jobs/28cd479e-5481-4360-bf4b-ba3ba396ff09 {"type": "usd", "usd": 0.0}
2026-09-30 06:47:27 /background-jobs/409524a8-2c52-48dd-ae62-ecc03955630f {"type": "usd", "usd": 0.0}
2026-09-30 06:47:28 /create-image-bitforge {"type": "generations", "generations": 1.0}
2026-09-30 06:47:29 /background-jobs/37124356-b98f-41cc-a5fd-f71615383ad2 {"type": "usd", "usd": 0.0}
2026-09-30 06:47:31 /background-jobs/28cd479e-5481-4360-bf4b-ba3ba396ff09 {"type": "usd", "usd": 0.0}
2026-09-30 06:47:32 /background-jobs/409524a8-2c52-48dd-ae62-ecc03955630f {"type": "usd", "usd": 0.0}
2026-09-30 06:47:36 /background-jobs/37124356-b98f-41cc-a5fd-f71615383ad2 {"type": "usd", "usd": 0.0}
2026-09-30 06:47:37 /background-jobs/28cd479e-5481-4360-bf4b-ba3ba396ff09 {"type": "usd", "usd": 0.0}
2026-09-30 06:47:41 /background-jobs/37124356-b98f-41cc-a5fd-f71615383ad2 {"type": "usd", "usd": 0.0}
2026-09-30 06:47:43 /background-jobs/28cd479e-5481-4360-bf4b-ba3ba396ff09 {"type": "usd", "usd": 0.0}
2026-09-30 06:47:47 /background-jobs/37124356-b98f-41cc-a5fd-f71615383ad2 {"type": "usd", "usd": 0.0}
2026-09-30 06:47:48 /background-jobs/28cd479e-5481-4360-bf4b-ba3ba396ff09 {"type": "usd", "usd": 0.0}
2026-09-30 06:47:53 /background-jobs/37124356-b98f-41cc-a5fd-f71615383ad2 {"type": "usd", "usd": 0.0}
2026-09-30 06:47:54 /background-jobs/28cd479e-5481-4360-bf4b-ba3ba396ff09 {"type": "usd", "usd": 0.0}
2026-09-30 06:47:55 /create-image-bitforge {"type": "generations", "generations": 1.0}
2026-09-30 06:47:58 /background-jobs/37124356-b98f-41cc-a5fd-f71615383ad2 {"type": "usd", "usd": 0.0}
2026-09-30 06:48:00 /background-jobs/28cd479e-5481-4360-bf4b-ba3ba396ff09 {"type": "usd", "usd": 0.0}
2026-09-30 06:48:01 /background-jobs/c565c50c-3cb9-4d5e-8471-00f7b2b7a209 {"type": "usd", "usd": 0.0}
2026-09-30 06:48:01 /background-jobs/dc651222-b3f6-41aa-bec6-1a3a38e5a373 {"type": "usd", "usd": 0.0}
2026-09-30 06:48:01 /background-jobs/9e68a442-6381-4c1f-ae79-61fe5f65193b {"type": "usd", "usd": 0.0}
2026-09-30 06:48:02 /background-jobs/a0b2f8a0-33d8-4982-a582-3ef0b130167e {"type": "usd", "usd": 0.0}
2026-09-30 06:48:02 /background-jobs/47becece-932a-4550-a14c-d7cc431e6783 {"type": "usd", "usd": 0.0}
2026-09-30 06:48:04 /background-jobs/37124356-b98f-41cc-a5fd-f71615383ad2 {"type": "usd", "usd": 0.0}
2026-09-30 06:48:05 /background-jobs/28cd479e-5481-4360-bf4b-ba3ba396ff09 {"type": "usd", "usd": 0.0}
2026-09-30 06:48:07 /background-jobs/c565c50c-3cb9-4d5e-8471-00f7b2b7a209 {"type": "usd", "usd": 0.0}
2026-09-30 06:48:07 /background-jobs/9e68a442-6381-4c1f-ae79-61fe5f65193b {"type": "usd", "usd": 0.0}
2026-09-30 06:48:07 /background-jobs/dc651222-b3f6-41aa-bec6-1a3a38e5a373 {"type": "usd", "usd": 0.0}
2026-09-30 06:48:07 /background-jobs/a0b2f8a0-33d8-4982-a582-3ef0b130167e {"type": "usd", "usd": 0.0}
2026-09-30 06:48:08 /background-jobs/47becece-932a-4550-a14c-d7cc431e6783 {"type": "usd", "usd": 0.0}
2026-09-30 06:48:10 /background-jobs/37124356-b98f-41cc-a5fd-f71615383ad2 {"type": "usd", "usd": 0.0}
2026-09-30 06:48:12 /background-jobs/28cd479e-5481-4360-bf4b-ba3ba396ff09 {"type": "generations", "generations": 1.0}
2026-09-30 06:48:12 /background-jobs/c565c50c-3cb9-4d5e-8471-00f7b2b7a209 {"type": "usd", "usd": 0.0}
2026-09-30 06:48:13 /background-jobs/9e68a442-6381-4c1f-ae79-61fe5f65193b {"type": "usd", "usd": 0.0}
2026-09-30 06:48:13 /background-jobs/dc651222-b3f6-41aa-bec6-1a3a38e5a373 {"type": "usd", "usd": 0.0}
2026-09-30 06:48:13 /background-jobs/a0b2f8a0-33d8-4982-a582-3ef0b130167e {"type": "usd", "usd": 0.0}
2026-09-30 06:48:13 /background-jobs/47becece-932a-4550-a14c-d7cc431e6783 {"type": "usd", "usd": 0.0}
2026-09-30 06:48:15 /background-jobs/37124356-b98f-41cc-a5fd-f71615383ad2 {"type": "usd", "usd": 0.0}
2026-09-30 06:48:18 /background-jobs/c565c50c-3cb9-4d5e-8471-00f7b2b7a209 {"type": "usd", "usd": 0.0}
2026-09-30 06:48:18 /background-jobs/28cd479e-5481-4360-bf4b-ba3ba396ff09 {"type": "generations", "generations": 1.0}
2026-09-30 06:48:18 /background-jobs/9e68a442-6381-4c1f-ae79-61fe5f65193b {"type": "usd", "usd": 0.0}
2026-09-30 06:48:18 /background-jobs/dc651222-b3f6-41aa-bec6-1a3a38e5a373 {"type": "usd", "usd": 0.0}
2026-09-30 06:48:19 /background-jobs/a0b2f8a0-33d8-4982-a582-3ef0b130167e {"type": "usd", "usd": 0.0}
2026-09-30 06:48:19 /background-jobs/47becece-932a-4550-a14c-d7cc431e6783 {"type": "usd", "usd": 0.0}
2026-09-30 06:48:21 /background-jobs/37124356-b98f-41cc-a5fd-f71615383ad2 {"type": "usd", "usd": 0.0}
2026-09-30 06:48:24 /background-jobs/c565c50c-3cb9-4d5e-8471-00f7b2b7a209 {"type": "generations", "generations": 1.0}
2026-09-30 06:48:24 /background-jobs/9e68a442-6381-4c1f-ae79-61fe5f65193b {"type": "usd", "usd": 0.0}
2026-09-30 06:48:24 /background-jobs/a0b2f8a0-33d8-4982-a582-3ef0b130167e {"type": "usd", "usd": 0.0}
2026-09-30 06:48:25 /background-jobs/47becece-932a-4550-a14c-d7cc431e6783 {"type": "usd", "usd": 0.0}
2026-09-30 06:48:25 /background-jobs/dc651222-b3f6-41aa-bec6-1a3a38e5a373 {"type": "usd", "usd": 0.0}
2026-09-30 06:48:27 /background-jobs/37124356-b98f-41cc-a5fd-f71615383ad2 {"type": "usd", "usd": 0.0}
2026-09-30 06:48:29 /create-image-bitforge {"type": "generations", "generations": 1.0}
2026-09-30 06:48:30 /background-jobs/9e68a442-6381-4c1f-ae79-61fe5f65193b {"type": "usd", "usd": 0.0}
2026-09-30 06:48:30 /background-jobs/a0b2f8a0-33d8-4982-a582-3ef0b130167e {"type": "usd", "usd": 0.0}
2026-09-30 06:48:31 /background-jobs/dc651222-b3f6-41aa-bec6-1a3a38e5a373 {"type": "usd", "usd": 0.0}
2026-09-30 06:48:32 /background-jobs/37124356-b98f-41cc-a5fd-f71615383ad2 {"type": "usd", "usd": 0.0}
2026-09-30 06:48:32 /background-jobs/47becece-932a-4550-a14c-d7cc431e6783 {"type": "generations", "generations": 1.0}
2026-09-30 06:48:35 /background-jobs/9e68a442-6381-4c1f-ae79-61fe5f65193b {"type": "usd", "usd": 0.0}
2026-09-30 06:48:36 /background-jobs/a0b2f8a0-33d8-4982-a582-3ef0b130167e {"type": "usd", "usd": 0.0}
2026-09-30 06:48:37 /background-jobs/dc651222-b3f6-41aa-bec6-1a3a38e5a373 {"type": "usd", "usd": 0.0}
2026-09-30 06:48:38 /background-jobs/37124356-b98f-41cc-a5fd-f71615383ad2 {"type": "usd", "usd": 0.0}
2026-09-30 06:48:41 /background-jobs/9e68a442-6381-4c1f-ae79-61fe5f65193b {"type": "generations", "generations": 1.0}
2026-09-30 06:48:43 /background-jobs/dc651222-b3f6-41aa-bec6-1a3a38e5a373 {"type": "usd", "usd": 0.0}
2026-09-30 06:48:44 /background-jobs/37124356-b98f-41cc-a5fd-f71615383ad2 {"type": "usd", "usd": 0.0}
2026-09-30 06:48:44 /background-jobs/a0b2f8a0-33d8-4982-a582-3ef0b130167e {"type": "generations", "generations": 1.0}
2026-09-30 06:48:49 /background-jobs/dc651222-b3f6-41aa-bec6-1a3a38e5a373 {"type": "usd", "usd": 0.0}
2026-09-30 06:48:49 /background-jobs/37124356-b98f-41cc-a5fd-f71615383ad2 {"type": "usd", "usd": 0.0}
2026-09-30 06:48:54 /create-image-bitforge {"type": "generations", "generations": 1.0}
2026-09-30 06:48:55 /background-jobs/37124356-b98f-41cc-a5fd-f71615383ad2 {"type": "usd", "usd": 0.0}
2026-09-30 06:48:57 /background-jobs/dc651222-b3f6-41aa-bec6-1a3a38e5a373 {"type": "generations", "generations": 1.0}
2026-09-30 06:49:01 /background-jobs/37124356-b98f-41cc-a5fd-f71615383ad2 {"type": "usd", "usd": 0.0}
2026-09-30 06:49:06 /background-jobs/37124356-b98f-41cc-a5fd-f71615383ad2 {"type": "usd", "usd": 0.0}
2026-09-30 06:49:12 /background-jobs/37124356-b98f-41cc-a5fd-f71615383ad2 {"type": "usd", "usd": 0.0}
2026-09-30 06:49:18 /background-jobs/37124356-b98f-41cc-a5fd-f71615383ad2 {"type": "usd", "usd": 0.0}
2026-09-30 06:49:24 /background-jobs/37124356-b98f-41cc-a5fd-f71615383ad2 {"type": "usd", "usd": 0.0}
2026-09-30 06:49:31 /background-jobs/37124356-b98f-41cc-a5fd-f71615383ad2 {"type": "usd", "usd": 0.0}
2026-09-30 06:49:37 /background-jobs/37124356-b98f-41cc-a5fd-f71615383ad2 {"type": "usd", "usd": 0.0}
2026-09-30 06:49:43 /background-jobs/37124356-b98f-41cc-a5fd-f71615383ad2 {"type": "usd", "usd": 0.0}
2026-09-30 06:49:45 /create-image-bitforge {"type": "generations", "generations": 1.0}
2026-09-30 06:49:48 /create-image-bitforge {"type": "generations", "generations": 1.0}
2026-09-30 06:49:48 /background-jobs/37124356-b98f-41cc-a5fd-f71615383ad2 {"type": "usd", "usd": 0.0}
2026-09-30 06:49:54 /background-jobs/37124356-b98f-41cc-a5fd-f71615383ad2 {"type": "usd", "usd": 0.0}
2026-09-30 06:50:00 /background-jobs/37124356-b98f-41cc-a5fd-f71615383ad2 {"type": "usd", "usd": 0.0}
2026-09-30 06:50:05 /background-jobs/37124356-b98f-41cc-a5fd-f71615383ad2 {"type": "usd", "usd": 0.0}
2026-09-30 06:50:05 /create-image-bitforge {"type": "generations", "generations": 1.0}
2026-09-30 06:50:07 /create-image-bitforge {"type": "generations", "generations": 1.0}
2026-09-30 06:50:11 /background-jobs/37124356-b98f-41cc-a5fd-f71615383ad2 {"type": "usd", "usd": 0.0}
2026-09-30 06:50:17 /background-jobs/37124356-b98f-41cc-a5fd-f71615383ad2 {"type": "usd", "usd": 0.0}
2026-09-30 06:50:22 /background-jobs/37124356-b98f-41cc-a5fd-f71615383ad2 {"type": "usd", "usd": 0.0}
2026-09-30 06:50:23 /background-jobs/6b13e61e-09dc-49ec-b661-9a75206fa75e {"type": "usd", "usd": 0.0}
2026-09-30 06:50:23 /background-jobs/bbb62822-5469-43bf-8ea9-8f6edfe984c6 {"type": "usd", "usd": 0.0}
2026-09-30 06:50:23 /background-jobs/e0197acb-7329-4597-b065-38a5ca3ac38d {"type": "usd", "usd": 0.0}
2026-09-30 06:50:23 /background-jobs/3ab35192-7d59-486a-828e-2b3bacb33e68 {"type": "usd", "usd": 0.0}
2026-09-30 06:50:24 /background-jobs/8236cbfd-6164-4a19-bb99-880727b8845c {"type": "usd", "usd": 0.0}
2026-09-30 06:50:24 /background-jobs/fc3904a1-18cd-4ff1-871a-4ae7e1d595ce {"type": "usd", "usd": 0.0}
2026-09-30 06:50:28 /background-jobs/37124356-b98f-41cc-a5fd-f71615383ad2 {"type": "usd", "usd": 0.0}
2026-09-30 06:50:28 /background-jobs/6b13e61e-09dc-49ec-b661-9a75206fa75e {"type": "usd", "usd": 0.0}
2026-09-30 06:50:29 /background-jobs/bbb62822-5469-43bf-8ea9-8f6edfe984c6 {"type": "usd", "usd": 0.0}
2026-09-30 06:50:29 /background-jobs/e0197acb-7329-4597-b065-38a5ca3ac38d {"type": "usd", "usd": 0.0}
2026-09-30 06:50:29 /background-jobs/3ab35192-7d59-486a-828e-2b3bacb33e68 {"type": "usd", "usd": 0.0}
2026-09-30 06:50:29 /background-jobs/8236cbfd-6164-4a19-bb99-880727b8845c {"type": "usd", "usd": 0.0}
2026-09-30 06:50:30 /background-jobs/fc3904a1-18cd-4ff1-871a-4ae7e1d595ce {"type": "usd", "usd": 0.0}
2026-09-30 06:50:34 /background-jobs/6b13e61e-09dc-49ec-b661-9a75206fa75e {"type": "usd", "usd": 0.0}
2026-09-30 06:50:34 /background-jobs/37124356-b98f-41cc-a5fd-f71615383ad2 {"type": "usd", "usd": 0.0}
2026-09-30 06:50:35 /create-image-bitforge {"type": "generations", "generations": 1.0}
2026-09-30 06:50:35 /background-jobs/3ab35192-7d59-486a-828e-2b3bacb33e68 {"type": "usd", "usd": 0.0}
2026-09-30 06:50:35 /background-jobs/bbb62822-5469-43bf-8ea9-8f6edfe984c6 {"type": "usd", "usd": 0.0}
2026-09-30 06:50:35 /background-jobs/e0197acb-7329-4597-b065-38a5ca3ac38d {"type": "usd", "usd": 0.0}
2026-09-30 06:50:35 /background-jobs/8236cbfd-6164-4a19-bb99-880727b8845c {"type": "usd", "usd": 0.0}
2026-09-30 06:50:36 /background-jobs/fc3904a1-18cd-4ff1-871a-4ae7e1d595ce {"type": "usd", "usd": 0.0}
2026-09-30 06:50:36 /create-image-bitforge {"type": "generations", "generations": 1.0}
2026-09-30 06:50:40 /background-jobs/6b13e61e-09dc-49ec-b661-9a75206fa75e {"type": "usd", "usd": 0.0}
2026-09-30 06:50:40 /background-jobs/37124356-b98f-41cc-a5fd-f71615383ad2 {"type": "usd", "usd": 0.0}
2026-09-30 06:50:40 /background-jobs/3ab35192-7d59-486a-828e-2b3bacb33e68 {"type": "usd", "usd": 0.0}
2026-09-30 06:50:40 /background-jobs/e0197acb-7329-4597-b065-38a5ca3ac38d {"type": "usd", "usd": 0.0}
2026-09-30 06:50:40 /background-jobs/bbb62822-5469-43bf-8ea9-8f6edfe984c6 {"type": "generations", "generations": 1.0}
2026-09-30 06:50:41 /background-jobs/8236cbfd-6164-4a19-bb99-880727b8845c {"type": "usd", "usd": 0.0}
2026-09-30 06:50:42 /background-jobs/fc3904a1-18cd-4ff1-871a-4ae7e1d595ce {"type": "usd", "usd": 0.0}
2026-09-30 06:50:46 /background-jobs/6b13e61e-09dc-49ec-b661-9a75206fa75e {"type": "generations", "generations": 1.0}
2026-09-30 06:50:46 /background-jobs/37124356-b98f-41cc-a5fd-f71615383ad2 {"type": "usd", "usd": 0.0}
2026-09-30 06:50:46 /background-jobs/e0197acb-7329-4597-b065-38a5ca3ac38d {"type": "usd", "usd": 0.0}
2026-09-30 06:50:46 /background-jobs/8236cbfd-6164-4a19-bb99-880727b8845c {"type": "usd", "usd": 0.0}
2026-09-30 06:50:46 /background-jobs/3ab35192-7d59-486a-828e-2b3bacb33e68 {"type": "usd", "usd": 0.0}
2026-09-30 06:50:47 /background-jobs/fc3904a1-18cd-4ff1-871a-4ae7e1d595ce {"type": "usd", "usd": 0.0}
2026-09-30 06:50:52 /background-jobs/37124356-b98f-41cc-a5fd-f71615383ad2 {"type": "usd", "usd": 0.0}
2026-09-30 06:50:52 /background-jobs/6b13e61e-09dc-49ec-b661-9a75206fa75e {"type": "generations", "generations": 1.0}
2026-09-30 06:50:52 /background-jobs/8236cbfd-6164-4a19-bb99-880727b8845c {"type": "generations", "generations": 1.0}
2026-09-30 06:50:52 /background-jobs/e0197acb-7329-4597-b065-38a5ca3ac38d {"type": "usd", "usd": 0.0}
2026-09-30 06:50:52 /background-jobs/3ab35192-7d59-486a-828e-2b3bacb33e68 {"type": "generations", "generations": 1.0}
2026-09-30 06:50:53 /background-jobs/fc3904a1-18cd-4ff1-871a-4ae7e1d595ce {"type": "usd", "usd": 0.0}
2026-09-30 06:50:58 /background-jobs/37124356-b98f-41cc-a5fd-f71615383ad2 {"type": "usd", "usd": 0.0}
2026-09-30 06:50:58 /background-jobs/8236cbfd-6164-4a19-bb99-880727b8845c {"type": "generations", "generations": 1.0}
2026-09-30 06:50:58 /background-jobs/e0197acb-7329-4597-b065-38a5ca3ac38d {"type": "generations", "generations": 1.0}
2026-09-30 06:50:59 /background-jobs/fc3904a1-18cd-4ff1-871a-4ae7e1d595ce {"type": "usd", "usd": 0.0}
2026-09-30 06:51:00 /create-image-bitforge {"type": "generations", "generations": 1.0}
2026-09-30 06:51:03 /background-jobs/37124356-b98f-41cc-a5fd-f71615383ad2 {"type": "usd", "usd": 0.0}
2026-09-30 06:51:03 /background-jobs/8236cbfd-6164-4a19-bb99-880727b8845c {"type": "generations", "generations": 1.0}
2026-09-30 06:51:04 /background-jobs/fc3904a1-18cd-4ff1-871a-4ae7e1d595ce {"type": "usd", "usd": 0.0}
2026-09-30 06:51:09 /background-jobs/37124356-b98f-41cc-a5fd-f71615383ad2 {"type": "usd", "usd": 0.0}
2026-09-30 06:51:10 /background-jobs/fc3904a1-18cd-4ff1-871a-4ae7e1d595ce {"type": "usd", "usd": 0.0}
2026-09-30 06:51:15 /background-jobs/37124356-b98f-41cc-a5fd-f71615383ad2 {"type": "usd", "usd": 0.0}
2026-09-30 06:51:16 /background-jobs/fc3904a1-18cd-4ff1-871a-4ae7e1d595ce {"type": "usd", "usd": 0.0}
2026-09-30 06:51:20 /background-jobs/37124356-b98f-41cc-a5fd-f71615383ad2 {"type": "usd", "usd": 0.0}
2026-09-30 06:51:21 /background-jobs/fc3904a1-18cd-4ff1-871a-4ae7e1d595ce {"type": "usd", "usd": 0.0}
2026-09-30 06:51:21 /create-image-bitforge {"type": "generations", "generations": 1.0}
2026-09-30 06:51:26 /background-jobs/37124356-b98f-41cc-a5fd-f71615383ad2 {"type": "usd", "usd": 0.0}
2026-09-30 06:51:27 /background-jobs/fc3904a1-18cd-4ff1-871a-4ae7e1d595ce {"type": "generations", "generations": 1.0}
2026-09-30 06:51:33 /background-jobs/37124356-b98f-41cc-a5fd-f71615383ad2 {"type": "usd", "usd": 0.0}
2026-09-30 06:51:33 /background-jobs/fc3904a1-18cd-4ff1-871a-4ae7e1d595ce {"type": "generations", "generations": 1.0}
2026-09-30 06:51:38 /background-jobs/37124356-b98f-41cc-a5fd-f71615383ad2 {"type": "usd", "usd": 0.0}
2026-09-30 06:51:42 /background-jobs/25708881-ca2a-48c7-a85f-3eafad0a6cc2 {"type": "usd", "usd": 0.0}
2026-09-30 06:51:44 /background-jobs/37124356-b98f-41cc-a5fd-f71615383ad2 {"type": "usd", "usd": 0.0}
2026-09-30 06:51:47 /background-jobs/25708881-ca2a-48c7-a85f-3eafad0a6cc2 {"type": "usd", "usd": 0.0}
2026-09-30 06:51:50 /background-jobs/37124356-b98f-41cc-a5fd-f71615383ad2 {"type": "usd", "usd": 0.0}
2026-09-30 06:51:53 /background-jobs/25708881-ca2a-48c7-a85f-3eafad0a6cc2 {"type": "usd", "usd": 0.0}
2026-09-30 06:51:56 /create-image-bitforge {"type": "generations", "generations": 1.0}
2026-09-30 06:51:57 /background-jobs/37124356-b98f-41cc-a5fd-f71615383ad2 {"type": "usd", "usd": 0.0}
2026-09-30 06:51:59 /background-jobs/25708881-ca2a-48c7-a85f-3eafad0a6cc2 {"type": "usd", "usd": 0.0}
2026-09-30 06:52:02 /background-jobs/37124356-b98f-41cc-a5fd-f71615383ad2 {"type": "usd", "usd": 0.0}
2026-09-30 06:52:05 /background-jobs/25708881-ca2a-48c7-a85f-3eafad0a6cc2 {"type": "usd", "usd": 0.0}
2026-09-30 06:52:08 /background-jobs/37124356-b98f-41cc-a5fd-f71615383ad2 {"type": "usd", "usd": 0.0}
2026-09-30 06:52:10 /background-jobs/25708881-ca2a-48c7-a85f-3eafad0a6cc2 {"type": "usd", "usd": 0.0}
2026-09-30 06:52:14 /background-jobs/37124356-b98f-41cc-a5fd-f71615383ad2 {"type": "usd", "usd": 0.0}
2026-09-30 06:52:16 /background-jobs/25708881-ca2a-48c7-a85f-3eafad0a6cc2 {"type": "generations", "generations": 1.0}
2026-09-30 06:52:18 /background-jobs/8d567b5e-1d92-47c4-af40-108844a21073 {"type": "usd", "usd": 0.0}
2026-09-30 06:52:22 /background-jobs/37124356-b98f-41cc-a5fd-f71615383ad2 {"type": "usd", "usd": 0.0}
2026-09-30 06:52:23 /background-jobs/8d567b5e-1d92-47c4-af40-108844a21073 {"type": "usd", "usd": 0.0}
2026-09-30 06:52:28 /background-jobs/37124356-b98f-41cc-a5fd-f71615383ad2 {"type": "usd", "usd": 0.0}
2026-09-30 06:52:29 /background-jobs/8d567b5e-1d92-47c4-af40-108844a21073 {"type": "usd", "usd": 0.0}
2026-09-30 06:52:34 /background-jobs/37124356-b98f-41cc-a5fd-f71615383ad2 {"type": "usd", "usd": 0.0}
2026-09-30 06:52:35 /background-jobs/8d567b5e-1d92-47c4-af40-108844a21073 {"type": "usd", "usd": 0.0}
2026-09-30 06:52:36 /create-image-bitforge {"type": "generations", "generations": 1.0}
2026-09-30 06:52:39 /background-jobs/37124356-b98f-41cc-a5fd-f71615383ad2 {"type": "usd", "usd": 0.0}
2026-09-30 06:52:40 /background-jobs/8d567b5e-1d92-47c4-af40-108844a21073 {"type": "usd", "usd": 0.0}
2026-09-30 06:52:45 /background-jobs/30bc05f6-df22-43d0-a9bb-fc22e9e76a20 {"type": "usd", "usd": 0.0}
2026-09-30 06:52:45 /background-jobs/37124356-b98f-41cc-a5fd-f71615383ad2 {"type": "usd", "usd": 0.0}
2026-09-30 06:52:46 /background-jobs/8d567b5e-1d92-47c4-af40-108844a21073 {"type": "usd", "usd": 0.0}
2026-09-30 06:52:47 /background-jobs/608c8742-7ae7-4a53-be3b-3f66ed3e6ee1 {"type": "usd", "usd": 0.0}
2026-09-30 06:52:51 /background-jobs/30bc05f6-df22-43d0-a9bb-fc22e9e76a20 {"type": "usd", "usd": 0.0}
2026-09-30 06:52:51 /background-jobs/37124356-b98f-41cc-a5fd-f71615383ad2 {"type": "usd", "usd": 0.0}
2026-09-30 06:52:52 /background-jobs/8d567b5e-1d92-47c4-af40-108844a21073 {"type": "usd", "usd": 0.0}
2026-09-30 06:52:53 /background-jobs/608c8742-7ae7-4a53-be3b-3f66ed3e6ee1 {"type": "usd", "usd": 0.0}
2026-09-30 06:52:56 /background-jobs/30bc05f6-df22-43d0-a9bb-fc22e9e76a20 {"type": "usd", "usd": 0.0}
2026-09-30 06:52:56 /background-jobs/37124356-b98f-41cc-a5fd-f71615383ad2 {"type": "usd", "usd": 0.0}
2026-09-30 06:52:57 /background-jobs/8d567b5e-1d92-47c4-af40-108844a21073 {"type": "generations", "generations": 1.0}
2026-09-30 06:52:59 /background-jobs/608c8742-7ae7-4a53-be3b-3f66ed3e6ee1 {"type": "usd", "usd": 0.0}
2026-09-30 06:52:59 /background-jobs/f50e4038-0a15-46a5-9a2a-550cf662fb01 {"type": "usd", "usd": 0.0}
2026-09-30 06:53:02 /create-image-bitforge {"type": "generations", "generations": 1.0}
2026-09-30 06:53:02 /background-jobs/30bc05f6-df22-43d0-a9bb-fc22e9e76a20 {"type": "usd", "usd": 0.0}
2026-09-30 06:53:02 /background-jobs/37124356-b98f-41cc-a5fd-f71615383ad2 {"type": "usd", "usd": 0.0}
2026-09-30 06:53:04 /background-jobs/608c8742-7ae7-4a53-be3b-3f66ed3e6ee1 {"type": "usd", "usd": 0.0}
2026-09-30 06:53:05 /background-jobs/f50e4038-0a15-46a5-9a2a-550cf662fb01 {"type": "usd", "usd": 0.0}
2026-09-30 06:53:08 /background-jobs/30bc05f6-df22-43d0-a9bb-fc22e9e76a20 {"type": "usd", "usd": 0.0}
2026-09-30 06:53:09 /background-jobs/37124356-b98f-41cc-a5fd-f71615383ad2 {"type": "usd", "usd": 0.0}
2026-09-30 06:53:10 /background-jobs/608c8742-7ae7-4a53-be3b-3f66ed3e6ee1 {"type": "usd", "usd": 0.0}
2026-09-30 06:53:10 /background-jobs/f50e4038-0a15-46a5-9a2a-550cf662fb01 {"type": "usd", "usd": 0.0}
2026-09-30 06:53:13 /background-jobs/226045aa-051e-48cc-b878-3ea0380e7041 {"type": "usd", "usd": 0.0}
2026-09-30 06:53:14 /background-jobs/30bc05f6-df22-43d0-a9bb-fc22e9e76a20 {"type": "usd", "usd": 0.0}
2026-09-30 06:53:14 /background-jobs/37124356-b98f-41cc-a5fd-f71615383ad2 {"type": "usd", "usd": 0.0}
2026-09-30 06:53:16 /background-jobs/608c8742-7ae7-4a53-be3b-3f66ed3e6ee1 {"type": "usd", "usd": 0.0}
2026-09-30 06:53:17 /background-jobs/f50e4038-0a15-46a5-9a2a-550cf662fb01 {"type": "generations", "generations": 1.0}
2026-09-30 06:53:18 /background-jobs/07a6b5f4-b865-46b4-8e60-88d057e466eb {"type": "usd", "usd": 0.0}
2026-09-30 06:53:19 /background-jobs/226045aa-051e-48cc-b878-3ea0380e7041 {"type": "usd", "usd": 0.0}
2026-09-30 06:53:19 /background-jobs/30bc05f6-df22-43d0-a9bb-fc22e9e76a20 {"type": "usd", "usd": 0.0}
2026-09-30 06:53:20 /background-jobs/37124356-b98f-41cc-a5fd-f71615383ad2 {"type": "usd", "usd": 0.0}
2026-09-30 06:53:21 /background-jobs/608c8742-7ae7-4a53-be3b-3f66ed3e6ee1 {"type": "usd", "usd": 0.0}
2026-09-30 06:53:24 /background-jobs/07a6b5f4-b865-46b4-8e60-88d057e466eb {"type": "usd", "usd": 0.0}
2026-09-30 06:53:24 /background-jobs/226045aa-051e-48cc-b878-3ea0380e7041 {"type": "usd", "usd": 0.0}
2026-09-30 06:53:25 /background-jobs/30bc05f6-df22-43d0-a9bb-fc22e9e76a20 {"type": "usd", "usd": 0.0}
2026-09-30 06:53:26 /background-jobs/37124356-b98f-41cc-a5fd-f71615383ad2 {"type": "usd", "usd": 0.0}
2026-09-30 06:53:27 /background-jobs/608c8742-7ae7-4a53-be3b-3f66ed3e6ee1 {"type": "usd", "usd": 0.0}
2026-09-30 06:53:28 /create-image-bitforge {"type": "generations", "generations": 1.0}
2026-09-30 06:53:30 /background-jobs/07a6b5f4-b865-46b4-8e60-88d057e466eb {"type": "usd", "usd": 0.0}
2026-09-30 06:53:30 /background-jobs/226045aa-051e-48cc-b878-3ea0380e7041 {"type": "usd", "usd": 0.0}
2026-09-30 06:53:31 /background-jobs/30bc05f6-df22-43d0-a9bb-fc22e9e76a20 {"type": "usd", "usd": 0.0}
2026-09-30 06:53:31 /background-jobs/37124356-b98f-41cc-a5fd-f71615383ad2 {"type": "usd", "usd": 0.0}
2026-09-30 06:53:34 /background-jobs/608c8742-7ae7-4a53-be3b-3f66ed3e6ee1 {"type": "usd", "usd": 0.0}
2026-09-30 06:53:35 /background-jobs/07a6b5f4-b865-46b4-8e60-88d057e466eb {"type": "usd", "usd": 0.0}
2026-09-30 06:53:36 /background-jobs/226045aa-051e-48cc-b878-3ea0380e7041 {"type": "usd", "usd": 0.0}
2026-09-30 06:53:36 /background-jobs/30bc05f6-df22-43d0-a9bb-fc22e9e76a20 {"type": "generations", "generations": 1.0}
2026-09-30 06:53:37 /background-jobs/37124356-b98f-41cc-a5fd-f71615383ad2 {"type": "usd", "usd": 0.0}
2026-09-30 06:53:40 /background-jobs/608c8742-7ae7-4a53-be3b-3f66ed3e6ee1 {"type": "usd", "usd": 0.0}
2026-09-30 06:53:41 /background-jobs/07a6b5f4-b865-46b4-8e60-88d057e466eb {"type": "usd", "usd": 0.0}
2026-09-30 06:53:41 /background-jobs/226045aa-051e-48cc-b878-3ea0380e7041 {"type": "usd", "usd": 0.0}
2026-09-30 06:53:42 /background-jobs/30bc05f6-df22-43d0-a9bb-fc22e9e76a20 {"type": "generations", "generations": 1.0}
2026-09-30 06:53:42 /background-jobs/37124356-b98f-41cc-a5fd-f71615383ad2 {"type": "usd", "usd": 0.0}
2026-09-30 06:53:46 /background-jobs/608c8742-7ae7-4a53-be3b-3f66ed3e6ee1 {"type": "usd", "usd": 0.0}
2026-09-30 06:53:47 /background-jobs/07a6b5f4-b865-46b4-8e60-88d057e466eb {"type": "usd", "usd": 0.0}
2026-09-30 06:53:47 /background-jobs/226045aa-051e-48cc-b878-3ea0380e7041 {"type": "usd", "usd": 0.0}
2026-09-30 06:53:48 /background-jobs/37124356-b98f-41cc-a5fd-f71615383ad2 {"type": "usd", "usd": 0.0}
2026-09-30 06:53:50 /background-jobs/a1204741-6d9d-4daa-ac5d-1d0536d88295 {"type": "usd", "usd": 0.0}
2026-09-30 06:53:51 /background-jobs/608c8742-7ae7-4a53-be3b-3f66ed3e6ee1 {"type": "usd", "usd": 0.0}
2026-09-30 06:53:52 /create-image-bitforge {"type": "generations", "generations": 1.0}
2026-09-30 06:53:53 /background-jobs/07a6b5f4-b865-46b4-8e60-88d057e466eb {"type": "generations", "generations": 1.0}
2026-09-30 06:53:53 /background-jobs/226045aa-051e-48cc-b878-3ea0380e7041 {"type": "usd", "usd": 0.0}
2026-09-30 06:53:54 /background-jobs/37124356-b98f-41cc-a5fd-f71615383ad2 {"type": "usd", "usd": 0.0}
2026-09-30 06:53:56 /background-jobs/a1204741-6d9d-4daa-ac5d-1d0536d88295 {"type": "usd", "usd": 0.0}
2026-09-30 06:53:57 /background-jobs/608c8742-7ae7-4a53-be3b-3f66ed3e6ee1 {"type": "usd", "usd": 0.0}
2026-09-30 06:53:58 /background-jobs/07a6b5f4-b865-46b4-8e60-88d057e466eb {"type": "generations", "generations": 1.0}
2026-09-30 06:53:58 /background-jobs/226045aa-051e-48cc-b878-3ea0380e7041 {"type": "usd", "usd": 0.0}
2026-09-30 06:53:59 /background-jobs/37124356-b98f-41cc-a5fd-f71615383ad2 {"type": "usd", "usd": 0.0}
2026-09-30 06:54:02 /background-jobs/a1204741-6d9d-4daa-ac5d-1d0536d88295 {"type": "usd", "usd": 0.0}
2026-09-30 06:54:03 /background-jobs/608c8742-7ae7-4a53-be3b-3f66ed3e6ee1 {"type": "usd", "usd": 0.0}
2026-09-30 06:54:04 /background-jobs/226045aa-051e-48cc-b878-3ea0380e7041 {"type": "usd", "usd": 0.0}
2026-09-30 06:54:05 /background-jobs/37124356-b98f-41cc-a5fd-f71615383ad2 {"type": "usd", "usd": 0.0}
2026-09-30 06:54:07 /background-jobs/a1204741-6d9d-4daa-ac5d-1d0536d88295 {"type": "usd", "usd": 0.0}
2026-09-30 06:54:08 /background-jobs/c9a9124b-5822-4ac1-bfa7-097f5e9506af {"type": "usd", "usd": 0.0}
2026-09-30 06:54:08 /background-jobs/608c8742-7ae7-4a53-be3b-3f66ed3e6ee1 {"type": "usd", "usd": 0.0}
2026-09-30 06:54:10 /background-jobs/226045aa-051e-48cc-b878-3ea0380e7041 {"type": "usd", "usd": 0.0}
2026-09-30 06:54:11 /background-jobs/37124356-b98f-41cc-a5fd-f71615383ad2 {"type": "usd", "usd": 0.0}
2026-09-30 06:54:13 /background-jobs/a1204741-6d9d-4daa-ac5d-1d0536d88295 {"type": "usd", "usd": 0.0}
2026-09-30 06:54:13 /background-jobs/c9a9124b-5822-4ac1-bfa7-097f5e9506af {"type": "usd", "usd": 0.0}
2026-09-30 06:54:14 /background-jobs/608c8742-7ae7-4a53-be3b-3f66ed3e6ee1 {"type": "usd", "usd": 0.0}
2026-09-30 06:54:15 /background-jobs/226045aa-051e-48cc-b878-3ea0380e7041 {"type": "usd", "usd": 0.0}
2026-09-30 06:54:18 /background-jobs/37124356-b98f-41cc-a5fd-f71615383ad2 {"type": "usd", "usd": 0.0}
2026-09-30 06:54:18 /background-jobs/a1204741-6d9d-4daa-ac5d-1d0536d88295 {"type": "usd", "usd": 0.0}
2026-09-30 06:54:19 /background-jobs/c9a9124b-5822-4ac1-bfa7-097f5e9506af {"type": "usd", "usd": 0.0}
2026-09-30 06:54:20 /background-jobs/608c8742-7ae7-4a53-be3b-3f66ed3e6ee1 {"type": "usd", "usd": 0.0}
2026-09-30 06:54:21 /background-jobs/226045aa-051e-48cc-b878-3ea0380e7041 {"type": "usd", "usd": 0.0}
2026-09-30 06:54:23 /background-jobs/37124356-b98f-41cc-a5fd-f71615383ad2 {"type": "usd", "usd": 0.0}
2026-09-30 06:54:24 /background-jobs/a1204741-6d9d-4daa-ac5d-1d0536d88295 {"type": "usd", "usd": 0.0}
2026-09-30 06:54:24 /background-jobs/c9a9124b-5822-4ac1-bfa7-097f5e9506af {"type": "generations", "generations": 1.0}
2026-09-30 06:54:26 /background-jobs/608c8742-7ae7-4a53-be3b-3f66ed3e6ee1 {"type": "usd", "usd": 0.0}
2026-09-30 06:54:27 /background-jobs/226045aa-051e-48cc-b878-3ea0380e7041 {"type": "usd", "usd": 0.0}
2026-09-30 06:54:29 /background-jobs/37124356-b98f-41cc-a5fd-f71615383ad2 {"type": "usd", "usd": 0.0}
2026-09-30 06:54:30 /background-jobs/a1204741-6d9d-4daa-ac5d-1d0536d88295 {"type": "usd", "usd": 0.0}
2026-09-30 06:54:32 /background-jobs/608c8742-7ae7-4a53-be3b-3f66ed3e6ee1 {"type": "usd", "usd": 0.0}
2026-09-30 06:54:32 /background-jobs/226045aa-051e-48cc-b878-3ea0380e7041 {"type": "usd", "usd": 0.0}
2026-09-30 06:54:36 /background-jobs/a1204741-6d9d-4daa-ac5d-1d0536d88295 {"type": "usd", "usd": 0.0}
2026-09-30 06:54:37 /background-jobs/608c8742-7ae7-4a53-be3b-3f66ed3e6ee1 {"type": "usd", "usd": 0.0}
2026-09-30 06:54:38 /background-jobs/226045aa-051e-48cc-b878-3ea0380e7041 {"type": "usd", "usd": 0.0}
2026-09-30 06:54:40 /background-jobs/37124356-b98f-41cc-a5fd-f71615383ad2 {"type": "usd", "usd": 0.0}
2026-09-30 06:54:41 /create-image-bitforge {"type": "generations", "generations": 1.0}
2026-09-30 06:54:42 /background-jobs/a1204741-6d9d-4daa-ac5d-1d0536d88295 {"type": "usd", "usd": 0.0}
2026-09-30 06:54:43 /background-jobs/608c8742-7ae7-4a53-be3b-3f66ed3e6ee1 {"type": "usd", "usd": 0.0}
2026-09-30 06:54:44 /background-jobs/226045aa-051e-48cc-b878-3ea0380e7041 {"type": "generations", "generations": 1.0}
2026-09-30 06:54:46 /background-jobs/37124356-b98f-41cc-a5fd-f71615383ad2 {"type": "usd", "usd": 0.0}
2026-09-30 06:54:47 /background-jobs/a1204741-6d9d-4daa-ac5d-1d0536d88295 {"type": "usd", "usd": 0.0}
2026-09-30 06:54:49 /background-jobs/608c8742-7ae7-4a53-be3b-3f66ed3e6ee1 {"type": "usd", "usd": 0.0}
2026-09-30 06:54:49 /background-jobs/226045aa-051e-48cc-b878-3ea0380e7041 {"type": "generations", "generations": 1.0}
2026-09-30 06:54:51 /background-jobs/cf78c394-29ea-4397-b314-5902cc83bd5a {"type": "usd", "usd": 0.0}
2026-09-30 06:54:52 /background-jobs/37124356-b98f-41cc-a5fd-f71615383ad2 {"type": "usd", "usd": 0.0}
2026-09-30 06:54:53 /background-jobs/a1204741-6d9d-4daa-ac5d-1d0536d88295 {"type": "usd", "usd": 0.0}
2026-09-30 06:54:54 /background-jobs/608c8742-7ae7-4a53-be3b-3f66ed3e6ee1 {"type": "usd", "usd": 0.0}
2026-09-30 06:54:57 /background-jobs/4b11192b-4a6e-4aa7-b1ba-a0120666611e {"type": "usd", "usd": 0.0}
2026-09-30 06:54:57 /background-jobs/cf78c394-29ea-4397-b314-5902cc83bd5a {"type": "usd", "usd": 0.0}
2026-09-30 06:54:57 /background-jobs/37124356-b98f-41cc-a5fd-f71615383ad2 {"type": "usd", "usd": 0.0}
2026-09-30 06:54:59 /background-jobs/a1204741-6d9d-4daa-ac5d-1d0536d88295 {"type": "usd", "usd": 0.0}
2026-09-30 06:54:59 /create-image-bitforge {"type": "generations", "generations": 1.0}
2026-09-30 06:55:00 /background-jobs/608c8742-7ae7-4a53-be3b-3f66ed3e6ee1 {"type": "usd", "usd": 0.0}
2026-09-30 06:55:02 /background-jobs/4b11192b-4a6e-4aa7-b1ba-a0120666611e {"type": "usd", "usd": 0.0}
2026-09-30 06:55:03 /background-jobs/cf78c394-29ea-4397-b314-5902cc83bd5a {"type": "usd", "usd": 0.0}
2026-09-30 06:55:03 /background-jobs/37124356-b98f-41cc-a5fd-f71615383ad2 {"type": "usd", "usd": 0.0}
2026-09-30 06:55:05 /background-jobs/a1204741-6d9d-4daa-ac5d-1d0536d88295 {"type": "usd", "usd": 0.0}
2026-09-30 06:55:05 /background-jobs/608c8742-7ae7-4a53-be3b-3f66ed3e6ee1 {"type": "usd", "usd": 0.0}
2026-09-30 06:55:08 /background-jobs/4b11192b-4a6e-4aa7-b1ba-a0120666611e {"type": "usd", "usd": 0.0}
2026-09-30 06:55:08 /background-jobs/cf78c394-29ea-4397-b314-5902cc83bd5a {"type": "usd", "usd": 0.0}
2026-09-30 06:55:10 /background-jobs/37124356-b98f-41cc-a5fd-f71615383ad2 {"type": "usd", "usd": 0.0}
2026-09-30 06:55:10 /background-jobs/a1204741-6d9d-4daa-ac5d-1d0536d88295 {"type": "usd", "usd": 0.0}
2026-09-30 06:55:11 /background-jobs/608c8742-7ae7-4a53-be3b-3f66ed3e6ee1 {"type": "usd", "usd": 0.0}
2026-09-30 06:55:14 /background-jobs/4b11192b-4a6e-4aa7-b1ba-a0120666611e {"type": "usd", "usd": 0.0}
2026-09-30 06:55:14 /background-jobs/cf78c394-29ea-4397-b314-5902cc83bd5a {"type": "usd", "usd": 0.0}
2026-09-30 06:55:16 /background-jobs/37124356-b98f-41cc-a5fd-f71615383ad2 {"type": "usd", "usd": 0.0}
2026-09-30 06:55:16 /background-jobs/a1204741-6d9d-4daa-ac5d-1d0536d88295 {"type": "usd", "usd": 0.0}
2026-09-30 06:55:17 /background-jobs/608c8742-7ae7-4a53-be3b-3f66ed3e6ee1 {"type": "usd", "usd": 0.0}
2026-09-30 06:55:20 /background-jobs/4b11192b-4a6e-4aa7-b1ba-a0120666611e {"type": "generations", "generations": 1.0}
2026-09-30 06:55:20 /background-jobs/cf78c394-29ea-4397-b314-5902cc83bd5a {"type": "usd", "usd": 0.0}
2026-09-30 06:55:21 /background-jobs/1bca4955-bca5-4db8-a4e0-d82f61129a9d {"type": "usd", "usd": 0.0}
2026-09-30 06:55:21 /background-jobs/37124356-b98f-41cc-a5fd-f71615383ad2 {"type": "usd", "usd": 0.0}
2026-09-30 06:55:22 /background-jobs/a1204741-6d9d-4daa-ac5d-1d0536d88295 {"type": "usd", "usd": 0.0}
2026-09-30 06:55:23 /background-jobs/608c8742-7ae7-4a53-be3b-3f66ed3e6ee1 {"type": "usd", "usd": 0.0}
2026-09-30 06:55:24 /create-image-bitforge {"type": "generations", "generations": 1.0}
2026-09-30 06:55:25 /background-jobs/cf78c394-29ea-4397-b314-5902cc83bd5a {"type": "usd", "usd": 0.0}
2026-09-30 06:55:27 /background-jobs/37124356-b98f-41cc-a5fd-f71615383ad2 {"type": "usd", "usd": 0.0}
2026-09-30 06:55:27 /background-jobs/1bca4955-bca5-4db8-a4e0-d82f61129a9d {"type": "usd", "usd": 0.0}
2026-09-30 06:55:28 /background-jobs/a1204741-6d9d-4daa-ac5d-1d0536d88295 {"type": "usd", "usd": 0.0}
2026-09-30 06:55:29 /background-jobs/608c8742-7ae7-4a53-be3b-3f66ed3e6ee1 {"type": "usd", "usd": 0.0}
2026-09-30 06:55:31 /background-jobs/cf78c394-29ea-4397-b314-5902cc83bd5a {"type": "usd", "usd": 0.0}
2026-09-30 06:55:33 /background-jobs/37124356-b98f-41cc-a5fd-f71615383ad2 {"type": "usd", "usd": 0.0}
2026-09-30 06:55:34 /background-jobs/a1204741-6d9d-4daa-ac5d-1d0536d88295 {"type": "usd", "usd": 0.0}
2026-09-30 06:55:35 /background-jobs/608c8742-7ae7-4a53-be3b-3f66ed3e6ee1 {"type": "usd", "usd": 0.0}
2026-09-30 06:55:35 /background-jobs/1bca4955-bca5-4db8-a4e0-d82f61129a9d {"type": "usd", "usd": 0.0}
2026-09-30 06:55:37 /background-jobs/cf78c394-29ea-4397-b314-5902cc83bd5a {"type": "usd", "usd": 0.0}
2026-09-30 06:55:39 /background-jobs/37124356-b98f-41cc-a5fd-f71615383ad2 {"type": "usd", "usd": 0.0}
2026-09-30 06:55:39 /background-jobs/a1204741-6d9d-4daa-ac5d-1d0536d88295 {"type": "usd", "usd": 0.0}
2026-09-30 06:55:40 /background-jobs/608c8742-7ae7-4a53-be3b-3f66ed3e6ee1 {"type": "usd", "usd": 0.0}
2026-09-30 06:55:42 /background-jobs/cf78c394-29ea-4397-b314-5902cc83bd5a {"type": "usd", "usd": 0.0}
2026-09-30 06:55:42 /background-jobs/1bca4955-bca5-4db8-a4e0-d82f61129a9d {"type": "usd", "usd": 0.0}
2026-09-30 06:55:44 /background-jobs/37124356-b98f-41cc-a5fd-f71615383ad2 {"type": "usd", "usd": 0.0}
2026-09-30 06:55:45 /background-jobs/a1204741-6d9d-4daa-ac5d-1d0536d88295 {"type": "usd", "usd": 0.0}
2026-09-30 06:55:47 /background-jobs/608c8742-7ae7-4a53-be3b-3f66ed3e6ee1 {"type": "usd", "usd": 0.0}
2026-09-30 06:55:48 /background-jobs/cf78c394-29ea-4397-b314-5902cc83bd5a {"type": "usd", "usd": 0.0}
2026-09-30 06:55:48 /background-jobs/1bca4955-bca5-4db8-a4e0-d82f61129a9d {"type": "generations", "generations": 1.0}
2026-09-30 06:55:49 /create-image-bitforge {"type": "generations", "generations": 1.0}
2026-09-30 06:55:50 /background-jobs/37124356-b98f-41cc-a5fd-f71615383ad2 {"type": "usd", "usd": 0.0}
2026-09-30 06:55:51 /background-jobs/a1204741-6d9d-4daa-ac5d-1d0536d88295 {"type": "usd", "usd": 0.0}
2026-09-30 06:55:53 /background-jobs/608c8742-7ae7-4a53-be3b-3f66ed3e6ee1 {"type": "usd", "usd": 0.0}
2026-09-30 06:55:54 /background-jobs/cf78c394-29ea-4397-b314-5902cc83bd5a {"type": "usd", "usd": 0.0}
2026-09-30 06:55:56 /background-jobs/37124356-b98f-41cc-a5fd-f71615383ad2 {"type": "usd", "usd": 0.0}
2026-09-30 06:55:57 /background-jobs/a1204741-6d9d-4daa-ac5d-1d0536d88295 {"type": "usd", "usd": 0.0}
2026-09-30 06:56:00 /background-jobs/608c8742-7ae7-4a53-be3b-3f66ed3e6ee1 {"type": "usd", "usd": 0.0}
2026-09-30 06:56:00 /background-jobs/cf78c394-29ea-4397-b314-5902cc83bd5a {"type": "usd", "usd": 0.0}
2026-09-30 06:56:02 /background-jobs/37124356-b98f-41cc-a5fd-f71615383ad2 {"type": "generations", "generations": 1.0}
2026-09-30 06:56:02 /background-jobs/a1204741-6d9d-4daa-ac5d-1d0536d88295 {"type": "usd", "usd": 0.0}
2026-09-30 06:56:05 /background-jobs/608c8742-7ae7-4a53-be3b-3f66ed3e6ee1 {"type": "usd", "usd": 0.0}
2026-09-30 06:56:05 /background-jobs/cf78c394-29ea-4397-b314-5902cc83bd5a {"type": "usd", "usd": 0.0}
2026-09-30 06:56:08 /background-jobs/a1204741-6d9d-4daa-ac5d-1d0536d88295 {"type": "usd", "usd": 0.0}
2026-09-30 06:56:10 /create-image-bitforge {"type": "generations", "generations": 1.0}
2026-09-30 06:56:11 /background-jobs/608c8742-7ae7-4a53-be3b-3f66ed3e6ee1 {"type": "usd", "usd": 0.0}
2026-09-30 06:56:11 /background-jobs/cf78c394-29ea-4397-b314-5902cc83bd5a {"type": "usd", "usd": 0.0}
2026-09-30 06:56:14 /background-jobs/a1204741-6d9d-4daa-ac5d-1d0536d88295 {"type": "usd", "usd": 0.0}
2026-09-30 06:56:14 /background-jobs/8ba0576d-2a41-4a35-8ed1-8e041bd7258a {"type": "usd", "usd": 0.0}
2026-09-30 06:56:17 /background-jobs/608c8742-7ae7-4a53-be3b-3f66ed3e6ee1 {"type": "usd", "usd": 0.0}
2026-09-30 06:56:17 /background-jobs/cf78c394-29ea-4397-b314-5902cc83bd5a {"type": "usd", "usd": 0.0}
2026-09-30 06:56:20 /background-jobs/a1204741-6d9d-4daa-ac5d-1d0536d88295 {"type": "usd", "usd": 0.0}
2026-09-30 06:56:20 /background-jobs/8ba0576d-2a41-4a35-8ed1-8e041bd7258a {"type": "usd", "usd": 0.0}
2026-09-30 06:56:22 /background-jobs/608c8742-7ae7-4a53-be3b-3f66ed3e6ee1 {"type": "usd", "usd": 0.0}
2026-09-30 06:56:23 /background-jobs/cf78c394-29ea-4397-b314-5902cc83bd5a {"type": "usd", "usd": 0.0}
2026-09-30 06:56:26 /background-jobs/8ba0576d-2a41-4a35-8ed1-8e041bd7258a {"type": "usd", "usd": 0.0}
2026-09-30 06:56:26 /background-jobs/a1204741-6d9d-4daa-ac5d-1d0536d88295 {"type": "usd", "usd": 0.0}
2026-09-30 06:56:28 /background-jobs/608c8742-7ae7-4a53-be3b-3f66ed3e6ee1 {"type": "usd", "usd": 0.0}
2026-09-30 06:56:28 /create-image-bitforge {"type": "generations", "generations": 1.0}
2026-09-30 06:56:28 /background-jobs/cf78c394-29ea-4397-b314-5902cc83bd5a {"type": "generations", "generations": 1.0}
2026-09-30 06:56:32 /background-jobs/a1204741-6d9d-4daa-ac5d-1d0536d88295 {"type": "usd", "usd": 0.0}
2026-09-30 06:56:32 /background-jobs/8ba0576d-2a41-4a35-8ed1-8e041bd7258a {"type": "usd", "usd": 0.0}
2026-09-30 06:56:34 /background-jobs/608c8742-7ae7-4a53-be3b-3f66ed3e6ee1 {"type": "usd", "usd": 0.0}
2026-09-30 06:56:34 /background-jobs/cf78c394-29ea-4397-b314-5902cc83bd5a {"type": "generations", "generations": 1.0}
2026-09-30 06:56:35 /background-jobs/b3534caa-8d73-4055-a88b-df3fad8cec12 {"type": "usd", "usd": 0.0}
2026-09-30 06:56:37 /background-jobs/a1204741-6d9d-4daa-ac5d-1d0536d88295 {"type": "usd", "usd": 0.0}
2026-09-30 06:56:37 /background-jobs/8ba0576d-2a41-4a35-8ed1-8e041bd7258a {"type": "usd", "usd": 0.0}
2026-09-30 06:56:39 /background-jobs/608c8742-7ae7-4a53-be3b-3f66ed3e6ee1 {"type": "usd", "usd": 0.0}
2026-09-30 06:56:41 /background-jobs/b3534caa-8d73-4055-a88b-df3fad8cec12 {"type": "usd", "usd": 0.0}
2026-09-30 06:56:43 /background-jobs/a1204741-6d9d-4daa-ac5d-1d0536d88295 {"type": "usd", "usd": 0.0}
2026-09-30 06:56:43 /background-jobs/8ba0576d-2a41-4a35-8ed1-8e041bd7258a {"type": "usd", "usd": 0.0}
2026-09-30 06:56:45 /background-jobs/608c8742-7ae7-4a53-be3b-3f66ed3e6ee1 {"type": "usd", "usd": 0.0}
2026-09-30 06:56:47 /background-jobs/b3534caa-8d73-4055-a88b-df3fad8cec12 {"type": "usd", "usd": 0.0}
2026-09-30 06:56:49 /background-jobs/8ba0576d-2a41-4a35-8ed1-8e041bd7258a {"type": "generations", "generations": 1.0}
2026-09-30 06:56:49 /background-jobs/a1204741-6d9d-4daa-ac5d-1d0536d88295 {"type": "usd", "usd": 0.0}
2026-09-30 06:56:51 /background-jobs/608c8742-7ae7-4a53-be3b-3f66ed3e6ee1 {"type": "usd", "usd": 0.0}
2026-09-30 06:56:52 /background-jobs/b3534caa-8d73-4055-a88b-df3fad8cec12 {"type": "usd", "usd": 0.0}
2026-09-30 06:56:55 /background-jobs/a1204741-6d9d-4daa-ac5d-1d0536d88295 {"type": "usd", "usd": 0.0}
2026-09-30 06:56:57 /background-jobs/608c8742-7ae7-4a53-be3b-3f66ed3e6ee1 {"type": "usd", "usd": 0.0}
2026-09-30 06:56:58 /background-jobs/b3534caa-8d73-4055-a88b-df3fad8cec12 {"type": "usd", "usd": 0.0}
2026-09-30 06:57:01 /background-jobs/a1204741-6d9d-4daa-ac5d-1d0536d88295 {"type": "usd", "usd": 0.0}
2026-09-30 06:57:03 /background-jobs/608c8742-7ae7-4a53-be3b-3f66ed3e6ee1 {"type": "usd", "usd": 0.0}
2026-09-30 06:57:03 /background-jobs/b3534caa-8d73-4055-a88b-df3fad8cec12 {"type": "usd", "usd": 0.0}
2026-09-30 06:57:07 /background-jobs/a1204741-6d9d-4daa-ac5d-1d0536d88295 {"type": "usd", "usd": 0.0}
2026-09-30 06:57:08 /background-jobs/608c8742-7ae7-4a53-be3b-3f66ed3e6ee1 {"type": "usd", "usd": 0.0}
2026-09-30 06:57:10 /background-jobs/b3534caa-8d73-4055-a88b-df3fad8cec12 {"type": "usd", "usd": 0.0}
2026-09-30 06:57:12 /background-jobs/a1204741-6d9d-4daa-ac5d-1d0536d88295 {"type": "usd", "usd": 0.0}
2026-09-30 06:57:14 /background-jobs/608c8742-7ae7-4a53-be3b-3f66ed3e6ee1 {"type": "usd", "usd": 0.0}
2026-09-30 06:57:15 /background-jobs/b3534caa-8d73-4055-a88b-df3fad8cec12 {"type": "usd", "usd": 0.0}
2026-09-30 06:57:18 /background-jobs/a1204741-6d9d-4daa-ac5d-1d0536d88295 {"type": "usd", "usd": 0.0}
2026-09-30 06:57:21 /background-jobs/b3534caa-8d73-4055-a88b-df3fad8cec12 {"type": "usd", "usd": 0.0}
2026-09-30 06:57:21 /background-jobs/608c8742-7ae7-4a53-be3b-3f66ed3e6ee1 {"type": "usd", "usd": 0.0}
2026-09-30 06:57:24 /background-jobs/a1204741-6d9d-4daa-ac5d-1d0536d88295 {"type": "usd", "usd": 0.0}
2026-09-30 06:57:27 /background-jobs/b3534caa-8d73-4055-a88b-df3fad8cec12 {"type": "usd", "usd": 0.0}
2026-09-30 06:57:27 /background-jobs/608c8742-7ae7-4a53-be3b-3f66ed3e6ee1 {"type": "usd", "usd": 0.0}
2026-09-30 06:57:29 /background-jobs/a1204741-6d9d-4daa-ac5d-1d0536d88295 {"type": "usd", "usd": 0.0}
2026-09-30 06:57:33 /background-jobs/608c8742-7ae7-4a53-be3b-3f66ed3e6ee1 {"type": "usd", "usd": 0.0}
2026-09-30 06:57:33 /background-jobs/b3534caa-8d73-4055-a88b-df3fad8cec12 {"type": "generations", "generations": 1.0}
2026-09-30 06:57:36 /background-jobs/a1204741-6d9d-4daa-ac5d-1d0536d88295 {"type": "usd", "usd": 0.0}
2026-09-30 06:57:39 /background-jobs/b3534caa-8d73-4055-a88b-df3fad8cec12 {"type": "generations", "generations": 1.0}
2026-09-30 06:57:39 /background-jobs/608c8742-7ae7-4a53-be3b-3f66ed3e6ee1 {"type": "usd", "usd": 0.0}
2026-09-30 06:57:41 /background-jobs/5d2c751a-110a-4663-b240-bf86bace1403 {"type": "usd", "usd": 0.0}
2026-09-30 06:57:41 /background-jobs/a1204741-6d9d-4daa-ac5d-1d0536d88295 {"type": "usd", "usd": 0.0}
2026-09-30 06:57:44 /create-image-bitforge {"type": "generations", "generations": 1.0}
2026-09-30 06:57:45 /background-jobs/608c8742-7ae7-4a53-be3b-3f66ed3e6ee1 {"type": "usd", "usd": 0.0}
2026-09-30 06:57:46 /background-jobs/5d2c751a-110a-4663-b240-bf86bace1403 {"type": "usd", "usd": 0.0}
2026-09-30 06:57:47 /background-jobs/a1204741-6d9d-4daa-ac5d-1d0536d88295 {"type": "usd", "usd": 0.0}
2026-09-30 06:57:51 /background-jobs/608c8742-7ae7-4a53-be3b-3f66ed3e6ee1 {"type": "usd", "usd": 0.0}
2026-09-30 06:57:52 /background-jobs/5d2c751a-110a-4663-b240-bf86bace1403 {"type": "usd", "usd": 0.0}
2026-09-30 06:57:53 /background-jobs/a1204741-6d9d-4daa-ac5d-1d0536d88295 {"type": "usd", "usd": 0.0}
2026-09-30 06:57:57 /background-jobs/608c8742-7ae7-4a53-be3b-3f66ed3e6ee1 {"type": "usd", "usd": 0.0}
2026-09-30 06:57:58 /background-jobs/5d2c751a-110a-4663-b240-bf86bace1403 {"type": "usd", "usd": 0.0}
2026-09-30 06:57:58 /background-jobs/a1204741-6d9d-4daa-ac5d-1d0536d88295 {"type": "usd", "usd": 0.0}
2026-09-30 06:58:02 /background-jobs/608c8742-7ae7-4a53-be3b-3f66ed3e6ee1 {"type": "usd", "usd": 0.0}
2026-09-30 06:58:03 /background-jobs/5d2c751a-110a-4663-b240-bf86bace1403 {"type": "usd", "usd": 0.0}
2026-09-30 06:58:04 /background-jobs/a1204741-6d9d-4daa-ac5d-1d0536d88295 {"type": "usd", "usd": 0.0}
2026-09-30 06:58:08 /background-jobs/608c8742-7ae7-4a53-be3b-3f66ed3e6ee1 {"type": "usd", "usd": 0.0}
2026-09-30 06:58:09 /background-jobs/5d2c751a-110a-4663-b240-bf86bace1403 {"type": "usd", "usd": 0.0}
2026-09-30 06:58:10 /background-jobs/a1204741-6d9d-4daa-ac5d-1d0536d88295 {"type": "usd", "usd": 0.0}
2026-09-30 06:58:14 /background-jobs/608c8742-7ae7-4a53-be3b-3f66ed3e6ee1 {"type": "usd", "usd": 0.0}
2026-09-30 06:58:15 /background-jobs/5d2c751a-110a-4663-b240-bf86bace1403 {"type": "usd", "usd": 0.0}
2026-09-30 06:58:16 /background-jobs/a1204741-6d9d-4daa-ac5d-1d0536d88295 {"type": "usd", "usd": 0.0}
2026-09-30 06:58:19 /background-jobs/608c8742-7ae7-4a53-be3b-3f66ed3e6ee1 {"type": "usd", "usd": 0.0}
2026-09-30 06:58:20 /background-jobs/5d2c751a-110a-4663-b240-bf86bace1403 {"type": "usd", "usd": 0.0}
2026-09-30 06:58:21 /background-jobs/a1204741-6d9d-4daa-ac5d-1d0536d88295 {"type": "usd", "usd": 0.0}
2026-09-30 06:58:25 /background-jobs/608c8742-7ae7-4a53-be3b-3f66ed3e6ee1 {"type": "usd", "usd": 0.0}
2026-09-30 06:58:26 /background-jobs/5d2c751a-110a-4663-b240-bf86bace1403 {"type": "usd", "usd": 0.0}
2026-09-30 06:58:27 /background-jobs/a1204741-6d9d-4daa-ac5d-1d0536d88295 {"type": "usd", "usd": 0.0}
2026-09-30 06:58:31 /background-jobs/608c8742-7ae7-4a53-be3b-3f66ed3e6ee1 {"type": "usd", "usd": 0.0}
2026-09-30 06:58:31 /background-jobs/5d2c751a-110a-4663-b240-bf86bace1403 {"type": "usd", "usd": 0.0}
2026-09-30 06:58:33 /background-jobs/a1204741-6d9d-4daa-ac5d-1d0536d88295 {"type": "usd", "usd": 0.0}
2026-09-30 06:58:35 /background-jobs/3963e63f-c372-4da2-9236-3a08b6eb5b1b {"type": "usd", "usd": 0.0}
2026-09-30 06:58:35 /background-jobs/217e8814-990b-486f-8908-1de915705ca8 {"type": "usd", "usd": 0.0}
2026-09-30 06:58:35 /background-jobs/75145f22-ef10-4d45-a782-2513cc65630b {"type": "usd", "usd": 0.0}
2026-09-30 06:58:35 /background-jobs/eddf0f93-7f8a-47a6-a9d3-3841ff88d66f {"type": "usd", "usd": 0.0}
2026-09-30 06:58:35 /background-jobs/0dc412ef-f9c8-46c5-b47f-b46da1a2db55 {"type": "usd", "usd": 0.0}
2026-09-30 06:58:35 /background-jobs/e86d87c8-a667-48ef-be0a-c799aca7da3e {"type": "usd", "usd": 0.0}
2026-09-30 06:58:36 /background-jobs/608c8742-7ae7-4a53-be3b-3f66ed3e6ee1 {"type": "usd", "usd": 0.0}
2026-09-30 06:58:37 /background-jobs/5d2c751a-110a-4663-b240-bf86bace1403 {"type": "generations", "generations": 1.0}
2026-09-30 06:58:38 /background-jobs/a1204741-6d9d-4daa-ac5d-1d0536d88295 {"type": "usd", "usd": 0.0}
2026-09-30 06:58:40 /background-jobs/3963e63f-c372-4da2-9236-3a08b6eb5b1b {"type": "usd", "usd": 0.0}
2026-09-30 06:58:40 /background-jobs/75145f22-ef10-4d45-a782-2513cc65630b {"type": "usd", "usd": 0.0}
2026-09-30 06:58:40 /background-jobs/eddf0f93-7f8a-47a6-a9d3-3841ff88d66f {"type": "usd", "usd": 0.0}
2026-09-30 06:58:41 /background-jobs/0dc412ef-f9c8-46c5-b47f-b46da1a2db55 {"type": "usd", "usd": 0.0}
2026-09-30 06:58:41 /background-jobs/217e8814-990b-486f-8908-1de915705ca8 {"type": "usd", "usd": 0.0}
2026-09-30 06:58:41 /background-jobs/e86d87c8-a667-48ef-be0a-c799aca7da3e {"type": "usd", "usd": 0.0}
2026-09-30 06:58:42 /background-jobs/608c8742-7ae7-4a53-be3b-3f66ed3e6ee1 {"type": "usd", "usd": 0.0}
2026-09-30 06:58:44 /background-jobs/a1204741-6d9d-4daa-ac5d-1d0536d88295 {"type": "usd", "usd": 0.0}
2026-09-30 06:58:46 /background-jobs/3963e63f-c372-4da2-9236-3a08b6eb5b1b {"type": "usd", "usd": 0.0}
2026-09-30 06:58:46 /background-jobs/eddf0f93-7f8a-47a6-a9d3-3841ff88d66f {"type": "usd", "usd": 0.0}
2026-09-30 06:58:46 /background-jobs/75145f22-ef10-4d45-a782-2513cc65630b {"type": "usd", "usd": 0.0}
2026-09-30 06:58:46 /background-jobs/0dc412ef-f9c8-46c5-b47f-b46da1a2db55 {"type": "usd", "usd": 0.0}
2026-09-30 06:58:46 /background-jobs/217e8814-990b-486f-8908-1de915705ca8 {"type": "usd", "usd": 0.0}
2026-09-30 06:58:47 /background-jobs/e86d87c8-a667-48ef-be0a-c799aca7da3e {"type": "usd", "usd": 0.0}
2026-09-30 06:58:47 /background-jobs/608c8742-7ae7-4a53-be3b-3f66ed3e6ee1 {"type": "usd", "usd": 0.0}
2026-09-30 06:58:50 /background-jobs/a1204741-6d9d-4daa-ac5d-1d0536d88295 {"type": "usd", "usd": 0.0}
2026-09-30 06:58:52 /background-jobs/3963e63f-c372-4da2-9236-3a08b6eb5b1b {"type": "usd", "usd": 0.0}
2026-09-30 06:58:52 /background-jobs/eddf0f93-7f8a-47a6-a9d3-3841ff88d66f {"type": "usd", "usd": 0.0}
2026-09-30 06:58:52 /background-jobs/75145f22-ef10-4d45-a782-2513cc65630b {"type": "usd", "usd": 0.0}
2026-09-30 06:58:52 /background-jobs/0dc412ef-f9c8-46c5-b47f-b46da1a2db55 {"type": "usd", "usd": 0.0}
2026-09-30 06:58:52 /background-jobs/217e8814-990b-486f-8908-1de915705ca8 {"type": "usd", "usd": 0.0}
2026-09-30 06:58:52 /background-jobs/e86d87c8-a667-48ef-be0a-c799aca7da3e {"type": "usd", "usd": 0.0}
2026-09-30 06:58:53 /background-jobs/608c8742-7ae7-4a53-be3b-3f66ed3e6ee1 {"type": "usd", "usd": 0.0}
2026-09-30 06:58:55 /background-jobs/a1204741-6d9d-4daa-ac5d-1d0536d88295 {"type": "usd", "usd": 0.0}
2026-09-30 06:58:57 /background-jobs/3963e63f-c372-4da2-9236-3a08b6eb5b1b {"type": "usd", "usd": 0.0}
2026-09-30 06:58:57 /background-jobs/eddf0f93-7f8a-47a6-a9d3-3841ff88d66f {"type": "usd", "usd": 0.0}
2026-09-30 06:58:57 /background-jobs/75145f22-ef10-4d45-a782-2513cc65630b {"type": "usd", "usd": 0.0}
2026-09-30 06:58:57 /background-jobs/0dc412ef-f9c8-46c5-b47f-b46da1a2db55 {"type": "usd", "usd": 0.0}
2026-09-30 06:58:58 /background-jobs/217e8814-990b-486f-8908-1de915705ca8 {"type": "usd", "usd": 0.0}
2026-09-30 06:58:58 /background-jobs/e86d87c8-a667-48ef-be0a-c799aca7da3e {"type": "usd", "usd": 0.0}
2026-09-30 06:58:59 /background-jobs/608c8742-7ae7-4a53-be3b-3f66ed3e6ee1 {"type": "usd", "usd": 0.0}
2026-09-30 06:59:01 /background-jobs/a1204741-6d9d-4daa-ac5d-1d0536d88295 {"type": "usd", "usd": 0.0}
2026-09-30 06:59:03 /background-jobs/3963e63f-c372-4da2-9236-3a08b6eb5b1b {"type": "usd", "usd": 0.0}
2026-09-30 06:59:03 /background-jobs/75145f22-ef10-4d45-a782-2513cc65630b {"type": "usd", "usd": 0.0}
2026-09-30 06:59:03 /background-jobs/0dc412ef-f9c8-46c5-b47f-b46da1a2db55 {"type": "usd", "usd": 0.0}
2026-09-30 06:59:03 /background-jobs/217e8814-990b-486f-8908-1de915705ca8 {"type": "usd", "usd": 0.0}
2026-09-30 06:59:04 /background-jobs/eddf0f93-7f8a-47a6-a9d3-3841ff88d66f {"type": "usd", "usd": 0.0}
2026-09-30 06:59:04 /background-jobs/e86d87c8-a667-48ef-be0a-c799aca7da3e {"type": "usd", "usd": 0.0}
2026-09-30 06:59:04 /background-jobs/608c8742-7ae7-4a53-be3b-3f66ed3e6ee1 {"type": "usd", "usd": 0.0}
2026-09-30 06:59:07 /background-jobs/a1204741-6d9d-4daa-ac5d-1d0536d88295 {"type": "usd", "usd": 0.0}
2026-09-30 06:59:09 /background-jobs/3963e63f-c372-4da2-9236-3a08b6eb5b1b {"type": "usd", "usd": 0.0}
2026-09-30 06:59:09 /background-jobs/75145f22-ef10-4d45-a782-2513cc65630b {"type": "usd", "usd": 0.0}
2026-09-30 06:59:09 /background-jobs/0dc412ef-f9c8-46c5-b47f-b46da1a2db55 {"type": "usd", "usd": 0.0}
2026-09-30 06:59:09 /background-jobs/217e8814-990b-486f-8908-1de915705ca8 {"type": "usd", "usd": 0.0}
2026-09-30 06:59:09 /background-jobs/eddf0f93-7f8a-47a6-a9d3-3841ff88d66f {"type": "usd", "usd": 0.0}
2026-09-30 06:59:10 /background-jobs/e86d87c8-a667-48ef-be0a-c799aca7da3e {"type": "usd", "usd": 0.0}
2026-09-30 06:59:10 /background-jobs/608c8742-7ae7-4a53-be3b-3f66ed3e6ee1 {"type": "usd", "usd": 0.0}
2026-09-30 06:59:12 /background-jobs/a1204741-6d9d-4daa-ac5d-1d0536d88295 {"type": "usd", "usd": 0.0}
2026-09-30 06:59:14 /background-jobs/3963e63f-c372-4da2-9236-3a08b6eb5b1b {"type": "usd", "usd": 0.0}
2026-09-30 06:59:14 /background-jobs/75145f22-ef10-4d45-a782-2513cc65630b {"type": "usd", "usd": 0.0}
2026-09-30 06:59:14 /background-jobs/0dc412ef-f9c8-46c5-b47f-b46da1a2db55 {"type": "usd", "usd": 0.0}
2026-09-30 06:59:14 /background-jobs/217e8814-990b-486f-8908-1de915705ca8 {"type": "usd", "usd": 0.0}
2026-09-30 06:59:15 /background-jobs/eddf0f93-7f8a-47a6-a9d3-3841ff88d66f {"type": "usd", "usd": 0.0}
2026-09-30 06:59:15 /background-jobs/e86d87c8-a667-48ef-be0a-c799aca7da3e {"type": "usd", "usd": 0.0}
2026-09-30 06:59:16 /background-jobs/608c8742-7ae7-4a53-be3b-3f66ed3e6ee1 {"type": "usd", "usd": 0.0}
2026-09-30 06:59:18 /background-jobs/a1204741-6d9d-4daa-ac5d-1d0536d88295 {"type": "usd", "usd": 0.0}
2026-09-30 06:59:20 /background-jobs/3963e63f-c372-4da2-9236-3a08b6eb5b1b {"type": "usd", "usd": 0.0}
2026-09-30 06:59:20 /background-jobs/75145f22-ef10-4d45-a782-2513cc65630b {"type": "usd", "usd": 0.0}
2026-09-30 06:59:20 /background-jobs/217e8814-990b-486f-8908-1de915705ca8 {"type": "usd", "usd": 0.0}
2026-09-30 06:59:20 /background-jobs/0dc412ef-f9c8-46c5-b47f-b46da1a2db55 {"type": "usd", "usd": 0.0}
2026-09-30 06:59:21 /background-jobs/eddf0f93-7f8a-47a6-a9d3-3841ff88d66f {"type": "usd", "usd": 0.0}
2026-09-30 06:59:21 /background-jobs/e86d87c8-a667-48ef-be0a-c799aca7da3e {"type": "usd", "usd": 0.0}
2026-09-30 06:59:21 /background-jobs/608c8742-7ae7-4a53-be3b-3f66ed3e6ee1 {"type": "usd", "usd": 0.0}
2026-09-30 06:59:24 /background-jobs/a1204741-6d9d-4daa-ac5d-1d0536d88295 {"type": "usd", "usd": 0.0}
2026-09-30 06:59:26 /background-jobs/3963e63f-c372-4da2-9236-3a08b6eb5b1b {"type": "usd", "usd": 0.0}
2026-09-30 06:59:26 /background-jobs/0dc412ef-f9c8-46c5-b47f-b46da1a2db55 {"type": "usd", "usd": 0.0}
2026-09-30 06:59:26 /background-jobs/217e8814-990b-486f-8908-1de915705ca8 {"type": "usd", "usd": 0.0}
2026-09-30 06:59:26 /background-jobs/75145f22-ef10-4d45-a782-2513cc65630b {"type": "usd", "usd": 0.0}
2026-09-30 06:59:26 /background-jobs/eddf0f93-7f8a-47a6-a9d3-3841ff88d66f {"type": "usd", "usd": 0.0}
2026-09-30 06:59:27 /background-jobs/e86d87c8-a667-48ef-be0a-c799aca7da3e {"type": "usd", "usd": 0.0}
2026-09-30 06:59:28 /background-jobs/608c8742-7ae7-4a53-be3b-3f66ed3e6ee1 {"type": "usd", "usd": 0.0}
2026-09-30 06:59:29 /background-jobs/a1204741-6d9d-4daa-ac5d-1d0536d88295 {"type": "usd", "usd": 0.0}
2026-09-30 06:59:31 /background-jobs/3963e63f-c372-4da2-9236-3a08b6eb5b1b {"type": "usd", "usd": 0.0}
2026-09-30 06:59:31 /background-jobs/0dc412ef-f9c8-46c5-b47f-b46da1a2db55 {"type": "usd", "usd": 0.0}
2026-09-30 06:59:32 /background-jobs/217e8814-990b-486f-8908-1de915705ca8 {"type": "usd", "usd": 0.0}
2026-09-30 06:59:32 /background-jobs/75145f22-ef10-4d45-a782-2513cc65630b {"type": "usd", "usd": 0.0}
2026-09-30 06:59:32 /background-jobs/eddf0f93-7f8a-47a6-a9d3-3841ff88d66f {"type": "usd", "usd": 0.0}
2026-09-30 06:59:32 /background-jobs/e86d87c8-a667-48ef-be0a-c799aca7da3e {"type": "usd", "usd": 0.0}
2026-09-30 06:59:35 /background-jobs/608c8742-7ae7-4a53-be3b-3f66ed3e6ee1 {"type": "usd", "usd": 0.0}
2026-09-30 06:59:36 /background-jobs/a1204741-6d9d-4daa-ac5d-1d0536d88295 {"type": "usd", "usd": 0.0}
2026-09-30 06:59:37 /background-jobs/3963e63f-c372-4da2-9236-3a08b6eb5b1b {"type": "usd", "usd": 0.0}
2026-09-30 06:59:37 /background-jobs/0dc412ef-f9c8-46c5-b47f-b46da1a2db55 {"type": "usd", "usd": 0.0}
2026-09-30 06:59:37 /background-jobs/217e8814-990b-486f-8908-1de915705ca8 {"type": "usd", "usd": 0.0}
2026-09-30 06:59:37 /background-jobs/75145f22-ef10-4d45-a782-2513cc65630b {"type": "usd", "usd": 0.0}
2026-09-30 06:59:38 /background-jobs/eddf0f93-7f8a-47a6-a9d3-3841ff88d66f {"type": "usd", "usd": 0.0}
2026-09-30 06:59:38 /background-jobs/e86d87c8-a667-48ef-be0a-c799aca7da3e {"type": "usd", "usd": 0.0}
2026-09-30 06:59:40 /background-jobs/608c8742-7ae7-4a53-be3b-3f66ed3e6ee1 {"type": "usd", "usd": 0.0}
2026-09-30 06:59:41 /background-jobs/a1204741-6d9d-4daa-ac5d-1d0536d88295 {"type": "usd", "usd": 0.0}
2026-09-30 06:59:42 /background-jobs/3963e63f-c372-4da2-9236-3a08b6eb5b1b {"type": "usd", "usd": 0.0}
2026-09-30 06:59:43 /background-jobs/0dc412ef-f9c8-46c5-b47f-b46da1a2db55 {"type": "usd", "usd": 0.0}
2026-09-30 06:59:43 /background-jobs/217e8814-990b-486f-8908-1de915705ca8 {"type": "usd", "usd": 0.0}
2026-09-30 06:59:43 /background-jobs/75145f22-ef10-4d45-a782-2513cc65630b {"type": "usd", "usd": 0.0}
2026-09-30 06:59:43 /background-jobs/eddf0f93-7f8a-47a6-a9d3-3841ff88d66f {"type": "usd", "usd": 0.0}
2026-09-30 06:59:44 /background-jobs/e86d87c8-a667-48ef-be0a-c799aca7da3e {"type": "usd", "usd": 0.0}
2026-09-30 06:59:46 /background-jobs/608c8742-7ae7-4a53-be3b-3f66ed3e6ee1 {"type": "usd", "usd": 0.0}
2026-09-30 06:59:47 /background-jobs/a1204741-6d9d-4daa-ac5d-1d0536d88295 {"type": "usd", "usd": 0.0}
2026-09-30 06:59:48 /background-jobs/3963e63f-c372-4da2-9236-3a08b6eb5b1b {"type": "usd", "usd": 0.0}
2026-09-30 06:59:48 /background-jobs/0dc412ef-f9c8-46c5-b47f-b46da1a2db55 {"type": "usd", "usd": 0.0}
2026-09-30 06:59:49 /background-jobs/217e8814-990b-486f-8908-1de915705ca8 {"type": "usd", "usd": 0.0}
2026-09-30 06:59:49 /background-jobs/75145f22-ef10-4d45-a782-2513cc65630b {"type": "usd", "usd": 0.0}
2026-09-30 06:59:49 /background-jobs/eddf0f93-7f8a-47a6-a9d3-3841ff88d66f {"type": "usd", "usd": 0.0}
2026-09-30 06:59:49 /background-jobs/e86d87c8-a667-48ef-be0a-c799aca7da3e {"type": "usd", "usd": 0.0}
2026-09-30 06:59:52 /background-jobs/608c8742-7ae7-4a53-be3b-3f66ed3e6ee1 {"type": "usd", "usd": 0.0}
2026-09-30 06:59:53 /background-jobs/a1204741-6d9d-4daa-ac5d-1d0536d88295 {"type": "usd", "usd": 0.0}
2026-09-30 06:59:54 /background-jobs/3963e63f-c372-4da2-9236-3a08b6eb5b1b {"type": "usd", "usd": 0.0}
2026-09-30 06:59:54 /background-jobs/0dc412ef-f9c8-46c5-b47f-b46da1a2db55 {"type": "usd", "usd": 0.0}
2026-09-30 06:59:54 /background-jobs/217e8814-990b-486f-8908-1de915705ca8 {"type": "usd", "usd": 0.0}
2026-09-30 06:59:55 /background-jobs/eddf0f93-7f8a-47a6-a9d3-3841ff88d66f {"type": "usd", "usd": 0.0}
2026-09-30 06:59:55 /background-jobs/e86d87c8-a667-48ef-be0a-c799aca7da3e {"type": "usd", "usd": 0.0}
2026-09-30 06:59:55 /background-jobs/75145f22-ef10-4d45-a782-2513cc65630b {"type": "generations", "generations": 1.0}
2026-09-30 06:59:57 /background-jobs/608c8742-7ae7-4a53-be3b-3f66ed3e6ee1 {"type": "usd", "usd": 0.0}
2026-09-30 06:59:58 /background-jobs/a1204741-6d9d-4daa-ac5d-1d0536d88295 {"type": "usd", "usd": 0.0}
2026-09-30 06:59:59 /background-jobs/3963e63f-c372-4da2-9236-3a08b6eb5b1b {"type": "usd", "usd": 0.0}
2026-09-30 07:00:00 /background-jobs/0dc412ef-f9c8-46c5-b47f-b46da1a2db55 {"type": "usd", "usd": 0.0}
2026-09-30 07:00:00 /background-jobs/217e8814-990b-486f-8908-1de915705ca8 {"type": "usd", "usd": 0.0}
2026-09-30 07:00:00 /background-jobs/e86d87c8-a667-48ef-be0a-c799aca7da3e {"type": "usd", "usd": 0.0}
2026-09-30 07:00:01 /background-jobs/eddf0f93-7f8a-47a6-a9d3-3841ff88d66f {"type": "usd", "usd": 0.0}
2026-09-30 07:00:03 /background-jobs/608c8742-7ae7-4a53-be3b-3f66ed3e6ee1 {"type": "usd", "usd": 0.0}
2026-09-30 07:00:04 /background-jobs/a1204741-6d9d-4daa-ac5d-1d0536d88295 {"type": "usd", "usd": 0.0}
2026-09-30 07:00:06 /background-jobs/217e8814-990b-486f-8908-1de915705ca8 {"type": "usd", "usd": 0.0}
2026-09-30 07:00:06 /background-jobs/e86d87c8-a667-48ef-be0a-c799aca7da3e {"type": "usd", "usd": 0.0}
2026-09-30 07:00:06 /background-jobs/3963e63f-c372-4da2-9236-3a08b6eb5b1b {"type": "usd", "usd": 0.0}
2026-09-30 07:00:06 /background-jobs/eddf0f93-7f8a-47a6-a9d3-3841ff88d66f {"type": "usd", "usd": 0.0}
2026-09-30 07:00:07 /background-jobs/0dc412ef-f9c8-46c5-b47f-b46da1a2db55 {"type": "usd", "usd": 0.0}
2026-09-30 07:00:09 /background-jobs/608c8742-7ae7-4a53-be3b-3f66ed3e6ee1 {"type": "usd", "usd": 0.0}
2026-09-30 07:00:10 /background-jobs/a1204741-6d9d-4daa-ac5d-1d0536d88295 {"type": "usd", "usd": 0.0}
2026-09-30 07:00:12 /background-jobs/217e8814-990b-486f-8908-1de915705ca8 {"type": "usd", "usd": 0.0}
2026-09-30 07:00:12 /background-jobs/e86d87c8-a667-48ef-be0a-c799aca7da3e {"type": "usd", "usd": 0.0}
2026-09-30 07:00:12 /background-jobs/3963e63f-c372-4da2-9236-3a08b6eb5b1b {"type": "usd", "usd": 0.0}
2026-09-30 07:00:12 /background-jobs/eddf0f93-7f8a-47a6-a9d3-3841ff88d66f {"type": "usd", "usd": 0.0}
2026-09-30 07:00:13 /background-jobs/0dc412ef-f9c8-46c5-b47f-b46da1a2db55 {"type": "usd", "usd": 0.0}
2026-09-30 07:00:14 /background-jobs/608c8742-7ae7-4a53-be3b-3f66ed3e6ee1 {"type": "usd", "usd": 0.0}
2026-09-30 07:00:15 /background-jobs/a1204741-6d9d-4daa-ac5d-1d0536d88295 {"type": "usd", "usd": 0.0}
2026-09-30 07:00:17 /background-jobs/217e8814-990b-486f-8908-1de915705ca8 {"type": "usd", "usd": 0.0}
2026-09-30 07:00:18 /background-jobs/e86d87c8-a667-48ef-be0a-c799aca7da3e {"type": "usd", "usd": 0.0}
2026-09-30 07:00:18 /background-jobs/3963e63f-c372-4da2-9236-3a08b6eb5b1b {"type": "usd", "usd": 0.0}
2026-09-30 07:00:18 /background-jobs/eddf0f93-7f8a-47a6-a9d3-3841ff88d66f {"type": "usd", "usd": 0.0}
2026-09-30 07:00:18 /background-jobs/0dc412ef-f9c8-46c5-b47f-b46da1a2db55 {"type": "usd", "usd": 0.0}
2026-09-30 07:00:20 /background-jobs/608c8742-7ae7-4a53-be3b-3f66ed3e6ee1 {"type": "usd", "usd": 0.0}
2026-09-30 07:00:23 /background-jobs/217e8814-990b-486f-8908-1de915705ca8 {"type": "generations", "generations": 1.0}
2026-09-30 07:00:23 /background-jobs/eddf0f93-7f8a-47a6-a9d3-3841ff88d66f {"type": "usd", "usd": 0.0}
2026-09-30 07:00:23 /background-jobs/e86d87c8-a667-48ef-be0a-c799aca7da3e {"type": "usd", "usd": 0.0}
2026-09-30 07:00:24 /background-jobs/a1204741-6d9d-4daa-ac5d-1d0536d88295 {"type": "usd", "usd": 0.0}
2026-09-30 07:00:24 /background-jobs/3963e63f-c372-4da2-9236-3a08b6eb5b1b {"type": "generations", "generations": 1.0}
2026-09-30 07:00:24 /background-jobs/0dc412ef-f9c8-46c5-b47f-b46da1a2db55 {"type": "usd", "usd": 0.0}
2026-09-30 07:00:26 /background-jobs/608c8742-7ae7-4a53-be3b-3f66ed3e6ee1 {"type": "usd", "usd": 0.0}
2026-09-30 07:00:29 /background-jobs/e86d87c8-a667-48ef-be0a-c799aca7da3e {"type": "usd", "usd": 0.0}
2026-09-30 07:00:29 /background-jobs/eddf0f93-7f8a-47a6-a9d3-3841ff88d66f {"type": "usd", "usd": 0.0}
2026-09-30 07:00:29 /background-jobs/217e8814-990b-486f-8908-1de915705ca8 {"type": "generations", "generations": 1.0}
2026-09-30 07:00:30 /background-jobs/a1204741-6d9d-4daa-ac5d-1d0536d88295 {"type": "usd", "usd": 0.0}
2026-09-30 07:00:30 /background-jobs/0dc412ef-f9c8-46c5-b47f-b46da1a2db55 {"type": "usd", "usd": 0.0}
2026-09-30 07:00:31 /background-jobs/3963e63f-c372-4da2-9236-3a08b6eb5b1b {"type": "generations", "generations": 1.0}
2026-09-30 07:00:31 /background-jobs/608c8742-7ae7-4a53-be3b-3f66ed3e6ee1 {"type": "usd", "usd": 0.0}
2026-09-30 07:00:35 /background-jobs/eddf0f93-7f8a-47a6-a9d3-3841ff88d66f {"type": "usd", "usd": 0.0}
2026-09-30 07:00:36 /background-jobs/a1204741-6d9d-4daa-ac5d-1d0536d88295 {"type": "usd", "usd": 0.0}
2026-09-30 07:00:36 /background-jobs/0dc412ef-f9c8-46c5-b47f-b46da1a2db55 {"type": "usd", "usd": 0.0}
2026-09-30 07:00:38 /background-jobs/608c8742-7ae7-4a53-be3b-3f66ed3e6ee1 {"type": "usd", "usd": 0.0}
2026-09-30 07:00:39 /background-jobs/e86d87c8-a667-48ef-be0a-c799aca7da3e {"type": "usd", "usd": 0.0}
2026-09-30 07:00:41 /background-jobs/eddf0f93-7f8a-47a6-a9d3-3841ff88d66f {"type": "usd", "usd": 0.0}
2026-09-30 07:00:41 /background-jobs/a1204741-6d9d-4daa-ac5d-1d0536d88295 {"type": "usd", "usd": 0.0}
2026-09-30 07:00:42 /background-jobs/0dc412ef-f9c8-46c5-b47f-b46da1a2db55 {"type": "usd", "usd": 0.0}
2026-09-30 07:00:43 /background-jobs/608c8742-7ae7-4a53-be3b-3f66ed3e6ee1 {"type": "usd", "usd": 0.0}
2026-09-30 07:00:45 /background-jobs/20fe2604-da01-4481-acfe-3a34c3c15e1a {"type": "usd", "usd": 0.0}
2026-09-30 07:00:45 /background-jobs/e86d87c8-a667-48ef-be0a-c799aca7da3e {"type": "usd", "usd": 0.0}
2026-09-30 07:00:47 /background-jobs/eddf0f93-7f8a-47a6-a9d3-3841ff88d66f {"type": "usd", "usd": 0.0}
2026-09-30 07:00:47 /background-jobs/a1204741-6d9d-4daa-ac5d-1d0536d88295 {"type": "usd", "usd": 0.0}
2026-09-30 07:00:48 /background-jobs/0dc412ef-f9c8-46c5-b47f-b46da1a2db55 {"type": "usd", "usd": 0.0}
2026-09-30 07:00:49 /background-jobs/608c8742-7ae7-4a53-be3b-3f66ed3e6ee1 {"type": "usd", "usd": 0.0}
2026-09-30 07:00:51 /background-jobs/e86d87c8-a667-48ef-be0a-c799aca7da3e {"type": "usd", "usd": 0.0}
2026-09-30 07:00:53 /background-jobs/a1204741-6d9d-4daa-ac5d-1d0536d88295 {"type": "usd", "usd": 0.0}
2026-09-30 07:00:53 /background-jobs/eddf0f93-7f8a-47a6-a9d3-3841ff88d66f {"type": "usd", "usd": 0.0}
2026-09-30 07:00:53 /background-jobs/0dc412ef-f9c8-46c5-b47f-b46da1a2db55 {"type": "usd", "usd": 0.0}
2026-09-30 07:00:54 /background-jobs/608c8742-7ae7-4a53-be3b-3f66ed3e6ee1 {"type": "usd", "usd": 0.0}
2026-09-30 07:00:57 /background-jobs/e86d87c8-a667-48ef-be0a-c799aca7da3e {"type": "usd", "usd": 0.0}
2026-09-30 07:00:58 /background-jobs/a1204741-6d9d-4daa-ac5d-1d0536d88295 {"type": "usd", "usd": 0.0}
2026-09-30 07:00:59 /background-jobs/0dc412ef-f9c8-46c5-b47f-b46da1a2db55 {"type": "usd", "usd": 0.0}
2026-09-30 07:01:00 /background-jobs/eddf0f93-7f8a-47a6-a9d3-3841ff88d66f {"type": "usd", "usd": 0.0}
2026-09-30 07:01:00 /background-jobs/608c8742-7ae7-4a53-be3b-3f66ed3e6ee1 {"type": "usd", "usd": 0.0}
2026-09-30 07:01:02 /background-jobs/20fe2604-da01-4481-acfe-3a34c3c15e1a {"type": "usd", "usd": 0.0}
2026-09-30 07:01:04 /background-jobs/a1204741-6d9d-4daa-ac5d-1d0536d88295 {"type": "usd", "usd": 0.0}
2026-09-30 07:01:05 /background-jobs/e86d87c8-a667-48ef-be0a-c799aca7da3e {"type": "usd", "usd": 0.0}
2026-09-30 07:01:05 /background-jobs/0dc412ef-f9c8-46c5-b47f-b46da1a2db55 {"type": "usd", "usd": 0.0}
2026-09-30 07:01:06 /background-jobs/608c8742-7ae7-4a53-be3b-3f66ed3e6ee1 {"type": "usd", "usd": 0.0}
2026-09-30 07:01:06 /background-jobs/eddf0f93-7f8a-47a6-a9d3-3841ff88d66f {"type": "usd", "usd": 0.0}
2026-09-30 07:01:08 /background-jobs/20fe2604-da01-4481-acfe-3a34c3c15e1a {"type": "usd", "usd": 0.0}
2026-09-30 07:01:10 /background-jobs/a1204741-6d9d-4daa-ac5d-1d0536d88295 {"type": "usd", "usd": 0.0}
2026-09-30 07:01:10 /background-jobs/e86d87c8-a667-48ef-be0a-c799aca7da3e {"type": "usd", "usd": 0.0}
2026-09-30 07:01:11 /background-jobs/0dc412ef-f9c8-46c5-b47f-b46da1a2db55 {"type": "usd", "usd": 0.0}
2026-09-30 07:01:11 /background-jobs/608c8742-7ae7-4a53-be3b-3f66ed3e6ee1 {"type": "usd", "usd": 0.0}
2026-09-30 07:01:12 /background-jobs/eddf0f93-7f8a-47a6-a9d3-3841ff88d66f {"type": "usd", "usd": 0.0}
2026-09-30 07:01:13 /background-jobs/20fe2604-da01-4481-acfe-3a34c3c15e1a {"type": "usd", "usd": 0.0}
2026-09-30 07:01:16 /background-jobs/a1204741-6d9d-4daa-ac5d-1d0536d88295 {"type": "usd", "usd": 0.0}
2026-09-30 07:01:16 /background-jobs/e86d87c8-a667-48ef-be0a-c799aca7da3e {"type": "usd", "usd": 0.0}
2026-09-30 07:01:16 /background-jobs/0dc412ef-f9c8-46c5-b47f-b46da1a2db55 {"type": "usd", "usd": 0.0}
2026-09-30 07:01:18 /background-jobs/eddf0f93-7f8a-47a6-a9d3-3841ff88d66f {"type": "usd", "usd": 0.0}
2026-09-30 07:01:18 /background-jobs/608c8742-7ae7-4a53-be3b-3f66ed3e6ee1 {"type": "usd", "usd": 0.0}
2026-09-30 07:01:19 /background-jobs/20fe2604-da01-4481-acfe-3a34c3c15e1a {"type": "usd", "usd": 0.0}
2026-09-30 07:01:21 /background-jobs/a1204741-6d9d-4daa-ac5d-1d0536d88295 {"type": "usd", "usd": 0.0}
2026-09-30 07:01:22 /background-jobs/e86d87c8-a667-48ef-be0a-c799aca7da3e {"type": "usd", "usd": 0.0}
2026-09-30 07:01:22 /background-jobs/0dc412ef-f9c8-46c5-b47f-b46da1a2db55 {"type": "usd", "usd": 0.0}
2026-09-30 07:01:23 /background-jobs/eddf0f93-7f8a-47a6-a9d3-3841ff88d66f {"type": "usd", "usd": 0.0}
2026-09-30 07:01:24 /background-jobs/608c8742-7ae7-4a53-be3b-3f66ed3e6ee1 {"type": "usd", "usd": 0.0}
2026-09-30 07:01:25 /background-jobs/20fe2604-da01-4481-acfe-3a34c3c15e1a {"type": "usd", "usd": 0.0}
2026-09-30 07:01:27 /background-jobs/a1204741-6d9d-4daa-ac5d-1d0536d88295 {"type": "usd", "usd": 0.0}
2026-09-30 07:01:27 /background-jobs/e86d87c8-a667-48ef-be0a-c799aca7da3e {"type": "usd", "usd": 0.0}
2026-09-30 07:01:28 /background-jobs/0dc412ef-f9c8-46c5-b47f-b46da1a2db55 {"type": "usd", "usd": 0.0}
2026-09-30 07:01:29 /background-jobs/eddf0f93-7f8a-47a6-a9d3-3841ff88d66f {"type": "usd", "usd": 0.0}
2026-09-30 07:01:30 /background-jobs/608c8742-7ae7-4a53-be3b-3f66ed3e6ee1 {"type": "usd", "usd": 0.0}
2026-09-30 07:01:30 /background-jobs/20fe2604-da01-4481-acfe-3a34c3c15e1a {"type": "usd", "usd": 0.0}
2026-09-30 07:01:33 /background-jobs/a1204741-6d9d-4daa-ac5d-1d0536d88295 {"type": "usd", "usd": 0.0}
2026-09-30 07:01:33 /background-jobs/e86d87c8-a667-48ef-be0a-c799aca7da3e {"type": "usd", "usd": 0.0}
2026-09-30 07:01:33 /background-jobs/0dc412ef-f9c8-46c5-b47f-b46da1a2db55 {"type": "usd", "usd": 0.0}
2026-09-30 07:01:35 /background-jobs/eddf0f93-7f8a-47a6-a9d3-3841ff88d66f {"type": "usd", "usd": 0.0}
2026-09-30 07:01:36 /background-jobs/608c8742-7ae7-4a53-be3b-3f66ed3e6ee1 {"type": "usd", "usd": 0.0}
2026-09-30 07:01:36 /background-jobs/20fe2604-da01-4481-acfe-3a34c3c15e1a {"type": "usd", "usd": 0.0}
2026-09-30 07:01:38 /background-jobs/a1204741-6d9d-4daa-ac5d-1d0536d88295 {"type": "usd", "usd": 0.0}
2026-09-30 07:01:39 /background-jobs/e86d87c8-a667-48ef-be0a-c799aca7da3e {"type": "usd", "usd": 0.0}
2026-09-30 07:01:39 /background-jobs/0dc412ef-f9c8-46c5-b47f-b46da1a2db55 {"type": "usd", "usd": 0.0}
2026-09-30 07:01:40 /background-jobs/eddf0f93-7f8a-47a6-a9d3-3841ff88d66f {"type": "usd", "usd": 0.0}
2026-09-30 07:01:41 /background-jobs/608c8742-7ae7-4a53-be3b-3f66ed3e6ee1 {"type": "usd", "usd": 0.0}
2026-09-30 07:01:42 /background-jobs/20fe2604-da01-4481-acfe-3a34c3c15e1a {"type": "usd", "usd": 0.0}
2026-09-30 07:01:44 /background-jobs/a1204741-6d9d-4daa-ac5d-1d0536d88295 {"type": "usd", "usd": 0.0}
2026-09-30 07:01:44 /background-jobs/e86d87c8-a667-48ef-be0a-c799aca7da3e {"type": "usd", "usd": 0.0}
2026-09-30 07:01:45 /background-jobs/0dc412ef-f9c8-46c5-b47f-b46da1a2db55 {"type": "usd", "usd": 0.0}
2026-09-30 07:01:47 /background-jobs/608c8742-7ae7-4a53-be3b-3f66ed3e6ee1 {"type": "usd", "usd": 0.0}
2026-09-30 07:01:47 /background-jobs/eddf0f93-7f8a-47a6-a9d3-3841ff88d66f {"type": "usd", "usd": 0.0}
2026-09-30 07:01:47 /background-jobs/20fe2604-da01-4481-acfe-3a34c3c15e1a {"type": "usd", "usd": 0.0}
2026-09-30 07:01:50 /background-jobs/e86d87c8-a667-48ef-be0a-c799aca7da3e {"type": "usd", "usd": 0.0}
2026-09-30 07:01:50 /background-jobs/0dc412ef-f9c8-46c5-b47f-b46da1a2db55 {"type": "usd", "usd": 0.0}
2026-09-30 07:01:52 /background-jobs/608c8742-7ae7-4a53-be3b-3f66ed3e6ee1 {"type": "usd", "usd": 0.0}
2026-09-30 07:01:52 /background-jobs/eddf0f93-7f8a-47a6-a9d3-3841ff88d66f {"type": "usd", "usd": 0.0}
2026-09-30 07:01:53 /background-jobs/a1204741-6d9d-4daa-ac5d-1d0536d88295 {"type": "usd", "usd": 0.0}
2026-09-30 07:01:53 /background-jobs/20fe2604-da01-4481-acfe-3a34c3c15e1a {"type": "usd", "usd": 0.0}
2026-09-30 07:01:56 /background-jobs/e86d87c8-a667-48ef-be0a-c799aca7da3e {"type": "usd", "usd": 0.0}
2026-09-30 07:01:56 /background-jobs/0dc412ef-f9c8-46c5-b47f-b46da1a2db55 {"type": "usd", "usd": 0.0}
2026-09-30 07:01:58 /background-jobs/608c8742-7ae7-4a53-be3b-3f66ed3e6ee1 {"type": "usd", "usd": 0.0}
2026-09-30 07:01:58 /background-jobs/eddf0f93-7f8a-47a6-a9d3-3841ff88d66f {"type": "usd", "usd": 0.0}
2026-09-30 07:01:58 /background-jobs/a1204741-6d9d-4daa-ac5d-1d0536d88295 {"type": "usd", "usd": 0.0}
2026-09-30 07:01:59 /background-jobs/20fe2604-da01-4481-acfe-3a34c3c15e1a {"type": "usd", "usd": 0.0}
2026-09-30 07:02:01 /background-jobs/e86d87c8-a667-48ef-be0a-c799aca7da3e {"type": "usd", "usd": 0.0}
2026-09-30 07:02:02 /background-jobs/0dc412ef-f9c8-46c5-b47f-b46da1a2db55 {"type": "usd", "usd": 0.0}
2026-09-30 07:02:04 /background-jobs/608c8742-7ae7-4a53-be3b-3f66ed3e6ee1 {"type": "usd", "usd": 0.0}
2026-09-30 07:02:04 /background-jobs/a1204741-6d9d-4daa-ac5d-1d0536d88295 {"type": "usd", "usd": 0.0}
2026-09-30 07:02:04 /background-jobs/eddf0f93-7f8a-47a6-a9d3-3841ff88d66f {"type": "usd", "usd": 0.0}
2026-09-30 07:02:05 /background-jobs/20fe2604-da01-4481-acfe-3a34c3c15e1a {"type": "usd", "usd": 0.0}
2026-09-30 07:02:07 /background-jobs/e86d87c8-a667-48ef-be0a-c799aca7da3e {"type": "usd", "usd": 0.0}
2026-09-30 07:02:07 /background-jobs/0dc412ef-f9c8-46c5-b47f-b46da1a2db55 {"type": "usd", "usd": 0.0}
2026-09-30 07:02:09 /background-jobs/608c8742-7ae7-4a53-be3b-3f66ed3e6ee1 {"type": "usd", "usd": 0.0}
2026-09-30 07:02:10 /background-jobs/a1204741-6d9d-4daa-ac5d-1d0536d88295 {"type": "usd", "usd": 0.0}
2026-09-30 07:02:10 /background-jobs/eddf0f93-7f8a-47a6-a9d3-3841ff88d66f {"type": "usd", "usd": 0.0}
2026-09-30 07:02:10 /background-jobs/20fe2604-da01-4481-acfe-3a34c3c15e1a {"type": "usd", "usd": 0.0}
2026-09-30 07:02:13 /background-jobs/e86d87c8-a667-48ef-be0a-c799aca7da3e {"type": "usd", "usd": 0.0}
2026-09-30 07:02:13 /background-jobs/0dc412ef-f9c8-46c5-b47f-b46da1a2db55 {"type": "usd", "usd": 0.0}
2026-09-30 07:02:15 /background-jobs/608c8742-7ae7-4a53-be3b-3f66ed3e6ee1 {"type": "usd", "usd": 0.0}
2026-09-30 07:02:16 /background-jobs/a1204741-6d9d-4daa-ac5d-1d0536d88295 {"type": "usd", "usd": 0.0}
2026-09-30 07:02:16 /background-jobs/20fe2604-da01-4481-acfe-3a34c3c15e1a {"type": "usd", "usd": 0.0}
2026-09-30 07:02:16 /background-jobs/eddf0f93-7f8a-47a6-a9d3-3841ff88d66f {"type": "usd", "usd": 0.0}
2026-09-30 07:02:19 /background-jobs/e86d87c8-a667-48ef-be0a-c799aca7da3e {"type": "usd", "usd": 0.0}
2026-09-30 07:02:19 /background-jobs/0dc412ef-f9c8-46c5-b47f-b46da1a2db55 {"type": "usd", "usd": 0.0}
2026-09-30 07:02:21 /background-jobs/608c8742-7ae7-4a53-be3b-3f66ed3e6ee1 {"type": "usd", "usd": 0.0}
2026-09-30 07:02:22 /background-jobs/20fe2604-da01-4481-acfe-3a34c3c15e1a {"type": "usd", "usd": 0.0}
2026-09-30 07:02:22 /background-jobs/a1204741-6d9d-4daa-ac5d-1d0536d88295 {"type": "usd", "usd": 0.0}
2026-09-30 07:02:24 /background-jobs/e86d87c8-a667-48ef-be0a-c799aca7da3e {"type": "usd", "usd": 0.0}
2026-09-30 07:02:25 /background-jobs/0dc412ef-f9c8-46c5-b47f-b46da1a2db55 {"type": "usd", "usd": 0.0}
2026-09-30 07:02:25 /background-jobs/eddf0f93-7f8a-47a6-a9d3-3841ff88d66f {"type": "usd", "usd": 0.0}
2026-09-30 07:02:26 /background-jobs/608c8742-7ae7-4a53-be3b-3f66ed3e6ee1 {"type": "usd", "usd": 0.0}
2026-09-30 07:02:27 /background-jobs/20fe2604-da01-4481-acfe-3a34c3c15e1a {"type": "usd", "usd": 0.0}
2026-09-30 07:02:28 /background-jobs/a1204741-6d9d-4daa-ac5d-1d0536d88295 {"type": "usd", "usd": 0.0}
2026-09-30 07:02:30 /background-jobs/0dc412ef-f9c8-46c5-b47f-b46da1a2db55 {"type": "usd", "usd": 0.0}
2026-09-30 07:02:31 /background-jobs/eddf0f93-7f8a-47a6-a9d3-3841ff88d66f {"type": "usd", "usd": 0.0}
2026-09-30 07:02:32 /background-jobs/608c8742-7ae7-4a53-be3b-3f66ed3e6ee1 {"type": "usd", "usd": 0.0}
2026-09-30 07:02:32 /background-jobs/e86d87c8-a667-48ef-be0a-c799aca7da3e {"type": "usd", "usd": 0.0}
2026-09-30 07:02:33 /background-jobs/20fe2604-da01-4481-acfe-3a34c3c15e1a {"type": "usd", "usd": 0.0}
2026-09-30 07:02:34 /background-jobs/a1204741-6d9d-4daa-ac5d-1d0536d88295 {"type": "usd", "usd": 0.0}
2026-09-30 07:02:36 /background-jobs/0dc412ef-f9c8-46c5-b47f-b46da1a2db55 {"type": "usd", "usd": 0.0}
2026-09-30 07:02:36 /background-jobs/eddf0f93-7f8a-47a6-a9d3-3841ff88d66f {"type": "usd", "usd": 0.0}
2026-09-30 07:02:38 /background-jobs/608c8742-7ae7-4a53-be3b-3f66ed3e6ee1 {"type": "usd", "usd": 0.0}
2026-09-30 07:02:38 /background-jobs/e86d87c8-a667-48ef-be0a-c799aca7da3e {"type": "usd", "usd": 0.0}
2026-09-30 07:02:39 /background-jobs/20fe2604-da01-4481-acfe-3a34c3c15e1a {"type": "usd", "usd": 0.0}
2026-09-30 07:02:39 /background-jobs/a1204741-6d9d-4daa-ac5d-1d0536d88295 {"type": "usd", "usd": 0.0}
2026-09-30 07:02:42 /background-jobs/0dc412ef-f9c8-46c5-b47f-b46da1a2db55 {"type": "usd", "usd": 0.0}
2026-09-30 07:02:42 /background-jobs/eddf0f93-7f8a-47a6-a9d3-3841ff88d66f {"type": "usd", "usd": 0.0}
2026-09-30 07:02:43 /background-jobs/608c8742-7ae7-4a53-be3b-3f66ed3e6ee1 {"type": "usd", "usd": 0.0}
2026-09-30 07:02:44 /background-jobs/e86d87c8-a667-48ef-be0a-c799aca7da3e {"type": "usd", "usd": 0.0}
2026-09-30 07:02:44 /background-jobs/20fe2604-da01-4481-acfe-3a34c3c15e1a {"type": "usd", "usd": 0.0}
2026-09-30 07:02:46 /background-jobs/a1204741-6d9d-4daa-ac5d-1d0536d88295 {"type": "usd", "usd": 0.0}
2026-09-30 07:02:48 /background-jobs/0dc412ef-f9c8-46c5-b47f-b46da1a2db55 {"type": "usd", "usd": 0.0}
2026-09-30 07:02:49 /background-jobs/eddf0f93-7f8a-47a6-a9d3-3841ff88d66f {"type": "usd", "usd": 0.0}
2026-09-30 07:02:49 /background-jobs/608c8742-7ae7-4a53-be3b-3f66ed3e6ee1 {"type": "usd", "usd": 0.0}
2026-09-30 07:02:49 /background-jobs/e86d87c8-a667-48ef-be0a-c799aca7da3e {"type": "usd", "usd": 0.0}
2026-09-30 07:02:50 /background-jobs/20fe2604-da01-4481-acfe-3a34c3c15e1a {"type": "usd", "usd": 0.0}
2026-09-30 07:02:52 /background-jobs/a1204741-6d9d-4daa-ac5d-1d0536d88295 {"type": "usd", "usd": 0.0}
2026-09-30 07:02:54 /background-jobs/0dc412ef-f9c8-46c5-b47f-b46da1a2db55 {"type": "usd", "usd": 0.0}
2026-09-30 07:02:55 /background-jobs/608c8742-7ae7-4a53-be3b-3f66ed3e6ee1 {"type": "usd", "usd": 0.0}
2026-09-30 07:02:55 /background-jobs/eddf0f93-7f8a-47a6-a9d3-3841ff88d66f {"type": "usd", "usd": 0.0}
2026-09-30 07:02:55 /background-jobs/e86d87c8-a667-48ef-be0a-c799aca7da3e {"type": "usd", "usd": 0.0}
2026-09-30 07:02:56 /background-jobs/20fe2604-da01-4481-acfe-3a34c3c15e1a {"type": "usd", "usd": 0.0}
2026-09-30 07:02:58 /background-jobs/a1204741-6d9d-4daa-ac5d-1d0536d88295 {"type": "usd", "usd": 0.0}
2026-09-30 07:02:59 /background-jobs/0dc412ef-f9c8-46c5-b47f-b46da1a2db55 {"type": "usd", "usd": 0.0}
2026-09-30 07:03:01 /background-jobs/eddf0f93-7f8a-47a6-a9d3-3841ff88d66f {"type": "usd", "usd": 0.0}
2026-09-30 07:03:01 /background-jobs/608c8742-7ae7-4a53-be3b-3f66ed3e6ee1 {"type": "usd", "usd": 0.0}
2026-09-30 07:03:01 /background-jobs/e86d87c8-a667-48ef-be0a-c799aca7da3e {"type": "usd", "usd": 0.0}
2026-09-30 07:03:01 /background-jobs/20fe2604-da01-4481-acfe-3a34c3c15e1a {"type": "usd", "usd": 0.0}
2026-09-30 07:03:03 /background-jobs/a1204741-6d9d-4daa-ac5d-1d0536d88295 {"type": "usd", "usd": 0.0}
2026-09-30 07:03:05 /background-jobs/0dc412ef-f9c8-46c5-b47f-b46da1a2db55 {"type": "usd", "usd": 0.0}
2026-09-30 07:03:06 /background-jobs/eddf0f93-7f8a-47a6-a9d3-3841ff88d66f {"type": "usd", "usd": 0.0}
2026-09-30 07:03:07 /background-jobs/608c8742-7ae7-4a53-be3b-3f66ed3e6ee1 {"type": "usd", "usd": 0.0}
2026-09-30 07:03:07 /background-jobs/e86d87c8-a667-48ef-be0a-c799aca7da3e {"type": "usd", "usd": 0.0}
2026-09-30 07:03:07 /background-jobs/20fe2604-da01-4481-acfe-3a34c3c15e1a {"type": "usd", "usd": 0.0}
2026-09-30 07:03:09 /background-jobs/a1204741-6d9d-4daa-ac5d-1d0536d88295 {"type": "usd", "usd": 0.0}
2026-09-30 07:03:11 /background-jobs/0dc412ef-f9c8-46c5-b47f-b46da1a2db55 {"type": "usd", "usd": 0.0}
2026-09-30 07:03:12 /background-jobs/eddf0f93-7f8a-47a6-a9d3-3841ff88d66f {"type": "usd", "usd": 0.0}
2026-09-30 07:03:12 /background-jobs/608c8742-7ae7-4a53-be3b-3f66ed3e6ee1 {"type": "generations", "generations": 1.0}
2026-09-30 07:03:13 /background-jobs/20fe2604-da01-4481-acfe-3a34c3c15e1a {"type": "usd", "usd": 0.0}
2026-09-30 07:03:13 /background-jobs/e86d87c8-a667-48ef-be0a-c799aca7da3e {"type": "usd", "usd": 0.0}
2026-09-30 07:03:13 /background-jobs/c2c44dfd-0539-4726-a3b5-dd36f8ec75c3 {"type": "usd", "usd": 0.0}
2026-09-30 07:03:15 /background-jobs/a1204741-6d9d-4daa-ac5d-1d0536d88295 {"type": "usd", "usd": 0.0}
2026-09-30 07:03:16 /background-jobs/0dc412ef-f9c8-46c5-b47f-b46da1a2db55 {"type": "usd", "usd": 0.0}
2026-09-30 07:03:18 /background-jobs/eddf0f93-7f8a-47a6-a9d3-3841ff88d66f {"type": "usd", "usd": 0.0}
2026-09-30 07:03:19 /background-jobs/e86d87c8-a667-48ef-be0a-c799aca7da3e {"type": "usd", "usd": 0.0}
2026-09-30 07:03:19 /background-jobs/20fe2604-da01-4481-acfe-3a34c3c15e1a {"type": "usd", "usd": 0.0}
2026-09-30 07:03:19 /background-jobs/c2c44dfd-0539-4726-a3b5-dd36f8ec75c3 {"type": "usd", "usd": 0.0}
2026-09-30 07:03:21 /background-jobs/a1204741-6d9d-4daa-ac5d-1d0536d88295 {"type": "usd", "usd": 0.0}
2026-09-30 07:03:24 /background-jobs/eddf0f93-7f8a-47a6-a9d3-3841ff88d66f {"type": "usd", "usd": 0.0}
2026-09-30 07:03:24 /background-jobs/0dc412ef-f9c8-46c5-b47f-b46da1a2db55 {"type": "usd", "usd": 0.0}
2026-09-30 07:03:25 /background-jobs/e86d87c8-a667-48ef-be0a-c799aca7da3e {"type": "usd", "usd": 0.0}
2026-09-30 07:03:25 /background-jobs/c2c44dfd-0539-4726-a3b5-dd36f8ec75c3 {"type": "usd", "usd": 0.0}
2026-09-30 07:03:26 /background-jobs/20fe2604-da01-4481-acfe-3a34c3c15e1a {"type": "usd", "usd": 0.0}
2026-09-30 07:03:26 /background-jobs/a1204741-6d9d-4daa-ac5d-1d0536d88295 {"type": "usd", "usd": 0.0}
2026-09-30 07:03:30 /background-jobs/eddf0f93-7f8a-47a6-a9d3-3841ff88d66f {"type": "usd", "usd": 0.0}
2026-09-30 07:03:30 /background-jobs/0dc412ef-f9c8-46c5-b47f-b46da1a2db55 {"type": "usd", "usd": 0.0}
2026-09-30 07:03:30 /background-jobs/e86d87c8-a667-48ef-be0a-c799aca7da3e {"type": "usd", "usd": 0.0}
2026-09-30 07:03:32 /background-jobs/c2c44dfd-0539-4726-a3b5-dd36f8ec75c3 {"type": "usd", "usd": 0.0}
2026-09-30 07:03:32 /background-jobs/20fe2604-da01-4481-acfe-3a34c3c15e1a {"type": "usd", "usd": 0.0}
2026-09-30 07:03:32 /background-jobs/a1204741-6d9d-4daa-ac5d-1d0536d88295 {"type": "usd", "usd": 0.0}
2026-09-30 07:03:35 /background-jobs/eddf0f93-7f8a-47a6-a9d3-3841ff88d66f {"type": "usd", "usd": 0.0}
2026-09-30 07:03:37 /background-jobs/0dc412ef-f9c8-46c5-b47f-b46da1a2db55 {"type": "usd", "usd": 0.0}
2026-09-30 07:03:37 /background-jobs/c2c44dfd-0539-4726-a3b5-dd36f8ec75c3 {"type": "usd", "usd": 0.0}
2026-09-30 07:03:38 /background-jobs/e86d87c8-a667-48ef-be0a-c799aca7da3e {"type": "usd", "usd": 0.0}
2026-09-30 07:03:38 /background-jobs/a1204741-6d9d-4daa-ac5d-1d0536d88295 {"type": "usd", "usd": 0.0}
2026-09-30 07:03:39 /background-jobs/20fe2604-da01-4481-acfe-3a34c3c15e1a {"type": "usd", "usd": 0.0}
2026-09-30 07:03:43 /background-jobs/0dc412ef-f9c8-46c5-b47f-b46da1a2db55 {"type": "usd", "usd": 0.0}
2026-09-30 07:03:44 /background-jobs/20fe2604-da01-4481-acfe-3a34c3c15e1a {"type": "usd", "usd": 0.0}
2026-09-30 07:03:45 /background-jobs/eddf0f93-7f8a-47a6-a9d3-3841ff88d66f {"type": "usd", "usd": 0.0}
2026-09-30 07:03:45 /background-jobs/e86d87c8-a667-48ef-be0a-c799aca7da3e {"type": "usd", "usd": 0.0}
2026-09-30 07:03:45 /background-jobs/a1204741-6d9d-4daa-ac5d-1d0536d88295 {"type": "usd", "usd": 0.0}
2026-09-30 07:03:45 /background-jobs/c2c44dfd-0539-4726-a3b5-dd36f8ec75c3 {"type": "usd", "usd": 0.0}
2026-09-30 07:03:49 /background-jobs/0dc412ef-f9c8-46c5-b47f-b46da1a2db55 {"type": "usd", "usd": 0.0}
2026-09-30 07:03:50 /background-jobs/e86d87c8-a667-48ef-be0a-c799aca7da3e {"type": "usd", "usd": 0.0}
2026-09-30 07:03:50 /background-jobs/eddf0f93-7f8a-47a6-a9d3-3841ff88d66f {"type": "usd", "usd": 0.0}
2026-09-30 07:03:51 /background-jobs/a1204741-6d9d-4daa-ac5d-1d0536d88295 {"type": "usd", "usd": 0.0}
2026-09-30 07:03:51 /background-jobs/20fe2604-da01-4481-acfe-3a34c3c15e1a {"type": "usd", "usd": 0.0}
2026-09-30 07:03:51 /background-jobs/c2c44dfd-0539-4726-a3b5-dd36f8ec75c3 {"type": "usd", "usd": 0.0}
2026-09-30 07:03:54 /background-jobs/0dc412ef-f9c8-46c5-b47f-b46da1a2db55 {"type": "usd", "usd": 0.0}
2026-09-30 07:03:56 /background-jobs/e86d87c8-a667-48ef-be0a-c799aca7da3e {"type": "usd", "usd": 0.0}
2026-09-30 07:03:56 /background-jobs/eddf0f93-7f8a-47a6-a9d3-3841ff88d66f {"type": "usd", "usd": 0.0}
2026-09-30 07:03:56 /background-jobs/a1204741-6d9d-4daa-ac5d-1d0536d88295 {"type": "usd", "usd": 0.0}
2026-09-30 07:03:56 /background-jobs/20fe2604-da01-4481-acfe-3a34c3c15e1a {"type": "usd", "usd": 0.0}
2026-09-30 07:03:57 /background-jobs/c2c44dfd-0539-4726-a3b5-dd36f8ec75c3 {"type": "usd", "usd": 0.0}
2026-09-30 07:04:00 /background-jobs/0dc412ef-f9c8-46c5-b47f-b46da1a2db55 {"type": "usd", "usd": 0.0}
2026-09-30 07:04:02 /background-jobs/e86d87c8-a667-48ef-be0a-c799aca7da3e {"type": "usd", "usd": 0.0}
2026-09-30 07:04:02 /background-jobs/eddf0f93-7f8a-47a6-a9d3-3841ff88d66f {"type": "usd", "usd": 0.0}
2026-09-30 07:04:02 /background-jobs/a1204741-6d9d-4daa-ac5d-1d0536d88295 {"type": "usd", "usd": 0.0}
2026-09-30 07:04:02 /background-jobs/20fe2604-da01-4481-acfe-3a34c3c15e1a {"type": "generations", "generations": 1.0}
2026-09-30 07:04:03 /background-jobs/c2c44dfd-0539-4726-a3b5-dd36f8ec75c3 {"type": "usd", "usd": 0.0}
2026-09-30 07:04:05 /background-jobs/0dc412ef-f9c8-46c5-b47f-b46da1a2db55 {"type": "usd", "usd": 0.0}
2026-09-30 07:04:07 /background-jobs/e86d87c8-a667-48ef-be0a-c799aca7da3e {"type": "usd", "usd": 0.0}
2026-09-30 07:04:07 /background-jobs/eddf0f93-7f8a-47a6-a9d3-3841ff88d66f {"type": "usd", "usd": 0.0}
2026-09-30 07:04:07 /background-jobs/a1204741-6d9d-4daa-ac5d-1d0536d88295 {"type": "usd", "usd": 0.0}
2026-09-30 07:04:07 /background-jobs/20fe2604-da01-4481-acfe-3a34c3c15e1a {"type": "generations", "generations": 1.0}
2026-09-30 07:04:08 /background-jobs/c2c44dfd-0539-4726-a3b5-dd36f8ec75c3 {"type": "usd", "usd": 0.0}
2026-09-30 07:04:11 /background-jobs/b88ef03a-8719-407b-a236-119b3e214816 {"type": "usd", "usd": 0.0}
2026-09-30 07:04:12 /background-jobs/0dc412ef-f9c8-46c5-b47f-b46da1a2db55 {"type": "usd", "usd": 0.0}
2026-09-30 07:04:13 /background-jobs/a1204741-6d9d-4daa-ac5d-1d0536d88295 {"type": "usd", "usd": 0.0}
2026-09-30 07:04:13 /background-jobs/eddf0f93-7f8a-47a6-a9d3-3841ff88d66f {"type": "generations", "generations": 1.0}
2026-09-30 07:04:14 /background-jobs/e86d87c8-a667-48ef-be0a-c799aca7da3e {"type": "usd", "usd": 0.0}
2026-09-30 07:04:14 /background-jobs/c2c44dfd-0539-4726-a3b5-dd36f8ec75c3 {"type": "usd", "usd": 0.0}
2026-09-30 07:04:18 /background-jobs/b88ef03a-8719-407b-a236-119b3e214816 {"type": "usd", "usd": 0.0}
2026-09-30 07:04:19 /background-jobs/0dc412ef-f9c8-46c5-b47f-b46da1a2db55 {"type": "usd", "usd": 0.0}
2026-09-30 07:04:19 /background-jobs/a1204741-6d9d-4daa-ac5d-1d0536d88295 {"type": "usd", "usd": 0.0}
2026-09-30 07:04:19 /background-jobs/e86d87c8-a667-48ef-be0a-c799aca7da3e {"type": "usd", "usd": 0.0}
2026-09-30 07:04:20 /background-jobs/c2c44dfd-0539-4726-a3b5-dd36f8ec75c3 {"type": "usd", "usd": 0.0}
2026-09-30 07:04:24 /background-jobs/b88ef03a-8719-407b-a236-119b3e214816 {"type": "usd", "usd": 0.0}
2026-09-30 07:04:24 /background-jobs/0dc412ef-f9c8-46c5-b47f-b46da1a2db55 {"type": "usd", "usd": 0.0}
2026-09-30 07:04:25 /background-jobs/a1204741-6d9d-4daa-ac5d-1d0536d88295 {"type": "usd", "usd": 0.0}
2026-09-30 07:04:25 /background-jobs/e86d87c8-a667-48ef-be0a-c799aca7da3e {"type": "usd", "usd": 0.0}
2026-09-30 07:04:25 /background-jobs/c2c44dfd-0539-4726-a3b5-dd36f8ec75c3 {"type": "usd", "usd": 0.0}
2026-09-30 07:04:29 /background-jobs/b88ef03a-8719-407b-a236-119b3e214816 {"type": "usd", "usd": 0.0}
2026-09-30 07:04:30 /background-jobs/0dc412ef-f9c8-46c5-b47f-b46da1a2db55 {"type": "usd", "usd": 0.0}
2026-09-30 07:04:30 /background-jobs/a1204741-6d9d-4daa-ac5d-1d0536d88295 {"type": "usd", "usd": 0.0}
2026-09-30 07:04:30 /background-jobs/e86d87c8-a667-48ef-be0a-c799aca7da3e {"type": "usd", "usd": 0.0}
2026-09-30 07:04:31 /background-jobs/c2c44dfd-0539-4726-a3b5-dd36f8ec75c3 {"type": "usd", "usd": 0.0}
2026-09-30 07:04:35 /background-jobs/b88ef03a-8719-407b-a236-119b3e214816 {"type": "usd", "usd": 0.0}
2026-09-30 07:04:35 /background-jobs/0dc412ef-f9c8-46c5-b47f-b46da1a2db55 {"type": "usd", "usd": 0.0}
2026-09-30 07:04:36 /background-jobs/a1204741-6d9d-4daa-ac5d-1d0536d88295 {"type": "usd", "usd": 0.0}
2026-09-30 07:04:36 /background-jobs/e86d87c8-a667-48ef-be0a-c799aca7da3e {"type": "usd", "usd": 0.0}
2026-09-30 07:04:37 /background-jobs/c2c44dfd-0539-4726-a3b5-dd36f8ec75c3 {"type": "usd", "usd": 0.0}
2026-09-30 07:04:41 /background-jobs/b88ef03a-8719-407b-a236-119b3e214816 {"type": "usd", "usd": 0.0}
2026-09-30 07:04:41 /background-jobs/0dc412ef-f9c8-46c5-b47f-b46da1a2db55 {"type": "usd", "usd": 0.0}
2026-09-30 07:04:41 /background-jobs/a1204741-6d9d-4daa-ac5d-1d0536d88295 {"type": "usd", "usd": 0.0}
2026-09-30 07:04:42 /background-jobs/e86d87c8-a667-48ef-be0a-c799aca7da3e {"type": "usd", "usd": 0.0}
2026-09-30 07:04:42 /background-jobs/c2c44dfd-0539-4726-a3b5-dd36f8ec75c3 {"type": "usd", "usd": 0.0}
2026-09-30 07:04:46 /background-jobs/b88ef03a-8719-407b-a236-119b3e214816 {"type": "usd", "usd": 0.0}
2026-09-30 07:04:47 /background-jobs/0dc412ef-f9c8-46c5-b47f-b46da1a2db55 {"type": "usd", "usd": 0.0}
2026-09-30 07:04:47 /background-jobs/a1204741-6d9d-4daa-ac5d-1d0536d88295 {"type": "usd", "usd": 0.0}
2026-09-30 07:04:48 /background-jobs/e86d87c8-a667-48ef-be0a-c799aca7da3e {"type": "usd", "usd": 0.0}
2026-09-30 07:04:48 /background-jobs/c2c44dfd-0539-4726-a3b5-dd36f8ec75c3 {"type": "usd", "usd": 0.0}
2026-09-30 07:04:52 /background-jobs/b88ef03a-8719-407b-a236-119b3e214816 {"type": "usd", "usd": 0.0}
2026-09-30 07:04:53 /background-jobs/0dc412ef-f9c8-46c5-b47f-b46da1a2db55 {"type": "usd", "usd": 0.0}
2026-09-30 07:04:53 /background-jobs/a1204741-6d9d-4daa-ac5d-1d0536d88295 {"type": "usd", "usd": 0.0}
2026-09-30 07:04:54 /background-jobs/e86d87c8-a667-48ef-be0a-c799aca7da3e {"type": "usd", "usd": 0.0}
2026-09-30 07:04:54 /background-jobs/c2c44dfd-0539-4726-a3b5-dd36f8ec75c3 {"type": "usd", "usd": 0.0}
2026-09-30 07:04:58 /background-jobs/b88ef03a-8719-407b-a236-119b3e214816 {"type": "usd", "usd": 0.0}
2026-09-30 07:04:59 /background-jobs/0dc412ef-f9c8-46c5-b47f-b46da1a2db55 {"type": "usd", "usd": 0.0}
2026-09-30 07:05:02 /background-jobs/c2c44dfd-0539-4726-a3b5-dd36f8ec75c3 {"type": "usd", "usd": 0.0}
2026-09-30 07:05:03 /background-jobs/e86d87c8-a667-48ef-be0a-c799aca7da3e {"type": "usd", "usd": 0.0}
2026-09-30 07:05:03 /background-jobs/a1204741-6d9d-4daa-ac5d-1d0536d88295 {"type": "usd", "usd": 0.0}
2026-09-30 07:05:04 /background-jobs/b88ef03a-8719-407b-a236-119b3e214816 {"type": "usd", "usd": 0.0}
2026-09-30 07:05:05 /background-jobs/0dc412ef-f9c8-46c5-b47f-b46da1a2db55 {"type": "usd", "usd": 0.0}
2026-09-30 07:05:10 /background-jobs/c2c44dfd-0539-4726-a3b5-dd36f8ec75c3 {"type": "usd", "usd": 0.0}
2026-09-30 07:05:11 /background-jobs/b88ef03a-8719-407b-a236-119b3e214816 {"type": "usd", "usd": 0.0}
2026-09-30 07:05:11 /background-jobs/0dc412ef-f9c8-46c5-b47f-b46da1a2db55 {"type": "usd", "usd": 0.0}
2026-09-30 07:05:11 /background-jobs/e86d87c8-a667-48ef-be0a-c799aca7da3e {"type": "usd", "usd": 0.0}
2026-09-30 07:05:11 /background-jobs/a1204741-6d9d-4daa-ac5d-1d0536d88295 {"type": "usd", "usd": 0.0}
2026-09-30 07:05:16 /background-jobs/c2c44dfd-0539-4726-a3b5-dd36f8ec75c3 {"type": "usd", "usd": 0.0}
2026-09-30 07:05:16 /background-jobs/b88ef03a-8719-407b-a236-119b3e214816 {"type": "usd", "usd": 0.0}
2026-09-30 07:05:17 /background-jobs/e86d87c8-a667-48ef-be0a-c799aca7da3e {"type": "usd", "usd": 0.0}
2026-09-30 07:05:17 /background-jobs/0dc412ef-f9c8-46c5-b47f-b46da1a2db55 {"type": "usd", "usd": 0.0}
2026-09-30 07:05:17 /background-jobs/a1204741-6d9d-4daa-ac5d-1d0536d88295 {"type": "usd", "usd": 0.0}
2026-09-30 07:05:21 /background-jobs/c2c44dfd-0539-4726-a3b5-dd36f8ec75c3 {"type": "usd", "usd": 0.0}
2026-09-30 07:05:22 /background-jobs/b88ef03a-8719-407b-a236-119b3e214816 {"type": "usd", "usd": 0.0}
2026-09-30 07:05:22 /background-jobs/e86d87c8-a667-48ef-be0a-c799aca7da3e {"type": "usd", "usd": 0.0}
2026-09-30 07:05:23 /background-jobs/a1204741-6d9d-4daa-ac5d-1d0536d88295 {"type": "usd", "usd": 0.0}
2026-09-30 07:05:23 /background-jobs/0dc412ef-f9c8-46c5-b47f-b46da1a2db55 {"type": "usd", "usd": 0.0}
2026-09-30 07:05:27 /background-jobs/c2c44dfd-0539-4726-a3b5-dd36f8ec75c3 {"type": "usd", "usd": 0.0}
2026-09-30 07:05:28 /background-jobs/b88ef03a-8719-407b-a236-119b3e214816 {"type": "usd", "usd": 0.0}
2026-09-30 07:05:28 /background-jobs/a1204741-6d9d-4daa-ac5d-1d0536d88295 {"type": "usd", "usd": 0.0}
2026-09-30 07:05:28 /background-jobs/0dc412ef-f9c8-46c5-b47f-b46da1a2db55 {"type": "usd", "usd": 0.0}
2026-09-30 07:05:30 /background-jobs/e86d87c8-a667-48ef-be0a-c799aca7da3e {"type": "usd", "usd": 0.0}
2026-09-30 07:05:33 /background-jobs/c2c44dfd-0539-4726-a3b5-dd36f8ec75c3 {"type": "usd", "usd": 0.0}
2026-09-30 07:05:35 /background-jobs/a1204741-6d9d-4daa-ac5d-1d0536d88295 {"type": "usd", "usd": 0.0}
2026-09-30 07:05:36 /background-jobs/b88ef03a-8719-407b-a236-119b3e214816 {"type": "usd", "usd": 0.0}
2026-09-30 07:05:36 /background-jobs/e86d87c8-a667-48ef-be0a-c799aca7da3e {"type": "usd", "usd": 0.0}
2026-09-30 07:05:38 /background-jobs/c2c44dfd-0539-4726-a3b5-dd36f8ec75c3 {"type": "usd", "usd": 0.0}
2026-09-30 07:05:40 /background-jobs/a1204741-6d9d-4daa-ac5d-1d0536d88295 {"type": "usd", "usd": 0.0}
2026-09-30 07:05:42 /background-jobs/b88ef03a-8719-407b-a236-119b3e214816 {"type": "usd", "usd": 0.0}
2026-09-30 07:05:42 /background-jobs/e86d87c8-a667-48ef-be0a-c799aca7da3e {"type": "usd", "usd": 0.0}
2026-09-30 07:05:44 /background-jobs/c2c44dfd-0539-4726-a3b5-dd36f8ec75c3 {"type": "usd", "usd": 0.0}
2026-09-30 07:05:46 /background-jobs/a1204741-6d9d-4daa-ac5d-1d0536d88295 {"type": "usd", "usd": 0.0}
2026-09-30 07:05:47 /background-jobs/0dc412ef-f9c8-46c5-b47f-b46da1a2db55 {"type": "usd", "usd": 0.0}
2026-09-30 07:05:48 /background-jobs/b88ef03a-8719-407b-a236-119b3e214816 {"type": "usd", "usd": 0.0}
2026-09-30 07:05:48 /background-jobs/e86d87c8-a667-48ef-be0a-c799aca7da3e {"type": "usd", "usd": 0.0}
2026-09-30 07:05:50 /background-jobs/c2c44dfd-0539-4726-a3b5-dd36f8ec75c3 {"type": "usd", "usd": 0.0}
2026-09-30 07:05:52 /background-jobs/a1204741-6d9d-4daa-ac5d-1d0536d88295 {"type": "usd", "usd": 0.0}
2026-09-30 07:05:52 /background-jobs/0dc412ef-f9c8-46c5-b47f-b46da1a2db55 {"type": "usd", "usd": 0.0}
2026-09-30 07:05:53 /background-jobs/b88ef03a-8719-407b-a236-119b3e214816 {"type": "usd", "usd": 0.0}
2026-09-30 07:05:53 /background-jobs/e86d87c8-a667-48ef-be0a-c799aca7da3e {"type": "usd", "usd": 0.0}
2026-09-30 07:05:55 /background-jobs/c2c44dfd-0539-4726-a3b5-dd36f8ec75c3 {"type": "usd", "usd": 0.0}
2026-09-30 07:05:58 /background-jobs/a1204741-6d9d-4daa-ac5d-1d0536d88295 {"type": "usd", "usd": 0.0}
2026-09-30 07:05:59 /background-jobs/b88ef03a-8719-407b-a236-119b3e214816 {"type": "usd", "usd": 0.0}
2026-09-30 07:05:59 /background-jobs/e86d87c8-a667-48ef-be0a-c799aca7da3e {"type": "usd", "usd": 0.0}
2026-09-30 07:06:01 /background-jobs/0dc412ef-f9c8-46c5-b47f-b46da1a2db55 {"type": "usd", "usd": 0.0}
2026-09-30 07:06:01 /background-jobs/c2c44dfd-0539-4726-a3b5-dd36f8ec75c3 {"type": "usd", "usd": 0.0}
2026-09-30 07:06:04 /background-jobs/a1204741-6d9d-4daa-ac5d-1d0536d88295 {"type": "usd", "usd": 0.0}
2026-09-30 07:06:05 /background-jobs/b88ef03a-8719-407b-a236-119b3e214816 {"type": "usd", "usd": 0.0}
2026-09-30 07:06:05 /background-jobs/e86d87c8-a667-48ef-be0a-c799aca7da3e {"type": "usd", "usd": 0.0}
2026-09-30 07:06:07 /background-jobs/c2c44dfd-0539-4726-a3b5-dd36f8ec75c3 {"type": "usd", "usd": 0.0}
2026-09-30 07:06:07 /background-jobs/0dc412ef-f9c8-46c5-b47f-b46da1a2db55 {"type": "usd", "usd": 0.0}
2026-09-30 07:06:09 /background-jobs/a1204741-6d9d-4daa-ac5d-1d0536d88295 {"type": "usd", "usd": 0.0}
2026-09-30 07:06:10 /background-jobs/b88ef03a-8719-407b-a236-119b3e214816 {"type": "usd", "usd": 0.0}
2026-09-30 07:06:10 /background-jobs/e86d87c8-a667-48ef-be0a-c799aca7da3e {"type": "usd", "usd": 0.0}
2026-09-30 07:06:12 /background-jobs/c2c44dfd-0539-4726-a3b5-dd36f8ec75c3 {"type": "usd", "usd": 0.0}
2026-09-30 07:06:12 /background-jobs/0dc412ef-f9c8-46c5-b47f-b46da1a2db55 {"type": "usd", "usd": 0.0}
2026-09-30 07:06:15 /background-jobs/a1204741-6d9d-4daa-ac5d-1d0536d88295 {"type": "usd", "usd": 0.0}
2026-09-30 07:06:16 /background-jobs/b88ef03a-8719-407b-a236-119b3e214816 {"type": "usd", "usd": 0.0}
2026-09-30 07:06:16 /background-jobs/e86d87c8-a667-48ef-be0a-c799aca7da3e {"type": "usd", "usd": 0.0}
2026-09-30 07:06:18 /background-jobs/c2c44dfd-0539-4726-a3b5-dd36f8ec75c3 {"type": "usd", "usd": 0.0}
2026-09-30 07:06:18 /background-jobs/0dc412ef-f9c8-46c5-b47f-b46da1a2db55 {"type": "usd", "usd": 0.0}
2026-09-30 07:06:21 /background-jobs/a1204741-6d9d-4daa-ac5d-1d0536d88295 {"type": "usd", "usd": 0.0}
2026-09-30 07:06:22 /background-jobs/b88ef03a-8719-407b-a236-119b3e214816 {"type": "usd", "usd": 0.0}
2026-09-30 07:06:22 /background-jobs/e86d87c8-a667-48ef-be0a-c799aca7da3e {"type": "usd", "usd": 0.0}
2026-09-30 07:06:24 /background-jobs/c2c44dfd-0539-4726-a3b5-dd36f8ec75c3 {"type": "usd", "usd": 0.0}
2026-09-30 07:06:24 /background-jobs/0dc412ef-f9c8-46c5-b47f-b46da1a2db55 {"type": "usd", "usd": 0.0}
2026-09-30 07:06:27 /background-jobs/a1204741-6d9d-4daa-ac5d-1d0536d88295 {"type": "usd", "usd": 0.0}
2026-09-30 07:06:27 /background-jobs/b88ef03a-8719-407b-a236-119b3e214816 {"type": "usd", "usd": 0.0}
2026-09-30 07:06:27 /background-jobs/e86d87c8-a667-48ef-be0a-c799aca7da3e {"type": "usd", "usd": 0.0}
2026-09-30 07:06:29 /background-jobs/c2c44dfd-0539-4726-a3b5-dd36f8ec75c3 {"type": "usd", "usd": 0.0}
2026-09-30 07:06:29 /background-jobs/0dc412ef-f9c8-46c5-b47f-b46da1a2db55 {"type": "usd", "usd": 0.0}
2026-09-30 07:06:33 /background-jobs/a1204741-6d9d-4daa-ac5d-1d0536d88295 {"type": "usd", "usd": 0.0}
2026-09-30 07:06:33 /background-jobs/b88ef03a-8719-407b-a236-119b3e214816 {"type": "usd", "usd": 0.0}
2026-09-30 07:06:33 /background-jobs/e86d87c8-a667-48ef-be0a-c799aca7da3e {"type": "usd", "usd": 0.0}
2026-09-30 07:06:35 /background-jobs/c2c44dfd-0539-4726-a3b5-dd36f8ec75c3 {"type": "usd", "usd": 0.0}
2026-09-30 07:06:35 /background-jobs/0dc412ef-f9c8-46c5-b47f-b46da1a2db55 {"type": "usd", "usd": 0.0}
2026-09-30 07:06:38 /background-jobs/a1204741-6d9d-4daa-ac5d-1d0536d88295 {"type": "usd", "usd": 0.0}
2026-09-30 07:06:38 /background-jobs/b88ef03a-8719-407b-a236-119b3e214816 {"type": "usd", "usd": 0.0}
2026-09-30 07:06:39 /background-jobs/e86d87c8-a667-48ef-be0a-c799aca7da3e {"type": "usd", "usd": 0.0}
2026-09-30 07:06:40 /background-jobs/c2c44dfd-0539-4726-a3b5-dd36f8ec75c3 {"type": "usd", "usd": 0.0}
2026-09-30 07:06:41 /background-jobs/0dc412ef-f9c8-46c5-b47f-b46da1a2db55 {"type": "usd", "usd": 0.0}
2026-09-30 07:06:44 /background-jobs/a1204741-6d9d-4daa-ac5d-1d0536d88295 {"type": "usd", "usd": 0.0}
2026-09-30 07:06:44 /background-jobs/b88ef03a-8719-407b-a236-119b3e214816 {"type": "usd", "usd": 0.0}
2026-09-30 07:06:44 /background-jobs/e86d87c8-a667-48ef-be0a-c799aca7da3e {"type": "usd", "usd": 0.0}
2026-09-30 07:06:46 /background-jobs/c2c44dfd-0539-4726-a3b5-dd36f8ec75c3 {"type": "usd", "usd": 0.0}
2026-09-30 07:06:46 /background-jobs/0dc412ef-f9c8-46c5-b47f-b46da1a2db55 {"type": "usd", "usd": 0.0}
2026-09-30 07:06:50 /background-jobs/a1204741-6d9d-4daa-ac5d-1d0536d88295 {"type": "usd", "usd": 0.0}
2026-09-30 07:06:50 /background-jobs/b88ef03a-8719-407b-a236-119b3e214816 {"type": "usd", "usd": 0.0}
2026-09-30 07:06:50 /background-jobs/e86d87c8-a667-48ef-be0a-c799aca7da3e {"type": "usd", "usd": 0.0}
2026-09-30 07:06:52 /background-jobs/c2c44dfd-0539-4726-a3b5-dd36f8ec75c3 {"type": "usd", "usd": 0.0}
2026-09-30 07:06:52 /background-jobs/0dc412ef-f9c8-46c5-b47f-b46da1a2db55 {"type": "usd", "usd": 0.0}
2026-09-30 07:06:55 /background-jobs/b88ef03a-8719-407b-a236-119b3e214816 {"type": "generations", "generations": 1.0}
2026-09-30 07:06:56 /background-jobs/e86d87c8-a667-48ef-be0a-c799aca7da3e {"type": "usd", "usd": 0.0}
2026-09-30 07:06:56 /background-jobs/a1204741-6d9d-4daa-ac5d-1d0536d88295 {"type": "usd", "usd": 0.0}
2026-09-30 07:06:57 /background-jobs/c2c44dfd-0539-4726-a3b5-dd36f8ec75c3 {"type": "usd", "usd": 0.0}
2026-09-30 07:06:58 /background-jobs/0dc412ef-f9c8-46c5-b47f-b46da1a2db55 {"type": "usd", "usd": 0.0}
2026-09-30 07:07:01 /background-jobs/b88ef03a-8719-407b-a236-119b3e214816 {"type": "generations", "generations": 1.0}
2026-09-30 07:07:01 /background-jobs/e86d87c8-a667-48ef-be0a-c799aca7da3e {"type": "usd", "usd": 0.0}
2026-09-30 07:07:02 /background-jobs/a1204741-6d9d-4daa-ac5d-1d0536d88295 {"type": "usd", "usd": 0.0}
2026-09-30 07:07:03 /background-jobs/e170de28-95eb-40cf-aa34-78b8d44139da {"type": "usd", "usd": 0.0}
2026-09-30 07:07:04 /background-jobs/c2c44dfd-0539-4726-a3b5-dd36f8ec75c3 {"type": "usd", "usd": 0.0}
2026-09-30 07:07:04 /background-jobs/0dc412ef-f9c8-46c5-b47f-b46da1a2db55 {"type": "usd", "usd": 0.0}
2026-09-30 07:07:07 /background-jobs/e86d87c8-a667-48ef-be0a-c799aca7da3e {"type": "usd", "usd": 0.0}
2026-09-30 07:07:08 /background-jobs/e170de28-95eb-40cf-aa34-78b8d44139da {"type": "usd", "usd": 0.0}
2026-09-30 07:07:08 /background-jobs/a1204741-6d9d-4daa-ac5d-1d0536d88295 {"type": "usd", "usd": 0.0}
2026-09-30 07:07:09 /background-jobs/c2c44dfd-0539-4726-a3b5-dd36f8ec75c3 {"type": "usd", "usd": 0.0}
2026-09-30 07:07:09 /background-jobs/0dc412ef-f9c8-46c5-b47f-b46da1a2db55 {"type": "usd", "usd": 0.0}
2026-09-30 07:07:14 /background-jobs/e170de28-95eb-40cf-aa34-78b8d44139da {"type": "usd", "usd": 0.0}
2026-09-30 07:07:14 /background-jobs/a1204741-6d9d-4daa-ac5d-1d0536d88295 {"type": "usd", "usd": 0.0}
2026-09-30 07:07:15 /background-jobs/e86d87c8-a667-48ef-be0a-c799aca7da3e {"type": "usd", "usd": 0.0}
2026-09-30 07:07:15 /background-jobs/c2c44dfd-0539-4726-a3b5-dd36f8ec75c3 {"type": "usd", "usd": 0.0}
2026-09-30 07:07:15 /background-jobs/0dc412ef-f9c8-46c5-b47f-b46da1a2db55 {"type": "usd", "usd": 0.0}
2026-09-30 07:07:20 /background-jobs/e170de28-95eb-40cf-aa34-78b8d44139da {"type": "usd", "usd": 0.0}
2026-09-30 07:07:20 /background-jobs/a1204741-6d9d-4daa-ac5d-1d0536d88295 {"type": "usd", "usd": 0.0}
2026-09-30 07:07:20 /background-jobs/e86d87c8-a667-48ef-be0a-c799aca7da3e {"type": "usd", "usd": 0.0}
2026-09-30 07:07:20 /background-jobs/c2c44dfd-0539-4726-a3b5-dd36f8ec75c3 {"type": "usd", "usd": 0.0}
2026-09-30 07:07:21 /background-jobs/0dc412ef-f9c8-46c5-b47f-b46da1a2db55 {"type": "usd", "usd": 0.0}
2026-09-30 07:07:25 /background-jobs/a1204741-6d9d-4daa-ac5d-1d0536d88295 {"type": "usd", "usd": 0.0}
2026-09-30 07:07:25 /background-jobs/e170de28-95eb-40cf-aa34-78b8d44139da {"type": "usd", "usd": 0.0}
2026-09-30 07:07:26 /background-jobs/e86d87c8-a667-48ef-be0a-c799aca7da3e {"type": "usd", "usd": 0.0}
2026-09-30 07:07:26 /background-jobs/c2c44dfd-0539-4726-a3b5-dd36f8ec75c3 {"type": "usd", "usd": 0.0}
2026-09-30 07:07:26 /background-jobs/0dc412ef-f9c8-46c5-b47f-b46da1a2db55 {"type": "usd", "usd": 0.0}
2026-09-30 07:07:31 /background-jobs/e170de28-95eb-40cf-aa34-78b8d44139da {"type": "usd", "usd": 0.0}
2026-09-30 07:07:31 /background-jobs/a1204741-6d9d-4daa-ac5d-1d0536d88295 {"type": "usd", "usd": 0.0}
2026-09-30 07:07:32 /background-jobs/e86d87c8-a667-48ef-be0a-c799aca7da3e {"type": "usd", "usd": 0.0}
2026-09-30 07:07:32 /background-jobs/c2c44dfd-0539-4726-a3b5-dd36f8ec75c3 {"type": "usd", "usd": 0.0}
2026-09-30 07:07:32 /background-jobs/0dc412ef-f9c8-46c5-b47f-b46da1a2db55 {"type": "usd", "usd": 0.0}
2026-09-30 07:07:37 /background-jobs/a1204741-6d9d-4daa-ac5d-1d0536d88295 {"type": "usd", "usd": 0.0}
2026-09-30 07:07:37 /background-jobs/e170de28-95eb-40cf-aa34-78b8d44139da {"type": "usd", "usd": 0.0}
2026-09-30 07:07:37 /background-jobs/e86d87c8-a667-48ef-be0a-c799aca7da3e {"type": "usd", "usd": 0.0}
2026-09-30 07:07:38 /background-jobs/0dc412ef-f9c8-46c5-b47f-b46da1a2db55 {"type": "usd", "usd": 0.0}
2026-09-30 07:07:38 /background-jobs/c2c44dfd-0539-4726-a3b5-dd36f8ec75c3 {"type": "usd", "usd": 0.0}
2026-09-30 07:07:43 /background-jobs/a1204741-6d9d-4daa-ac5d-1d0536d88295 {"type": "usd", "usd": 0.0}
2026-09-30 07:07:43 /background-jobs/e86d87c8-a667-48ef-be0a-c799aca7da3e {"type": "usd", "usd": 0.0}
2026-09-30 07:07:44 /background-jobs/0dc412ef-f9c8-46c5-b47f-b46da1a2db55 {"type": "usd", "usd": 0.0}
2026-09-30 07:07:44 /background-jobs/c2c44dfd-0539-4726-a3b5-dd36f8ec75c3 {"type": "usd", "usd": 0.0}
2026-09-30 07:07:44 /background-jobs/e170de28-95eb-40cf-aa34-78b8d44139da {"type": "usd", "usd": 0.0}
2026-09-30 07:07:48 /background-jobs/a1204741-6d9d-4daa-ac5d-1d0536d88295 {"type": "usd", "usd": 0.0}
2026-09-30 07:07:49 /background-jobs/e86d87c8-a667-48ef-be0a-c799aca7da3e {"type": "usd", "usd": 0.0}
2026-09-30 07:07:49 /background-jobs/0dc412ef-f9c8-46c5-b47f-b46da1a2db55 {"type": "usd", "usd": 0.0}
2026-09-30 07:07:49 /background-jobs/c2c44dfd-0539-4726-a3b5-dd36f8ec75c3 {"type": "usd", "usd": 0.0}
2026-09-30 07:07:50 /background-jobs/e170de28-95eb-40cf-aa34-78b8d44139da {"type": "usd", "usd": 0.0}
2026-09-30 07:07:54 /background-jobs/a1204741-6d9d-4daa-ac5d-1d0536d88295 {"type": "usd", "usd": 0.0}
2026-09-30 07:07:54 /background-jobs/e86d87c8-a667-48ef-be0a-c799aca7da3e {"type": "usd", "usd": 0.0}
2026-09-30 07:07:55 /background-jobs/0dc412ef-f9c8-46c5-b47f-b46da1a2db55 {"type": "usd", "usd": 0.0}
2026-09-30 07:07:55 /background-jobs/c2c44dfd-0539-4726-a3b5-dd36f8ec75c3 {"type": "usd", "usd": 0.0}
2026-09-30 07:07:55 /background-jobs/e170de28-95eb-40cf-aa34-78b8d44139da {"type": "usd", "usd": 0.0}
2026-09-30 07:08:00 /background-jobs/a1204741-6d9d-4daa-ac5d-1d0536d88295 {"type": "usd", "usd": 0.0}
2026-09-30 07:08:00 /background-jobs/e86d87c8-a667-48ef-be0a-c799aca7da3e {"type": "usd", "usd": 0.0}
2026-09-30 07:08:01 /background-jobs/0dc412ef-f9c8-46c5-b47f-b46da1a2db55 {"type": "usd", "usd": 0.0}
2026-09-30 07:08:01 /background-jobs/e170de28-95eb-40cf-aa34-78b8d44139da {"type": "usd", "usd": 0.0}
2026-09-30 07:08:02 /background-jobs/c2c44dfd-0539-4726-a3b5-dd36f8ec75c3 {"type": "usd", "usd": 0.0}
2026-09-30 07:08:05 /background-jobs/a1204741-6d9d-4daa-ac5d-1d0536d88295 {"type": "usd", "usd": 0.0}
2026-09-30 07:08:06 /background-jobs/e86d87c8-a667-48ef-be0a-c799aca7da3e {"type": "usd", "usd": 0.0}
2026-09-30 07:08:07 /background-jobs/0dc412ef-f9c8-46c5-b47f-b46da1a2db55 {"type": "usd", "usd": 0.0}
2026-09-30 07:08:07 /background-jobs/e170de28-95eb-40cf-aa34-78b8d44139da {"type": "usd", "usd": 0.0}
2026-09-30 07:08:07 /background-jobs/c2c44dfd-0539-4726-a3b5-dd36f8ec75c3 {"type": "usd", "usd": 0.0}
2026-09-30 07:08:11 /background-jobs/a1204741-6d9d-4daa-ac5d-1d0536d88295 {"type": "usd", "usd": 0.0}
2026-09-30 07:08:12 /background-jobs/e86d87c8-a667-48ef-be0a-c799aca7da3e {"type": "usd", "usd": 0.0}
2026-09-30 07:08:13 /background-jobs/0dc412ef-f9c8-46c5-b47f-b46da1a2db55 {"type": "usd", "usd": 0.0}
2026-09-30 07:08:13 /background-jobs/c2c44dfd-0539-4726-a3b5-dd36f8ec75c3 {"type": "usd", "usd": 0.0}
2026-09-30 07:08:13 /background-jobs/e170de28-95eb-40cf-aa34-78b8d44139da {"type": "usd", "usd": 0.0}
2026-09-30 07:08:16 /background-jobs/a1204741-6d9d-4daa-ac5d-1d0536d88295 {"type": "usd", "usd": 0.0}
2026-09-30 07:08:18 /background-jobs/e86d87c8-a667-48ef-be0a-c799aca7da3e {"type": "usd", "usd": 0.0}
2026-09-30 07:08:19 /background-jobs/c2c44dfd-0539-4726-a3b5-dd36f8ec75c3 {"type": "usd", "usd": 0.0}
2026-09-30 07:08:19 /background-jobs/e170de28-95eb-40cf-aa34-78b8d44139da {"type": "usd", "usd": 0.0}
2026-09-30 07:08:19 /background-jobs/0dc412ef-f9c8-46c5-b47f-b46da1a2db55 {"type": "usd", "usd": 0.0}
2026-09-30 07:08:22 /background-jobs/a1204741-6d9d-4daa-ac5d-1d0536d88295 {"type": "usd", "usd": 0.0}
2026-09-30 07:08:23 /background-jobs/e86d87c8-a667-48ef-be0a-c799aca7da3e {"type": "usd", "usd": 0.0}
2026-09-30 07:08:24 /background-jobs/c2c44dfd-0539-4726-a3b5-dd36f8ec75c3 {"type": "usd", "usd": 0.0}
2026-09-30 07:08:24 /background-jobs/e170de28-95eb-40cf-aa34-78b8d44139da {"type": "usd", "usd": 0.0}
2026-09-30 07:08:25 /background-jobs/0dc412ef-f9c8-46c5-b47f-b46da1a2db55 {"type": "usd", "usd": 0.0}
2026-09-30 07:08:28 /background-jobs/a1204741-6d9d-4daa-ac5d-1d0536d88295 {"type": "usd", "usd": 0.0}
2026-09-30 07:08:29 /background-jobs/e86d87c8-a667-48ef-be0a-c799aca7da3e {"type": "usd", "usd": 0.0}
2026-09-30 07:08:30 /background-jobs/c2c44dfd-0539-4726-a3b5-dd36f8ec75c3 {"type": "usd", "usd": 0.0}
2026-09-30 07:08:30 /background-jobs/e170de28-95eb-40cf-aa34-78b8d44139da {"type": "generations", "generations": 1.0}
2026-09-30 07:08:31 /background-jobs/0dc412ef-f9c8-46c5-b47f-b46da1a2db55 {"type": "usd", "usd": 0.0}
2026-09-30 07:08:34 /background-jobs/a1204741-6d9d-4daa-ac5d-1d0536d88295 {"type": "usd", "usd": 0.0}
2026-09-30 07:08:34 /background-jobs/e86d87c8-a667-48ef-be0a-c799aca7da3e {"type": "usd", "usd": 0.0}
2026-09-30 07:08:36 /background-jobs/c2c44dfd-0539-4726-a3b5-dd36f8ec75c3 {"type": "usd", "usd": 0.0}
2026-09-30 07:08:36 /background-jobs/e170de28-95eb-40cf-aa34-78b8d44139da {"type": "generations", "generations": 1.0}
2026-09-30 07:08:37 /background-jobs/0dc412ef-f9c8-46c5-b47f-b46da1a2db55 {"type": "usd", "usd": 0.0}
2026-09-30 07:08:37 /background-jobs/01008c61-db77-4247-a116-197b7eb74556 {"type": "usd", "usd": 0.0}
2026-09-30 07:08:39 /background-jobs/a1204741-6d9d-4daa-ac5d-1d0536d88295 {"type": "usd", "usd": 0.0}
2026-09-30 07:08:40 /background-jobs/e86d87c8-a667-48ef-be0a-c799aca7da3e {"type": "usd", "usd": 0.0}
2026-09-30 07:08:41 /background-jobs/c2c44dfd-0539-4726-a3b5-dd36f8ec75c3 {"type": "usd", "usd": 0.0}
2026-09-30 07:08:43 /background-jobs/0dc412ef-f9c8-46c5-b47f-b46da1a2db55 {"type": "usd", "usd": 0.0}
2026-09-30 07:08:43 /background-jobs/01008c61-db77-4247-a116-197b7eb74556 {"type": "usd", "usd": 0.0}
2026-09-30 07:08:45 /background-jobs/a1204741-6d9d-4daa-ac5d-1d0536d88295 {"type": "usd", "usd": 0.0}
2026-09-30 07:08:46 /background-jobs/e86d87c8-a667-48ef-be0a-c799aca7da3e {"type": "usd", "usd": 0.0}
2026-09-30 07:08:47 /background-jobs/c2c44dfd-0539-4726-a3b5-dd36f8ec75c3 {"type": "generations", "generations": 1.0}
2026-09-30 07:08:48 /background-jobs/a02bf5c6-a71a-4656-8a57-9a95fa1c5f34 {"type": "usd", "usd": 0.0}
2026-09-30 07:08:49 /background-jobs/0dc412ef-f9c8-46c5-b47f-b46da1a2db55 {"type": "generations", "generations": 1.0}
2026-09-30 07:08:49 /background-jobs/01008c61-db77-4247-a116-197b7eb74556 {"type": "usd", "usd": 0.0}
2026-09-30 07:08:51 /background-jobs/e86d87c8-a667-48ef-be0a-c799aca7da3e {"type": "usd", "usd": 0.0}
2026-09-30 07:08:53 /background-jobs/a02bf5c6-a71a-4656-8a57-9a95fa1c5f34 {"type": "usd", "usd": 0.0}
2026-09-30 07:08:54 /background-jobs/01008c61-db77-4247-a116-197b7eb74556 {"type": "usd", "usd": 0.0}
2026-09-30 07:08:57 /background-jobs/e86d87c8-a667-48ef-be0a-c799aca7da3e {"type": "usd", "usd": 0.0}
2026-09-30 07:08:59 /background-jobs/a02bf5c6-a71a-4656-8a57-9a95fa1c5f34 {"type": "usd", "usd": 0.0}
2026-09-30 07:09:00 /background-jobs/01008c61-db77-4247-a116-197b7eb74556 {"type": "usd", "usd": 0.0}
2026-09-30 07:09:03 /background-jobs/e86d87c8-a667-48ef-be0a-c799aca7da3e {"type": "usd", "usd": 0.0}
2026-09-30 07:09:05 /background-jobs/a02bf5c6-a71a-4656-8a57-9a95fa1c5f34 {"type": "usd", "usd": 0.0}
2026-09-30 07:09:06 /background-jobs/01008c61-db77-4247-a116-197b7eb74556 {"type": "usd", "usd": 0.0}
2026-09-30 07:09:08 /background-jobs/e86d87c8-a667-48ef-be0a-c799aca7da3e {"type": "usd", "usd": 0.0}
2026-09-30 07:09:10 /background-jobs/a02bf5c6-a71a-4656-8a57-9a95fa1c5f34 {"type": "usd", "usd": 0.0}
2026-09-30 07:09:12 /background-jobs/01008c61-db77-4247-a116-197b7eb74556 {"type": "usd", "usd": 0.0}
2026-09-30 07:09:14 /background-jobs/e86d87c8-a667-48ef-be0a-c799aca7da3e {"type": "usd", "usd": 0.0}
2026-09-30 07:09:16 /background-jobs/a02bf5c6-a71a-4656-8a57-9a95fa1c5f34 {"type": "usd", "usd": 0.0}
2026-09-30 07:09:18 /background-jobs/01008c61-db77-4247-a116-197b7eb74556 {"type": "usd", "usd": 0.0}
2026-09-30 07:09:20 /background-jobs/e86d87c8-a667-48ef-be0a-c799aca7da3e {"type": "usd", "usd": 0.0}
2026-09-30 07:09:22 /background-jobs/a02bf5c6-a71a-4656-8a57-9a95fa1c5f34 {"type": "usd", "usd": 0.0}
2026-09-30 07:09:23 /background-jobs/01008c61-db77-4247-a116-197b7eb74556 {"type": "usd", "usd": 0.0}
2026-09-30 07:09:25 /background-jobs/e86d87c8-a667-48ef-be0a-c799aca7da3e {"type": "usd", "usd": 0.0}
2026-09-30 07:09:28 /background-jobs/a02bf5c6-a71a-4656-8a57-9a95fa1c5f34 {"type": "usd", "usd": 0.0}
2026-09-30 07:09:29 /background-jobs/01008c61-db77-4247-a116-197b7eb74556 {"type": "usd", "usd": 0.0}
2026-09-30 07:09:31 /background-jobs/e86d87c8-a667-48ef-be0a-c799aca7da3e {"type": "usd", "usd": 0.0}
2026-09-30 07:09:34 /background-jobs/a02bf5c6-a71a-4656-8a57-9a95fa1c5f34 {"type": "usd", "usd": 0.0}
2026-09-30 07:09:35 /background-jobs/01008c61-db77-4247-a116-197b7eb74556 {"type": "usd", "usd": 0.0}
2026-09-30 07:09:37 /background-jobs/e86d87c8-a667-48ef-be0a-c799aca7da3e {"type": "usd", "usd": 0.0}
2026-09-30 07:09:39 /background-jobs/a02bf5c6-a71a-4656-8a57-9a95fa1c5f34 {"type": "usd", "usd": 0.0}
2026-09-30 07:09:40 /background-jobs/01008c61-db77-4247-a116-197b7eb74556 {"type": "usd", "usd": 0.0}
2026-09-30 07:09:42 /background-jobs/e86d87c8-a667-48ef-be0a-c799aca7da3e {"type": "usd", "usd": 0.0}
2026-09-30 07:09:45 /background-jobs/a02bf5c6-a71a-4656-8a57-9a95fa1c5f34 {"type": "usd", "usd": 0.0}
2026-09-30 07:09:46 /background-jobs/01008c61-db77-4247-a116-197b7eb74556 {"type": "usd", "usd": 0.0}
2026-09-30 07:09:48 /background-jobs/e86d87c8-a667-48ef-be0a-c799aca7da3e {"type": "usd", "usd": 0.0}
2026-09-30 07:09:51 /background-jobs/a02bf5c6-a71a-4656-8a57-9a95fa1c5f34 {"type": "usd", "usd": 0.0}
2026-09-30 07:09:52 /background-jobs/01008c61-db77-4247-a116-197b7eb74556 {"type": "usd", "usd": 0.0}
2026-09-30 07:09:54 /background-jobs/e86d87c8-a667-48ef-be0a-c799aca7da3e {"type": "usd", "usd": 0.0}
2026-09-30 07:09:57 /background-jobs/a02bf5c6-a71a-4656-8a57-9a95fa1c5f34 {"type": "usd", "usd": 0.0}
2026-09-30 07:09:58 /background-jobs/01008c61-db77-4247-a116-197b7eb74556 {"type": "usd", "usd": 0.0}
2026-09-30 07:09:59 /background-jobs/e86d87c8-a667-48ef-be0a-c799aca7da3e {"type": "usd", "usd": 0.0}
2026-09-30 07:10:02 /background-jobs/a02bf5c6-a71a-4656-8a57-9a95fa1c5f34 {"type": "usd", "usd": 0.0}
2026-09-30 07:10:03 /background-jobs/01008c61-db77-4247-a116-197b7eb74556 {"type": "usd", "usd": 0.0}
2026-09-30 07:10:05 /background-jobs/e86d87c8-a667-48ef-be0a-c799aca7da3e {"type": "usd", "usd": 0.0}
2026-09-30 07:10:08 /background-jobs/a02bf5c6-a71a-4656-8a57-9a95fa1c5f34 {"type": "usd", "usd": 0.0}
2026-09-30 07:10:09 /background-jobs/01008c61-db77-4247-a116-197b7eb74556 {"type": "usd", "usd": 0.0}
2026-09-30 07:10:11 /background-jobs/e86d87c8-a667-48ef-be0a-c799aca7da3e {"type": "usd", "usd": 0.0}
2026-09-30 07:10:14 /background-jobs/a02bf5c6-a71a-4656-8a57-9a95fa1c5f34 {"type": "usd", "usd": 0.0}
2026-09-30 07:10:15 /background-jobs/01008c61-db77-4247-a116-197b7eb74556 {"type": "usd", "usd": 0.0}
2026-09-30 07:10:17 /background-jobs/e86d87c8-a667-48ef-be0a-c799aca7da3e {"type": "usd", "usd": 0.0}
2026-09-30 07:10:19 /background-jobs/a02bf5c6-a71a-4656-8a57-9a95fa1c5f34 {"type": "usd", "usd": 0.0}
2026-09-30 07:10:22 /background-jobs/e86d87c8-a667-48ef-be0a-c799aca7da3e {"type": "usd", "usd": 0.0}
2026-09-30 07:10:23 /background-jobs/01008c61-db77-4247-a116-197b7eb74556 {"type": "generations", "generations": 1.0}
2026-09-30 07:10:25 /background-jobs/a02bf5c6-a71a-4656-8a57-9a95fa1c5f34 {"type": "usd", "usd": 0.0}
2026-09-30 07:10:28 /background-jobs/e86d87c8-a667-48ef-be0a-c799aca7da3e {"type": "usd", "usd": 0.0}
2026-09-30 07:10:29 /background-jobs/01008c61-db77-4247-a116-197b7eb74556 {"type": "generations", "generations": 1.0}
2026-09-30 07:10:30 /background-jobs/9dc7e1a7-026e-4030-8ac0-f2c863fadaba {"type": "usd", "usd": 0.0}
2026-09-30 07:10:31 /background-jobs/a02bf5c6-a71a-4656-8a57-9a95fa1c5f34 {"type": "usd", "usd": 0.0}
2026-09-30 07:10:34 /background-jobs/e86d87c8-a667-48ef-be0a-c799aca7da3e {"type": "usd", "usd": 0.0}
2026-09-30 07:10:36 /background-jobs/9dc7e1a7-026e-4030-8ac0-f2c863fadaba {"type": "usd", "usd": 0.0}
2026-09-30 07:10:36 /background-jobs/a02bf5c6-a71a-4656-8a57-9a95fa1c5f34 {"type": "usd", "usd": 0.0}
2026-09-30 07:10:39 /background-jobs/e86d87c8-a667-48ef-be0a-c799aca7da3e {"type": "usd", "usd": 0.0}
2026-09-30 07:10:42 /background-jobs/9dc7e1a7-026e-4030-8ac0-f2c863fadaba {"type": "usd", "usd": 0.0}
2026-09-30 07:10:42 /background-jobs/a02bf5c6-a71a-4656-8a57-9a95fa1c5f34 {"type": "usd", "usd": 0.0}
2026-09-30 07:10:45 /background-jobs/e86d87c8-a667-48ef-be0a-c799aca7da3e {"type": "usd", "usd": 0.0}
2026-09-30 07:10:47 /background-jobs/9dc7e1a7-026e-4030-8ac0-f2c863fadaba {"type": "usd", "usd": 0.0}
2026-09-30 07:10:48 /background-jobs/a02bf5c6-a71a-4656-8a57-9a95fa1c5f34 {"type": "usd", "usd": 0.0}
2026-09-30 07:10:51 /background-jobs/e86d87c8-a667-48ef-be0a-c799aca7da3e {"type": "usd", "usd": 0.0}
2026-09-30 07:10:53 /background-jobs/9dc7e1a7-026e-4030-8ac0-f2c863fadaba {"type": "usd", "usd": 0.0}
2026-09-30 07:10:53 /background-jobs/a02bf5c6-a71a-4656-8a57-9a95fa1c5f34 {"type": "usd", "usd": 0.0}
2026-09-30 07:10:57 /background-jobs/e86d87c8-a667-48ef-be0a-c799aca7da3e {"type": "usd", "usd": 0.0}
2026-09-30 07:10:59 /background-jobs/9dc7e1a7-026e-4030-8ac0-f2c863fadaba {"type": "usd", "usd": 0.0}
2026-09-30 07:10:59 /background-jobs/a02bf5c6-a71a-4656-8a57-9a95fa1c5f34 {"type": "usd", "usd": 0.0}
2026-09-30 07:11:02 /background-jobs/e86d87c8-a667-48ef-be0a-c799aca7da3e {"type": "usd", "usd": 0.0}
2026-09-30 07:11:04 /background-jobs/9dc7e1a7-026e-4030-8ac0-f2c863fadaba {"type": "usd", "usd": 0.0}
2026-09-30 07:11:05 /background-jobs/a02bf5c6-a71a-4656-8a57-9a95fa1c5f34 {"type": "usd", "usd": 0.0}
2026-09-30 07:11:08 /background-jobs/e86d87c8-a667-48ef-be0a-c799aca7da3e {"type": "usd", "usd": 0.0}
2026-09-30 07:11:10 /background-jobs/9dc7e1a7-026e-4030-8ac0-f2c863fadaba {"type": "usd", "usd": 0.0}
2026-09-30 07:11:10 /background-jobs/a02bf5c6-a71a-4656-8a57-9a95fa1c5f34 {"type": "usd", "usd": 0.0}
2026-09-30 07:11:14 /background-jobs/e86d87c8-a667-48ef-be0a-c799aca7da3e {"type": "usd", "usd": 0.0}
2026-09-30 07:11:16 /background-jobs/9dc7e1a7-026e-4030-8ac0-f2c863fadaba {"type": "usd", "usd": 0.0}
2026-09-30 07:11:16 /background-jobs/a02bf5c6-a71a-4656-8a57-9a95fa1c5f34 {"type": "usd", "usd": 0.0}
2026-09-30 07:11:19 /background-jobs/e86d87c8-a667-48ef-be0a-c799aca7da3e {"type": "usd", "usd": 0.0}
2026-09-30 07:11:21 /background-jobs/9dc7e1a7-026e-4030-8ac0-f2c863fadaba {"type": "usd", "usd": 0.0}
2026-09-30 07:11:22 /background-jobs/a02bf5c6-a71a-4656-8a57-9a95fa1c5f34 {"type": "usd", "usd": 0.0}
2026-09-30 07:11:25 /background-jobs/e86d87c8-a667-48ef-be0a-c799aca7da3e {"type": "usd", "usd": 0.0}
2026-09-30 07:11:27 /background-jobs/9dc7e1a7-026e-4030-8ac0-f2c863fadaba {"type": "usd", "usd": 0.0}
2026-09-30 07:11:27 /background-jobs/a02bf5c6-a71a-4656-8a57-9a95fa1c5f34 {"type": "usd", "usd": 0.0}
2026-09-30 07:11:32 /background-jobs/e86d87c8-a667-48ef-be0a-c799aca7da3e {"type": "usd", "usd": 0.0}
2026-09-30 07:11:33 /background-jobs/9dc7e1a7-026e-4030-8ac0-f2c863fadaba {"type": "usd", "usd": 0.0}
2026-09-30 07:11:33 /background-jobs/a02bf5c6-a71a-4656-8a57-9a95fa1c5f34 {"type": "usd", "usd": 0.0}
2026-09-30 07:11:38 /background-jobs/e86d87c8-a667-48ef-be0a-c799aca7da3e {"type": "usd", "usd": 0.0}
2026-09-30 07:11:38 /background-jobs/9dc7e1a7-026e-4030-8ac0-f2c863fadaba {"type": "usd", "usd": 0.0}
2026-09-30 07:11:39 /background-jobs/a02bf5c6-a71a-4656-8a57-9a95fa1c5f34 {"type": "usd", "usd": 0.0}
2026-09-30 07:11:43 /background-jobs/e86d87c8-a667-48ef-be0a-c799aca7da3e {"type": "usd", "usd": 0.0}
2026-09-30 07:11:44 /background-jobs/9dc7e1a7-026e-4030-8ac0-f2c863fadaba {"type": "usd", "usd": 0.0}
2026-09-30 07:11:45 /background-jobs/a02bf5c6-a71a-4656-8a57-9a95fa1c5f34 {"type": "usd", "usd": 0.0}
2026-09-30 07:11:49 /background-jobs/e86d87c8-a667-48ef-be0a-c799aca7da3e {"type": "usd", "usd": 0.0}
2026-09-30 07:11:50 /background-jobs/9dc7e1a7-026e-4030-8ac0-f2c863fadaba {"type": "generations", "generations": 1.0}
2026-09-30 07:11:50 /background-jobs/a02bf5c6-a71a-4656-8a57-9a95fa1c5f34 {"type": "usd", "usd": 0.0}
2026-09-30 07:11:52 /background-jobs/10d8d20c-e78b-4c1f-acb9-96874e2584fa {"type": "usd", "usd": 0.0}
2026-09-30 07:11:55 /background-jobs/e86d87c8-a667-48ef-be0a-c799aca7da3e {"type": "usd", "usd": 0.0}
2026-09-30 07:11:56 /background-jobs/a02bf5c6-a71a-4656-8a57-9a95fa1c5f34 {"type": "usd", "usd": 0.0}
2026-09-30 07:11:58 /background-jobs/10d8d20c-e78b-4c1f-acb9-96874e2584fa {"type": "usd", "usd": 0.0}
2026-09-30 07:12:00 /background-jobs/e86d87c8-a667-48ef-be0a-c799aca7da3e {"type": "usd", "usd": 0.0}
2026-09-30 07:12:02 /background-jobs/a02bf5c6-a71a-4656-8a57-9a95fa1c5f34 {"type": "usd", "usd": 0.0}
2026-09-30 07:12:04 /background-jobs/10d8d20c-e78b-4c1f-acb9-96874e2584fa {"type": "usd", "usd": 0.0}
2026-09-30 07:12:07 /background-jobs/e86d87c8-a667-48ef-be0a-c799aca7da3e {"type": "usd", "usd": 0.0}
2026-09-30 07:12:07 /background-jobs/a02bf5c6-a71a-4656-8a57-9a95fa1c5f34 {"type": "usd", "usd": 0.0}
2026-09-30 07:12:09 /background-jobs/10d8d20c-e78b-4c1f-acb9-96874e2584fa {"type": "usd", "usd": 0.0}
2026-09-30 07:12:12 /background-jobs/e86d87c8-a667-48ef-be0a-c799aca7da3e {"type": "usd", "usd": 0.0}
2026-09-30 07:12:13 /background-jobs/a02bf5c6-a71a-4656-8a57-9a95fa1c5f34 {"type": "usd", "usd": 0.0}
2026-09-30 07:12:15 /background-jobs/10d8d20c-e78b-4c1f-acb9-96874e2584fa {"type": "usd", "usd": 0.0}
2026-09-30 07:12:18 /background-jobs/e86d87c8-a667-48ef-be0a-c799aca7da3e {"type": "usd", "usd": 0.0}
2026-09-30 07:12:19 /background-jobs/a02bf5c6-a71a-4656-8a57-9a95fa1c5f34 {"type": "usd", "usd": 0.0}
2026-09-30 07:12:21 /background-jobs/10d8d20c-e78b-4c1f-acb9-96874e2584fa {"type": "usd", "usd": 0.0}
2026-09-30 07:12:24 /background-jobs/e86d87c8-a667-48ef-be0a-c799aca7da3e {"type": "usd", "usd": 0.0}
2026-09-30 07:12:25 /background-jobs/a02bf5c6-a71a-4656-8a57-9a95fa1c5f34 {"type": "usd", "usd": 0.0}
2026-09-30 07:12:26 /background-jobs/10d8d20c-e78b-4c1f-acb9-96874e2584fa {"type": "usd", "usd": 0.0}
2026-09-30 07:12:30 /background-jobs/e86d87c8-a667-48ef-be0a-c799aca7da3e {"type": "usd", "usd": 0.0}
2026-09-30 07:12:30 /background-jobs/a02bf5c6-a71a-4656-8a57-9a95fa1c5f34 {"type": "usd", "usd": 0.0}
2026-09-30 07:12:32 /background-jobs/10d8d20c-e78b-4c1f-acb9-96874e2584fa {"type": "usd", "usd": 0.0}
2026-09-30 07:12:36 /background-jobs/e86d87c8-a667-48ef-be0a-c799aca7da3e {"type": "usd", "usd": 0.0}
2026-09-30 07:12:36 /background-jobs/a02bf5c6-a71a-4656-8a57-9a95fa1c5f34 {"type": "usd", "usd": 0.0}
2026-09-30 07:12:38 /background-jobs/10d8d20c-e78b-4c1f-acb9-96874e2584fa {"type": "usd", "usd": 0.0}
2026-09-30 07:12:41 /background-jobs/e86d87c8-a667-48ef-be0a-c799aca7da3e {"type": "usd", "usd": 0.0}
2026-09-30 07:12:42 /background-jobs/a02bf5c6-a71a-4656-8a57-9a95fa1c5f34 {"type": "usd", "usd": 0.0}
2026-09-30 07:12:45 /background-jobs/10d8d20c-e78b-4c1f-acb9-96874e2584fa {"type": "generations", "generations": 1.0}
2026-09-30 07:12:47 /background-jobs/e86d87c8-a667-48ef-be0a-c799aca7da3e {"type": "usd", "usd": 0.0}
2026-09-30 07:12:47 /background-jobs/9f25e523-c3b2-4fc4-9feb-f1999bb81ebb {"type": "usd", "usd": 0.0}
2026-09-30 07:12:47 /background-jobs/a02bf5c6-a71a-4656-8a57-9a95fa1c5f34 {"type": "usd", "usd": 0.0}
2026-09-30 07:12:53 /background-jobs/e86d87c8-a667-48ef-be0a-c799aca7da3e {"type": "usd", "usd": 0.0}
2026-09-30 07:12:53 /background-jobs/9f25e523-c3b2-4fc4-9feb-f1999bb81ebb {"type": "usd", "usd": 0.0}
2026-09-30 07:12:53 /background-jobs/a02bf5c6-a71a-4656-8a57-9a95fa1c5f34 {"type": "usd", "usd": 0.0}
2026-09-30 07:12:58 /background-jobs/e86d87c8-a667-48ef-be0a-c799aca7da3e {"type": "usd", "usd": 0.0}
2026-09-30 07:12:58 /background-jobs/9f25e523-c3b2-4fc4-9feb-f1999bb81ebb {"type": "usd", "usd": 0.0}
2026-09-30 07:12:59 /background-jobs/a02bf5c6-a71a-4656-8a57-9a95fa1c5f34 {"type": "usd", "usd": 0.0}
2026-09-30 07:13:04 /background-jobs/9f25e523-c3b2-4fc4-9feb-f1999bb81ebb {"type": "usd", "usd": 0.0}
2026-09-30 07:13:04 /background-jobs/e86d87c8-a667-48ef-be0a-c799aca7da3e {"type": "usd", "usd": 0.0}
2026-09-30 07:13:04 /background-jobs/a02bf5c6-a71a-4656-8a57-9a95fa1c5f34 {"type": "usd", "usd": 0.0}
2026-09-30 07:13:10 /background-jobs/9f25e523-c3b2-4fc4-9feb-f1999bb81ebb {"type": "usd", "usd": 0.0}
2026-09-30 07:13:10 /background-jobs/e86d87c8-a667-48ef-be0a-c799aca7da3e {"type": "usd", "usd": 0.0}
2026-09-30 07:13:10 /background-jobs/a02bf5c6-a71a-4656-8a57-9a95fa1c5f34 {"type": "usd", "usd": 0.0}
2026-09-30 07:13:15 /background-jobs/9f25e523-c3b2-4fc4-9feb-f1999bb81ebb {"type": "usd", "usd": 0.0}
2026-09-30 07:13:16 /background-jobs/e86d87c8-a667-48ef-be0a-c799aca7da3e {"type": "usd", "usd": 0.0}
2026-09-30 07:13:16 /background-jobs/a02bf5c6-a71a-4656-8a57-9a95fa1c5f34 {"type": "usd", "usd": 0.0}
2026-09-30 07:13:21 /background-jobs/9f25e523-c3b2-4fc4-9feb-f1999bb81ebb {"type": "usd", "usd": 0.0}
2026-09-30 07:13:21 /background-jobs/e86d87c8-a667-48ef-be0a-c799aca7da3e {"type": "usd", "usd": 0.0}
2026-09-30 07:13:21 /background-jobs/a02bf5c6-a71a-4656-8a57-9a95fa1c5f34 {"type": "usd", "usd": 0.0}
2026-09-30 07:13:27 /background-jobs/9f25e523-c3b2-4fc4-9feb-f1999bb81ebb {"type": "usd", "usd": 0.0}
2026-09-30 07:13:27 /background-jobs/e86d87c8-a667-48ef-be0a-c799aca7da3e {"type": "usd", "usd": 0.0}
2026-09-30 07:13:28 /background-jobs/a02bf5c6-a71a-4656-8a57-9a95fa1c5f34 {"type": "usd", "usd": 0.0}
2026-09-30 07:13:32 /background-jobs/9f25e523-c3b2-4fc4-9feb-f1999bb81ebb {"type": "usd", "usd": 0.0}
2026-09-30 07:13:32 /background-jobs/e86d87c8-a667-48ef-be0a-c799aca7da3e {"type": "usd", "usd": 0.0}
2026-09-30 07:13:34 /background-jobs/a02bf5c6-a71a-4656-8a57-9a95fa1c5f34 {"type": "usd", "usd": 0.0}
2026-09-30 07:13:38 /background-jobs/9f25e523-c3b2-4fc4-9feb-f1999bb81ebb {"type": "usd", "usd": 0.0}
2026-09-30 07:13:38 /background-jobs/e86d87c8-a667-48ef-be0a-c799aca7da3e {"type": "usd", "usd": 0.0}
2026-09-30 07:13:39 /background-jobs/a02bf5c6-a71a-4656-8a57-9a95fa1c5f34 {"type": "usd", "usd": 0.0}
2026-09-30 07:13:44 /background-jobs/9f25e523-c3b2-4fc4-9feb-f1999bb81ebb {"type": "usd", "usd": 0.0}
2026-09-30 07:13:45 /background-jobs/a02bf5c6-a71a-4656-8a57-9a95fa1c5f34 {"type": "usd", "usd": 0.0}
2026-09-30 07:13:49 /background-jobs/9f25e523-c3b2-4fc4-9feb-f1999bb81ebb {"type": "usd", "usd": 0.0}
2026-09-30 07:13:51 /background-jobs/a02bf5c6-a71a-4656-8a57-9a95fa1c5f34 {"type": "usd", "usd": 0.0}
2026-09-30 07:13:55 /background-jobs/9f25e523-c3b2-4fc4-9feb-f1999bb81ebb {"type": "usd", "usd": 0.0}
2026-09-30 07:13:57 /background-jobs/a02bf5c6-a71a-4656-8a57-9a95fa1c5f34 {"type": "usd", "usd": 0.0}
2026-09-30 07:14:01 /background-jobs/9f25e523-c3b2-4fc4-9feb-f1999bb81ebb {"type": "usd", "usd": 0.0}
2026-09-30 07:14:02 /background-jobs/a02bf5c6-a71a-4656-8a57-9a95fa1c5f34 {"type": "usd", "usd": 0.0}
2026-09-30 07:14:06 /background-jobs/9f25e523-c3b2-4fc4-9feb-f1999bb81ebb {"type": "usd", "usd": 0.0}
2026-09-30 07:14:08 /background-jobs/a02bf5c6-a71a-4656-8a57-9a95fa1c5f34 {"type": "usd", "usd": 0.0}
2026-09-30 07:14:12 /background-jobs/9f25e523-c3b2-4fc4-9feb-f1999bb81ebb {"type": "usd", "usd": 0.0}
2026-09-30 07:14:14 /background-jobs/a02bf5c6-a71a-4656-8a57-9a95fa1c5f34 {"type": "usd", "usd": 0.0}
2026-09-30 07:14:18 /background-jobs/9f25e523-c3b2-4fc4-9feb-f1999bb81ebb {"type": "usd", "usd": 0.0}
2026-09-30 07:14:19 /background-jobs/a02bf5c6-a71a-4656-8a57-9a95fa1c5f34 {"type": "usd", "usd": 0.0}
2026-09-30 07:14:23 /background-jobs/9f25e523-c3b2-4fc4-9feb-f1999bb81ebb {"type": "usd", "usd": 0.0}
2026-09-30 07:14:25 /background-jobs/a02bf5c6-a71a-4656-8a57-9a95fa1c5f34 {"type": "usd", "usd": 0.0}
2026-09-30 07:14:29 /background-jobs/9f25e523-c3b2-4fc4-9feb-f1999bb81ebb {"type": "usd", "usd": 0.0}
2026-09-30 07:14:31 /background-jobs/a02bf5c6-a71a-4656-8a57-9a95fa1c5f34 {"type": "usd", "usd": 0.0}
2026-09-30 07:14:35 /background-jobs/9f25e523-c3b2-4fc4-9feb-f1999bb81ebb {"type": "usd", "usd": 0.0}
2026-09-30 07:14:37 /background-jobs/a02bf5c6-a71a-4656-8a57-9a95fa1c5f34 {"type": "usd", "usd": 0.0}
2026-09-30 07:14:41 /background-jobs/9f25e523-c3b2-4fc4-9feb-f1999bb81ebb {"type": "usd", "usd": 0.0}
2026-09-30 07:14:43 /background-jobs/a02bf5c6-a71a-4656-8a57-9a95fa1c5f34 {"type": "usd", "usd": 0.0}
2026-09-30 07:14:46 /background-jobs/9f25e523-c3b2-4fc4-9feb-f1999bb81ebb {"type": "usd", "usd": 0.0}
2026-09-30 07:14:48 /background-jobs/a02bf5c6-a71a-4656-8a57-9a95fa1c5f34 {"type": "usd", "usd": 0.0}
2026-09-30 07:14:52 /background-jobs/9f25e523-c3b2-4fc4-9feb-f1999bb81ebb {"type": "usd", "usd": 0.0}
2026-09-30 07:14:56 /background-jobs/a02bf5c6-a71a-4656-8a57-9a95fa1c5f34 {"type": "usd", "usd": 0.0}
2026-09-30 07:14:58 /background-jobs/9f25e523-c3b2-4fc4-9feb-f1999bb81ebb {"type": "usd", "usd": 0.0}
2026-09-30 07:15:02 /background-jobs/a02bf5c6-a71a-4656-8a57-9a95fa1c5f34 {"type": "usd", "usd": 0.0}
2026-09-30 07:15:03 /background-jobs/9f25e523-c3b2-4fc4-9feb-f1999bb81ebb {"type": "usd", "usd": 0.0}
2026-09-30 07:15:07 /background-jobs/a02bf5c6-a71a-4656-8a57-9a95fa1c5f34 {"type": "usd", "usd": 0.0}
2026-09-30 07:15:10 /background-jobs/9f25e523-c3b2-4fc4-9feb-f1999bb81ebb {"type": "generations", "generations": 1.0}
2026-09-30 07:15:11 /background-jobs/989ee1ce-1555-4a85-92e6-f1f746b96d09 {"type": "usd", "usd": 0.0}
2026-09-30 07:15:13 /background-jobs/a02bf5c6-a71a-4656-8a57-9a95fa1c5f34 {"type": "usd", "usd": 0.0}
2026-09-30 07:15:17 /background-jobs/989ee1ce-1555-4a85-92e6-f1f746b96d09 {"type": "usd", "usd": 0.0}
2026-09-30 07:15:19 /background-jobs/a02bf5c6-a71a-4656-8a57-9a95fa1c5f34 {"type": "generations", "generations": 1.0}
2026-09-30 07:15:23 /background-jobs/989ee1ce-1555-4a85-92e6-f1f746b96d09 {"type": "usd", "usd": 0.0}
2026-09-30 07:15:25 /background-jobs/a02bf5c6-a71a-4656-8a57-9a95fa1c5f34 {"type": "generations", "generations": 1.0}
2026-09-30 07:15:29 /background-jobs/989ee1ce-1555-4a85-92e6-f1f746b96d09 {"type": "usd", "usd": 0.0}
2026-09-30 07:15:34 /background-jobs/989ee1ce-1555-4a85-92e6-f1f746b96d09 {"type": "usd", "usd": 0.0}
2026-09-30 07:15:40 /background-jobs/989ee1ce-1555-4a85-92e6-f1f746b96d09 {"type": "usd", "usd": 0.0}
2026-09-30 07:15:46 /background-jobs/989ee1ce-1555-4a85-92e6-f1f746b96d09 {"type": "usd", "usd": 0.0}
2026-09-30 07:15:52 /background-jobs/989ee1ce-1555-4a85-92e6-f1f746b96d09 {"type": "usd", "usd": 0.0}
2026-09-30 07:15:58 /background-jobs/989ee1ce-1555-4a85-92e6-f1f746b96d09 {"type": "usd", "usd": 0.0}
2026-09-30 07:16:04 /background-jobs/989ee1ce-1555-4a85-92e6-f1f746b96d09 {"type": "usd", "usd": 0.0}
2026-09-30 07:16:10 /background-jobs/989ee1ce-1555-4a85-92e6-f1f746b96d09 {"type": "usd", "usd": 0.0}
2026-09-30 07:16:15 /background-jobs/989ee1ce-1555-4a85-92e6-f1f746b96d09 {"type": "usd", "usd": 0.0}
2026-09-30 07:16:21 /background-jobs/989ee1ce-1555-4a85-92e6-f1f746b96d09 {"type": "generations", "generations": 1.0}
2026-09-30 07:16:27 /background-jobs/989ee1ce-1555-4a85-92e6-f1f746b96d09 {"type": "generations", "generations": 1.0}
2026-09-30 07:20:23 /background-jobs/9948ae8f-ba4e-4eb3-9379-a2aae082b00f {"type": "usd", "usd": 0.0}
2026-09-30 07:20:23 /background-jobs/3238102d-d12f-407c-8ea4-eb95ff706de2 {"type": "usd", "usd": 0.0}
2026-09-30 07:20:28 /background-jobs/9948ae8f-ba4e-4eb3-9379-a2aae082b00f {"type": "usd", "usd": 0.0}
2026-09-30 07:20:28 /background-jobs/3238102d-d12f-407c-8ea4-eb95ff706de2 {"type": "usd", "usd": 0.0}
2026-09-30 07:20:34 /background-jobs/3238102d-d12f-407c-8ea4-eb95ff706de2 {"type": "usd", "usd": 0.0}
2026-09-30 07:20:36 /background-jobs/9948ae8f-ba4e-4eb3-9379-a2aae082b00f {"type": "usd", "usd": 0.0}
2026-09-30 07:20:40 /background-jobs/3238102d-d12f-407c-8ea4-eb95ff706de2 {"type": "usd", "usd": 0.0}
2026-09-30 07:20:45 /background-jobs/9948ae8f-ba4e-4eb3-9379-a2aae082b00f {"type": "usd", "usd": 0.0}
2026-09-30 07:20:45 /background-jobs/3238102d-d12f-407c-8ea4-eb95ff706de2 {"type": "usd", "usd": 0.0}
2026-09-30 07:20:50 /background-jobs/9948ae8f-ba4e-4eb3-9379-a2aae082b00f {"type": "usd", "usd": 0.0}
2026-09-30 07:20:51 /background-jobs/3238102d-d12f-407c-8ea4-eb95ff706de2 {"type": "usd", "usd": 0.0}
2026-09-30 07:20:56 /background-jobs/9948ae8f-ba4e-4eb3-9379-a2aae082b00f {"type": "usd", "usd": 0.0}
2026-09-30 07:20:57 /background-jobs/3238102d-d12f-407c-8ea4-eb95ff706de2 {"type": "usd", "usd": 0.0}
2026-09-30 07:21:02 /background-jobs/9948ae8f-ba4e-4eb3-9379-a2aae082b00f {"type": "usd", "usd": 0.0}
2026-09-30 07:21:02 /background-jobs/3238102d-d12f-407c-8ea4-eb95ff706de2 {"type": "usd", "usd": 0.0}
2026-09-30 07:21:08 /background-jobs/9948ae8f-ba4e-4eb3-9379-a2aae082b00f {"type": "usd", "usd": 0.0}
2026-09-30 07:21:08 /background-jobs/3238102d-d12f-407c-8ea4-eb95ff706de2 {"type": "usd", "usd": 0.0}
2026-09-30 07:21:14 /background-jobs/9948ae8f-ba4e-4eb3-9379-a2aae082b00f {"type": "usd", "usd": 0.0}
2026-09-30 07:21:14 /background-jobs/3238102d-d12f-407c-8ea4-eb95ff706de2 {"type": "usd", "usd": 0.0}
2026-09-30 07:21:19 /background-jobs/3238102d-d12f-407c-8ea4-eb95ff706de2 {"type": "usd", "usd": 0.0}
2026-09-30 07:21:19 /background-jobs/9948ae8f-ba4e-4eb3-9379-a2aae082b00f {"type": "usd", "usd": 0.0}
2026-09-30 07:21:25 /background-jobs/9948ae8f-ba4e-4eb3-9379-a2aae082b00f {"type": "usd", "usd": 0.0}
2026-09-30 07:21:25 /background-jobs/3238102d-d12f-407c-8ea4-eb95ff706de2 {"type": "usd", "usd": 0.0}
2026-09-30 07:21:31 /background-jobs/3238102d-d12f-407c-8ea4-eb95ff706de2 {"type": "usd", "usd": 0.0}
2026-09-30 07:21:31 /background-jobs/9948ae8f-ba4e-4eb3-9379-a2aae082b00f {"type": "generations", "generations": 1.0}
2026-09-30 07:21:36 /background-jobs/3238102d-d12f-407c-8ea4-eb95ff706de2 {"type": "usd", "usd": 0.0}
2026-09-30 07:21:37 /background-jobs/9948ae8f-ba4e-4eb3-9379-a2aae082b00f {"type": "generations", "generations": 1.0}
2026-09-30 07:21:39 /background-jobs/11fd913c-a2a8-4606-bda0-6b11e48cfd71 {"type": "usd", "usd": 0.0}
2026-09-30 07:21:42 /background-jobs/3238102d-d12f-407c-8ea4-eb95ff706de2 {"type": "usd", "usd": 0.0}
2026-09-30 07:21:44 /background-jobs/11fd913c-a2a8-4606-bda0-6b11e48cfd71 {"type": "usd", "usd": 0.0}
2026-09-30 07:21:49 /background-jobs/3238102d-d12f-407c-8ea4-eb95ff706de2 {"type": "generations", "generations": 1.0}
2026-09-30 07:21:50 /background-jobs/11fd913c-a2a8-4606-bda0-6b11e48cfd71 {"type": "usd", "usd": 0.0}
2026-09-30 07:21:51 /background-jobs/f18ec485-49d0-45ea-b4ed-6c349172a95d {"type": "usd", "usd": 0.0}
2026-09-30 07:21:56 /background-jobs/11fd913c-a2a8-4606-bda0-6b11e48cfd71 {"type": "usd", "usd": 0.0}
2026-09-30 07:21:56 /background-jobs/f18ec485-49d0-45ea-b4ed-6c349172a95d {"type": "usd", "usd": 0.0}
2026-09-30 07:22:01 /background-jobs/11fd913c-a2a8-4606-bda0-6b11e48cfd71 {"type": "usd", "usd": 0.0}
2026-09-30 07:22:02 /background-jobs/f18ec485-49d0-45ea-b4ed-6c349172a95d {"type": "usd", "usd": 0.0}
2026-09-30 07:22:07 /background-jobs/11fd913c-a2a8-4606-bda0-6b11e48cfd71 {"type": "usd", "usd": 0.0}
2026-09-30 07:22:07 /background-jobs/f18ec485-49d0-45ea-b4ed-6c349172a95d {"type": "usd", "usd": 0.0}
2026-09-30 07:22:12 /background-jobs/11fd913c-a2a8-4606-bda0-6b11e48cfd71 {"type": "usd", "usd": 0.0}
2026-09-30 07:22:13 /background-jobs/f18ec485-49d0-45ea-b4ed-6c349172a95d {"type": "usd", "usd": 0.0}
2026-09-30 07:22:18 /background-jobs/11fd913c-a2a8-4606-bda0-6b11e48cfd71 {"type": "usd", "usd": 0.0}
2026-09-30 07:22:19 /background-jobs/f18ec485-49d0-45ea-b4ed-6c349172a95d {"type": "usd", "usd": 0.0}
2026-09-30 07:22:24 /background-jobs/11fd913c-a2a8-4606-bda0-6b11e48cfd71 {"type": "usd", "usd": 0.0}
2026-09-30 07:22:24 /background-jobs/f18ec485-49d0-45ea-b4ed-6c349172a95d {"type": "usd", "usd": 0.0}
2026-09-30 07:22:30 /background-jobs/11fd913c-a2a8-4606-bda0-6b11e48cfd71 {"type": "usd", "usd": 0.0}
2026-09-30 07:22:30 /background-jobs/f18ec485-49d0-45ea-b4ed-6c349172a95d {"type": "usd", "usd": 0.0}
2026-09-30 07:22:35 /background-jobs/11fd913c-a2a8-4606-bda0-6b11e48cfd71 {"type": "usd", "usd": 0.0}
2026-09-30 07:22:36 /background-jobs/f18ec485-49d0-45ea-b4ed-6c349172a95d {"type": "usd", "usd": 0.0}
2026-09-30 07:22:41 /background-jobs/11fd913c-a2a8-4606-bda0-6b11e48cfd71 {"type": "usd", "usd": 0.0}
2026-09-30 07:22:41 /background-jobs/f18ec485-49d0-45ea-b4ed-6c349172a95d {"type": "usd", "usd": 0.0}
2026-09-30 07:22:47 /background-jobs/11fd913c-a2a8-4606-bda0-6b11e48cfd71 {"type": "usd", "usd": 0.0}
2026-09-30 07:22:47 /background-jobs/f18ec485-49d0-45ea-b4ed-6c349172a95d {"type": "usd", "usd": 0.0}
2026-09-30 07:22:52 /background-jobs/11fd913c-a2a8-4606-bda0-6b11e48cfd71 {"type": "usd", "usd": 0.0}
2026-09-30 07:22:53 /background-jobs/f18ec485-49d0-45ea-b4ed-6c349172a95d {"type": "usd", "usd": 0.0}
2026-09-30 07:22:58 /background-jobs/11fd913c-a2a8-4606-bda0-6b11e48cfd71 {"type": "usd", "usd": 0.0}
2026-09-30 07:22:58 /background-jobs/f18ec485-49d0-45ea-b4ed-6c349172a95d {"type": "usd", "usd": 0.0}
2026-09-30 07:23:04 /background-jobs/11fd913c-a2a8-4606-bda0-6b11e48cfd71 {"type": "usd", "usd": 0.0}
2026-09-30 07:23:04 /background-jobs/f18ec485-49d0-45ea-b4ed-6c349172a95d {"type": "usd", "usd": 0.0}
2026-09-30 07:23:09 /background-jobs/11fd913c-a2a8-4606-bda0-6b11e48cfd71 {"type": "usd", "usd": 0.0}
2026-09-30 07:23:09 /background-jobs/f18ec485-49d0-45ea-b4ed-6c349172a95d {"type": "usd", "usd": 0.0}
2026-09-30 07:23:15 /background-jobs/11fd913c-a2a8-4606-bda0-6b11e48cfd71 {"type": "usd", "usd": 0.0}
2026-09-30 07:23:15 /background-jobs/f18ec485-49d0-45ea-b4ed-6c349172a95d {"type": "usd", "usd": 0.0}
2026-09-30 07:23:21 /background-jobs/f18ec485-49d0-45ea-b4ed-6c349172a95d {"type": "usd", "usd": 0.0}
2026-09-30 07:23:22 /background-jobs/11fd913c-a2a8-4606-bda0-6b11e48cfd71 {"type": "usd", "usd": 0.0}
2026-09-30 07:23:26 /background-jobs/f18ec485-49d0-45ea-b4ed-6c349172a95d {"type": "usd", "usd": 0.0}
2026-09-30 07:23:27 /background-jobs/11fd913c-a2a8-4606-bda0-6b11e48cfd71 {"type": "usd", "usd": 0.0}
2026-09-30 07:23:32 /background-jobs/f18ec485-49d0-45ea-b4ed-6c349172a95d {"type": "usd", "usd": 0.0}
2026-09-30 07:23:33 /background-jobs/11fd913c-a2a8-4606-bda0-6b11e48cfd71 {"type": "usd", "usd": 0.0}
2026-09-30 07:23:38 /background-jobs/f18ec485-49d0-45ea-b4ed-6c349172a95d {"type": "usd", "usd": 0.0}
2026-09-30 07:23:39 /background-jobs/11fd913c-a2a8-4606-bda0-6b11e48cfd71 {"type": "usd", "usd": 0.0}
2026-09-30 07:23:44 /background-jobs/f18ec485-49d0-45ea-b4ed-6c349172a95d {"type": "generations", "generations": 1.0}
2026-09-30 07:23:44 /background-jobs/11fd913c-a2a8-4606-bda0-6b11e48cfd71 {"type": "usd", "usd": 0.0}
2026-09-30 07:23:45 /background-jobs/d2b80839-e662-4a6e-b789-71ae723bf1cd {"type": "usd", "usd": 0.0}
2026-09-30 07:23:50 /background-jobs/11fd913c-a2a8-4606-bda0-6b11e48cfd71 {"type": "usd", "usd": 0.0}
2026-09-30 07:23:51 /background-jobs/d2b80839-e662-4a6e-b789-71ae723bf1cd {"type": "usd", "usd": 0.0}
2026-09-30 07:23:56 /background-jobs/11fd913c-a2a8-4606-bda0-6b11e48cfd71 {"type": "usd", "usd": 0.0}
2026-09-30 07:23:56 /background-jobs/d2b80839-e662-4a6e-b789-71ae723bf1cd {"type": "usd", "usd": 0.0}
2026-09-30 07:24:01 /background-jobs/11fd913c-a2a8-4606-bda0-6b11e48cfd71 {"type": "usd", "usd": 0.0}
2026-09-30 07:24:02 /background-jobs/d2b80839-e662-4a6e-b789-71ae723bf1cd {"type": "usd", "usd": 0.0}
2026-09-30 07:24:07 /background-jobs/11fd913c-a2a8-4606-bda0-6b11e48cfd71 {"type": "usd", "usd": 0.0}
2026-09-30 07:24:08 /background-jobs/d2b80839-e662-4a6e-b789-71ae723bf1cd {"type": "usd", "usd": 0.0}
2026-09-30 07:24:13 /background-jobs/11fd913c-a2a8-4606-bda0-6b11e48cfd71 {"type": "usd", "usd": 0.0}
2026-09-30 07:24:13 /background-jobs/d2b80839-e662-4a6e-b789-71ae723bf1cd {"type": "usd", "usd": 0.0}
2026-09-30 07:24:18 /background-jobs/11fd913c-a2a8-4606-bda0-6b11e48cfd71 {"type": "usd", "usd": 0.0}
2026-09-30 07:24:19 /background-jobs/d2b80839-e662-4a6e-b789-71ae723bf1cd {"type": "usd", "usd": 0.0}
2026-09-30 07:24:24 /background-jobs/11fd913c-a2a8-4606-bda0-6b11e48cfd71 {"type": "usd", "usd": 0.0}
2026-09-30 07:24:25 /background-jobs/d2b80839-e662-4a6e-b789-71ae723bf1cd {"type": "usd", "usd": 0.0}
2026-09-30 07:24:29 /background-jobs/11fd913c-a2a8-4606-bda0-6b11e48cfd71 {"type": "usd", "usd": 0.0}
2026-09-30 07:24:30 /background-jobs/d2b80839-e662-4a6e-b789-71ae723bf1cd {"type": "usd", "usd": 0.0}
2026-09-30 07:24:35 /background-jobs/11fd913c-a2a8-4606-bda0-6b11e48cfd71 {"type": "usd", "usd": 0.0}
2026-09-30 07:24:36 /background-jobs/d2b80839-e662-4a6e-b789-71ae723bf1cd {"type": "usd", "usd": 0.0}
2026-09-30 07:24:41 /background-jobs/11fd913c-a2a8-4606-bda0-6b11e48cfd71 {"type": "usd", "usd": 0.0}
2026-09-30 07:24:42 /background-jobs/d2b80839-e662-4a6e-b789-71ae723bf1cd {"type": "usd", "usd": 0.0}
2026-09-30 07:24:46 /background-jobs/11fd913c-a2a8-4606-bda0-6b11e48cfd71 {"type": "usd", "usd": 0.0}
2026-09-30 07:24:48 /background-jobs/d2b80839-e662-4a6e-b789-71ae723bf1cd {"type": "usd", "usd": 0.0}
2026-09-30 07:24:52 /background-jobs/11fd913c-a2a8-4606-bda0-6b11e48cfd71 {"type": "usd", "usd": 0.0}
2026-09-30 07:24:53 /background-jobs/d2b80839-e662-4a6e-b789-71ae723bf1cd {"type": "usd", "usd": 0.0}
2026-09-30 07:24:58 /background-jobs/11fd913c-a2a8-4606-bda0-6b11e48cfd71 {"type": "generations", "generations": 1.0}
2026-09-30 07:24:59 /background-jobs/d2b80839-e662-4a6e-b789-71ae723bf1cd {"type": "usd", "usd": 0.0}
2026-09-30 07:25:05 /background-jobs/d2b80839-e662-4a6e-b789-71ae723bf1cd {"type": "usd", "usd": 0.0}
2026-09-30 07:25:10 /background-jobs/d2b80839-e662-4a6e-b789-71ae723bf1cd {"type": "usd", "usd": 0.0}
2026-09-30 07:25:16 /background-jobs/d2b80839-e662-4a6e-b789-71ae723bf1cd {"type": "usd", "usd": 0.0}
2026-09-30 07:25:21 /background-jobs/d2b80839-e662-4a6e-b789-71ae723bf1cd {"type": "usd", "usd": 0.0}
2026-09-30 07:25:27 /background-jobs/d2b80839-e662-4a6e-b789-71ae723bf1cd {"type": "generations", "generations": 1.0}
2026-09-30 07:39:33 /background-jobs/4cb9e018-65b5-4d6c-bbb2-d1eb26d208ae {"type": "usd", "usd": 0.0}
2026-09-30 07:39:39 /background-jobs/4cb9e018-65b5-4d6c-bbb2-d1eb26d208ae {"type": "usd", "usd": 0.0}
2026-09-30 07:39:45 /background-jobs/4cb9e018-65b5-4d6c-bbb2-d1eb26d208ae {"type": "usd", "usd": 0.0}
2026-09-30 07:39:50 /background-jobs/4cb9e018-65b5-4d6c-bbb2-d1eb26d208ae {"type": "usd", "usd": 0.0}
2026-09-30 07:39:56 /background-jobs/4cb9e018-65b5-4d6c-bbb2-d1eb26d208ae {"type": "usd", "usd": 0.0}
2026-09-30 07:40:02 /background-jobs/4cb9e018-65b5-4d6c-bbb2-d1eb26d208ae {"type": "usd", "usd": 0.0}
2026-09-30 07:40:07 /background-jobs/4cb9e018-65b5-4d6c-bbb2-d1eb26d208ae {"type": "usd", "usd": 0.0}
2026-09-30 07:40:13 /background-jobs/4cb9e018-65b5-4d6c-bbb2-d1eb26d208ae {"type": "usd", "usd": 0.0}
2026-09-30 07:40:19 /background-jobs/4cb9e018-65b5-4d6c-bbb2-d1eb26d208ae {"type": "usd", "usd": 0.0}
2026-09-30 07:40:24 /background-jobs/4cb9e018-65b5-4d6c-bbb2-d1eb26d208ae {"type": "usd", "usd": 0.0}
2026-09-30 07:40:30 /background-jobs/4cb9e018-65b5-4d6c-bbb2-d1eb26d208ae {"type": "usd", "usd": 0.0}
2026-09-30 07:40:36 /background-jobs/4cb9e018-65b5-4d6c-bbb2-d1eb26d208ae {"type": "generations", "generations": 1.0}
2026-09-30 07:40:36 /background-jobs/f6518a51-96e3-49c7-9724-01b8a5252540 {"type": "usd", "usd": 0.0}
2026-09-30 07:40:42 /background-jobs/f6518a51-96e3-49c7-9724-01b8a5252540 {"type": "usd", "usd": 0.0}
2026-09-30 07:40:48 /background-jobs/f6518a51-96e3-49c7-9724-01b8a5252540 {"type": "usd", "usd": 0.0}
2026-09-30 07:40:53 /background-jobs/f6518a51-96e3-49c7-9724-01b8a5252540 {"type": "usd", "usd": 0.0}
2026-09-30 07:40:59 /background-jobs/f6518a51-96e3-49c7-9724-01b8a5252540 {"type": "usd", "usd": 0.0}
2026-09-30 07:41:05 /background-jobs/f6518a51-96e3-49c7-9724-01b8a5252540 {"type": "usd", "usd": 0.0}
2026-09-30 07:41:11 /background-jobs/f6518a51-96e3-49c7-9724-01b8a5252540 {"type": "usd", "usd": 0.0}
2026-09-30 07:41:16 /background-jobs/f6518a51-96e3-49c7-9724-01b8a5252540 {"type": "usd", "usd": 0.0}
2026-09-30 07:41:22 /background-jobs/f6518a51-96e3-49c7-9724-01b8a5252540 {"type": "usd", "usd": 0.0}
2026-09-30 07:41:28 /background-jobs/f6518a51-96e3-49c7-9724-01b8a5252540 {"type": "usd", "usd": 0.0}
2026-09-30 07:41:35 /background-jobs/f6518a51-96e3-49c7-9724-01b8a5252540 {"type": "usd", "usd": 0.0}
2026-09-30 07:41:41 /background-jobs/f6518a51-96e3-49c7-9724-01b8a5252540 {"type": "usd", "usd": 0.0}
2026-09-30 07:41:46 /background-jobs/f6518a51-96e3-49c7-9724-01b8a5252540 {"type": "usd", "usd": 0.0}
2026-09-30 07:41:52 /background-jobs/f6518a51-96e3-49c7-9724-01b8a5252540 {"type": "usd", "usd": 0.0}
2026-09-30 07:41:57 /background-jobs/f6518a51-96e3-49c7-9724-01b8a5252540 {"type": "generations", "generations": 1.0}
2026-09-30 07:42:04 /background-jobs/db42b975-26a2-4e86-b3b6-8be53a951bcb {"type": "usd", "usd": 0.0}
2026-09-30 07:42:10 /background-jobs/db42b975-26a2-4e86-b3b6-8be53a951bcb {"type": "usd", "usd": 0.0}
2026-09-30 07:42:15 /background-jobs/db42b975-26a2-4e86-b3b6-8be53a951bcb {"type": "usd", "usd": 0.0}
2026-09-30 07:42:21 /background-jobs/db42b975-26a2-4e86-b3b6-8be53a951bcb {"type": "usd", "usd": 0.0}
2026-09-30 07:42:27 /background-jobs/db42b975-26a2-4e86-b3b6-8be53a951bcb {"type": "usd", "usd": 0.0}
2026-09-30 07:42:32 /background-jobs/db42b975-26a2-4e86-b3b6-8be53a951bcb {"type": "usd", "usd": 0.0}
2026-09-30 07:42:38 /background-jobs/db42b975-26a2-4e86-b3b6-8be53a951bcb {"type": "usd", "usd": 0.0}
2026-09-30 07:42:44 /background-jobs/db42b975-26a2-4e86-b3b6-8be53a951bcb {"type": "usd", "usd": 0.0}
2026-09-30 07:42:49 /background-jobs/db42b975-26a2-4e86-b3b6-8be53a951bcb {"type": "usd", "usd": 0.0}
2026-09-30 07:42:55 /background-jobs/db42b975-26a2-4e86-b3b6-8be53a951bcb {"type": "usd", "usd": 0.0}
2026-09-30 07:43:01 /background-jobs/db42b975-26a2-4e86-b3b6-8be53a951bcb {"type": "usd", "usd": 0.0}
2026-09-30 07:43:06 /background-jobs/db42b975-26a2-4e86-b3b6-8be53a951bcb {"type": "usd", "usd": 0.0}
2026-09-30 07:43:12 /background-jobs/db42b975-26a2-4e86-b3b6-8be53a951bcb {"type": "usd", "usd": 0.0}
2026-09-30 07:43:18 /background-jobs/db42b975-26a2-4e86-b3b6-8be53a951bcb {"type": "usd", "usd": 0.0}
2026-09-30 07:43:23 /background-jobs/db42b975-26a2-4e86-b3b6-8be53a951bcb {"type": "usd", "usd": 0.0}
2026-09-30 07:43:29 /background-jobs/db42b975-26a2-4e86-b3b6-8be53a951bcb {"type": "usd", "usd": 0.0}
2026-09-30 07:43:35 /background-jobs/db42b975-26a2-4e86-b3b6-8be53a951bcb {"type": "usd", "usd": 0.0}
2026-09-30 07:43:40 /background-jobs/db42b975-26a2-4e86-b3b6-8be53a951bcb {"type": "usd", "usd": 0.0}
2026-09-30 07:43:46 /background-jobs/db42b975-26a2-4e86-b3b6-8be53a951bcb {"type": "usd", "usd": 0.0}
2026-09-30 07:43:52 /background-jobs/db42b975-26a2-4e86-b3b6-8be53a951bcb {"type": "generations", "generations": 1.0}
2026-09-30 07:43:59 /background-jobs/2b1efc1b-eba3-40ad-883e-abd0ae582bce {"type": "usd", "usd": 0.0}
2026-09-30 07:44:04 /background-jobs/2b1efc1b-eba3-40ad-883e-abd0ae582bce {"type": "usd", "usd": 0.0}
2026-09-30 07:44:10 /background-jobs/2b1efc1b-eba3-40ad-883e-abd0ae582bce {"type": "usd", "usd": 0.0}
2026-09-30 07:44:16 /background-jobs/2b1efc1b-eba3-40ad-883e-abd0ae582bce {"type": "usd", "usd": 0.0}
2026-09-30 07:44:21 /background-jobs/2b1efc1b-eba3-40ad-883e-abd0ae582bce {"type": "usd", "usd": 0.0}
2026-09-30 07:44:27 /background-jobs/2b1efc1b-eba3-40ad-883e-abd0ae582bce {"type": "usd", "usd": 0.0}
2026-09-30 07:44:33 /background-jobs/2b1efc1b-eba3-40ad-883e-abd0ae582bce {"type": "usd", "usd": 0.0}
2026-09-30 07:44:38 /background-jobs/2b1efc1b-eba3-40ad-883e-abd0ae582bce {"type": "usd", "usd": 0.0}
2026-09-30 07:44:44 /background-jobs/2b1efc1b-eba3-40ad-883e-abd0ae582bce {"type": "usd", "usd": 0.0}
2026-09-30 07:44:50 /background-jobs/2b1efc1b-eba3-40ad-883e-abd0ae582bce {"type": "usd", "usd": 0.0}
2026-09-30 07:44:55 /background-jobs/2b1efc1b-eba3-40ad-883e-abd0ae582bce {"type": "usd", "usd": 0.0}
2026-09-30 07:45:01 /background-jobs/2b1efc1b-eba3-40ad-883e-abd0ae582bce {"type": "usd", "usd": 0.0}
2026-09-30 07:45:07 /background-jobs/2b1efc1b-eba3-40ad-883e-abd0ae582bce {"type": "usd", "usd": 0.0}
2026-09-30 07:45:12 /background-jobs/2b1efc1b-eba3-40ad-883e-abd0ae582bce {"type": "usd", "usd": 0.0}
2026-09-30 07:45:18 /background-jobs/2b1efc1b-eba3-40ad-883e-abd0ae582bce {"type": "usd", "usd": 0.0}
2026-09-30 07:45:24 /background-jobs/2b1efc1b-eba3-40ad-883e-abd0ae582bce {"type": "usd", "usd": 0.0}
2026-09-30 07:45:29 /background-jobs/2b1efc1b-eba3-40ad-883e-abd0ae582bce {"type": "usd", "usd": 0.0}
2026-09-30 07:45:35 /background-jobs/2b1efc1b-eba3-40ad-883e-abd0ae582bce {"type": "generations", "generations": 1.0}
2026-09-30 07:45:36 /background-jobs/8c9d37bd-3dc7-498d-890e-5d8ced0adc11 {"type": "usd", "usd": 0.0}
2026-09-30 07:45:43 /background-jobs/8c9d37bd-3dc7-498d-890e-5d8ced0adc11 {"type": "usd", "usd": 0.0}
2026-09-30 07:45:49 /background-jobs/8c9d37bd-3dc7-498d-890e-5d8ced0adc11 {"type": "usd", "usd": 0.0}
2026-09-30 07:45:54 /background-jobs/8c9d37bd-3dc7-498d-890e-5d8ced0adc11 {"type": "usd", "usd": 0.0}
2026-09-30 07:46:00 /background-jobs/8c9d37bd-3dc7-498d-890e-5d8ced0adc11 {"type": "usd", "usd": 0.0}
2026-09-30 07:46:06 /background-jobs/8c9d37bd-3dc7-498d-890e-5d8ced0adc11 {"type": "usd", "usd": 0.0}
2026-09-30 07:46:11 /background-jobs/8c9d37bd-3dc7-498d-890e-5d8ced0adc11 {"type": "usd", "usd": 0.0}
2026-09-30 07:46:17 /background-jobs/8c9d37bd-3dc7-498d-890e-5d8ced0adc11 {"type": "usd", "usd": 0.0}
2026-09-30 07:46:23 /background-jobs/8c9d37bd-3dc7-498d-890e-5d8ced0adc11 {"type": "usd", "usd": 0.0}
2026-09-30 07:46:28 /background-jobs/8c9d37bd-3dc7-498d-890e-5d8ced0adc11 {"type": "usd", "usd": 0.0}
2026-09-30 07:46:34 /background-jobs/8c9d37bd-3dc7-498d-890e-5d8ced0adc11 {"type": "usd", "usd": 0.0}
2026-09-30 07:46:40 /background-jobs/8c9d37bd-3dc7-498d-890e-5d8ced0adc11 {"type": "usd", "usd": 0.0}
2026-09-30 07:46:45 /background-jobs/8c9d37bd-3dc7-498d-890e-5d8ced0adc11 {"type": "usd", "usd": 0.0}
2026-09-30 07:46:51 /background-jobs/8c9d37bd-3dc7-498d-890e-5d8ced0adc11 {"type": "usd", "usd": 0.0}
2026-09-30 07:46:57 /background-jobs/8c9d37bd-3dc7-498d-890e-5d8ced0adc11 {"type": "usd", "usd": 0.0}
2026-09-30 07:47:03 /background-jobs/8c9d37bd-3dc7-498d-890e-5d8ced0adc11 {"type": "usd", "usd": 0.0}
2026-09-30 07:47:08 /background-jobs/8c9d37bd-3dc7-498d-890e-5d8ced0adc11 {"type": "usd", "usd": 0.0}
2026-09-30 07:47:14 /background-jobs/8c9d37bd-3dc7-498d-890e-5d8ced0adc11 {"type": "usd", "usd": 0.0}
2026-09-30 07:47:20 /background-jobs/8c9d37bd-3dc7-498d-890e-5d8ced0adc11 {"type": "usd", "usd": 0.0}
2026-09-30 07:47:25 /background-jobs/8c9d37bd-3dc7-498d-890e-5d8ced0adc11 {"type": "usd", "usd": 0.0}
2026-09-30 07:47:31 /background-jobs/8c9d37bd-3dc7-498d-890e-5d8ced0adc11 {"type": "usd", "usd": 0.0}
2026-09-30 07:47:37 /background-jobs/8c9d37bd-3dc7-498d-890e-5d8ced0adc11 {"type": "usd", "usd": 0.0}
2026-09-30 07:47:42 /background-jobs/8c9d37bd-3dc7-498d-890e-5d8ced0adc11 {"type": "usd", "usd": 0.0}
2026-09-30 07:47:48 /background-jobs/8c9d37bd-3dc7-498d-890e-5d8ced0adc11 {"type": "usd", "usd": 0.0}
2026-09-30 07:47:54 /background-jobs/8c9d37bd-3dc7-498d-890e-5d8ced0adc11 {"type": "usd", "usd": 0.0}
2026-09-30 07:47:59 /background-jobs/8c9d37bd-3dc7-498d-890e-5d8ced0adc11 {"type": "usd", "usd": 0.0}
2026-09-30 07:48:05 /background-jobs/8c9d37bd-3dc7-498d-890e-5d8ced0adc11 {"type": "generations", "generations": 1.0}
2026-09-30 07:48:11 /background-jobs/8c9d37bd-3dc7-498d-890e-5d8ced0adc11 {"type": "generations", "generations": 1.0}
2026-09-30 09:29:53 /background-jobs/badc40cc-1c80-414e-b1ca-ae9600b94a29 {"type": "usd", "usd": 0.0}
2026-09-30 09:29:55 /background-jobs/70431161-e4d0-45d8-afef-776dce3f8d5f {"type": "usd", "usd": 0.0}
2026-09-30 09:29:58 /background-jobs/badc40cc-1c80-414e-b1ca-ae9600b94a29 {"type": "usd", "usd": 0.0}
2026-09-30 09:29:59 /background-jobs/e92bbd54-8971-4a4a-9300-5ecb3442f0a6 {"type": "usd", "usd": 0.0}
2026-09-30 09:30:02 /background-jobs/70431161-e4d0-45d8-afef-776dce3f8d5f {"type": "usd", "usd": 0.0}
2026-09-30 09:30:05 /background-jobs/badc40cc-1c80-414e-b1ca-ae9600b94a29 {"type": "usd", "usd": 0.0}
2026-09-30 09:30:05 /background-jobs/e92bbd54-8971-4a4a-9300-5ecb3442f0a6 {"type": "usd", "usd": 0.0}
2026-09-30 09:30:08 /background-jobs/70431161-e4d0-45d8-afef-776dce3f8d5f {"type": "usd", "usd": 0.0}
2026-09-30 09:30:12 /background-jobs/badc40cc-1c80-414e-b1ca-ae9600b94a29 {"type": "usd", "usd": 0.0}
2026-09-30 09:30:14 /background-jobs/e92bbd54-8971-4a4a-9300-5ecb3442f0a6 {"type": "usd", "usd": 0.0}
2026-09-30 09:30:14 /background-jobs/70431161-e4d0-45d8-afef-776dce3f8d5f {"type": "usd", "usd": 0.0}
2026-09-30 09:30:19 /background-jobs/e92bbd54-8971-4a4a-9300-5ecb3442f0a6 {"type": "usd", "usd": 0.0}
2026-09-30 09:30:20 /background-jobs/badc40cc-1c80-414e-b1ca-ae9600b94a29 {"type": "usd", "usd": 0.0}
2026-09-30 09:30:20 /background-jobs/70431161-e4d0-45d8-afef-776dce3f8d5f {"type": "usd", "usd": 0.0}
2026-09-30 09:30:25 /background-jobs/e92bbd54-8971-4a4a-9300-5ecb3442f0a6 {"type": "usd", "usd": 0.0}
2026-09-30 09:30:25 /background-jobs/badc40cc-1c80-414e-b1ca-ae9600b94a29 {"type": "usd", "usd": 0.0}
2026-09-30 09:30:26 /background-jobs/70431161-e4d0-45d8-afef-776dce3f8d5f {"type": "usd", "usd": 0.0}
2026-09-30 09:30:31 /background-jobs/badc40cc-1c80-414e-b1ca-ae9600b94a29 {"type": "usd", "usd": 0.0}
2026-09-30 09:30:31 /background-jobs/70431161-e4d0-45d8-afef-776dce3f8d5f {"type": "usd", "usd": 0.0}
2026-09-30 09:30:33 /background-jobs/e92bbd54-8971-4a4a-9300-5ecb3442f0a6 {"type": "usd", "usd": 0.0}
2026-09-30 09:30:37 /background-jobs/badc40cc-1c80-414e-b1ca-ae9600b94a29 {"type": "usd", "usd": 0.0}
2026-09-30 09:30:37 /background-jobs/70431161-e4d0-45d8-afef-776dce3f8d5f {"type": "generations", "generations": 1.0}
2026-09-30 09:30:38 /background-jobs/e92bbd54-8971-4a4a-9300-5ecb3442f0a6 {"type": "usd", "usd": 0.0}
2026-09-30 09:30:43 /background-jobs/badc40cc-1c80-414e-b1ca-ae9600b94a29 {"type": "generations", "generations": 1.0}
2026-09-30 09:30:44 /background-jobs/e92bbd54-8971-4a4a-9300-5ecb3442f0a6 {"type": "usd", "usd": 0.0}
2026-09-30 09:30:50 /background-jobs/e92bbd54-8971-4a4a-9300-5ecb3442f0a6 {"type": "usd", "usd": 0.0}
2026-09-30 09:30:56 /background-jobs/e92bbd54-8971-4a4a-9300-5ecb3442f0a6 {"type": "usd", "usd": 0.0}
2026-09-30 09:31:02 /background-jobs/e92bbd54-8971-4a4a-9300-5ecb3442f0a6 {"type": "usd", "usd": 0.0}
2026-09-30 09:31:07 /background-jobs/e92bbd54-8971-4a4a-9300-5ecb3442f0a6 {"type": "usd", "usd": 0.0}
2026-09-30 09:31:13 /background-jobs/e92bbd54-8971-4a4a-9300-5ecb3442f0a6 {"type": "usd", "usd": 0.0}
2026-09-30 09:31:20 /background-jobs/e92bbd54-8971-4a4a-9300-5ecb3442f0a6 {"type": "usd", "usd": 0.0}
2026-09-30 09:31:26 /background-jobs/e92bbd54-8971-4a4a-9300-5ecb3442f0a6 {"type": "usd", "usd": 0.0}
2026-09-30 09:31:31 /background-jobs/e92bbd54-8971-4a4a-9300-5ecb3442f0a6 {"type": "usd", "usd": 0.0}
2026-09-30 09:31:37 /background-jobs/e92bbd54-8971-4a4a-9300-5ecb3442f0a6 {"type": "usd", "usd": 0.0}
2026-09-30 09:31:43 /background-jobs/e92bbd54-8971-4a4a-9300-5ecb3442f0a6 {"type": "generations", "generations": 1.0}
2026-09-30 09:31:49 /background-jobs/e92bbd54-8971-4a4a-9300-5ecb3442f0a6 {"type": "generations", "generations": 1.0}
2026-09-30 09:32:35 /background-jobs/7e58e519-abfa-4a7a-b03f-6c8028b74f5b {"type": "usd", "usd": 0.0}
2026-09-30 09:32:35 /background-jobs/9c57a19b-5518-4634-98f3-d20643656db1 {"type": "usd", "usd": 0.0}
2026-09-30 09:32:36 /background-jobs/150bfd6b-aaf3-4976-aeb1-43cd067705dd {"type": "usd", "usd": 0.0}
2026-09-30 09:32:41 /background-jobs/9c57a19b-5518-4634-98f3-d20643656db1 {"type": "usd", "usd": 0.0}
2026-09-30 09:32:41 /background-jobs/7e58e519-abfa-4a7a-b03f-6c8028b74f5b {"type": "usd", "usd": 0.0}
2026-09-30 09:32:41 /background-jobs/150bfd6b-aaf3-4976-aeb1-43cd067705dd {"type": "usd", "usd": 0.0}
2026-09-30 09:32:46 /background-jobs/9c57a19b-5518-4634-98f3-d20643656db1 {"type": "usd", "usd": 0.0}
2026-09-30 09:32:46 /background-jobs/7e58e519-abfa-4a7a-b03f-6c8028b74f5b {"type": "usd", "usd": 0.0}
2026-09-30 09:32:47 /background-jobs/150bfd6b-aaf3-4976-aeb1-43cd067705dd {"type": "usd", "usd": 0.0}
2026-09-30 09:32:52 /background-jobs/9c57a19b-5518-4634-98f3-d20643656db1 {"type": "usd", "usd": 0.0}
2026-09-30 09:32:52 /background-jobs/7e58e519-abfa-4a7a-b03f-6c8028b74f5b {"type": "usd", "usd": 0.0}
2026-09-30 09:32:53 /background-jobs/150bfd6b-aaf3-4976-aeb1-43cd067705dd {"type": "usd", "usd": 0.0}
2026-09-30 09:32:58 /background-jobs/9c57a19b-5518-4634-98f3-d20643656db1 {"type": "usd", "usd": 0.0}
2026-09-30 09:32:58 /background-jobs/7e58e519-abfa-4a7a-b03f-6c8028b74f5b {"type": "usd", "usd": 0.0}
2026-09-30 09:32:58 /background-jobs/150bfd6b-aaf3-4976-aeb1-43cd067705dd {"type": "usd", "usd": 0.0}
2026-09-30 09:33:03 /background-jobs/9c57a19b-5518-4634-98f3-d20643656db1 {"type": "usd", "usd": 0.0}
2026-09-30 09:33:03 /background-jobs/7e58e519-abfa-4a7a-b03f-6c8028b74f5b {"type": "usd", "usd": 0.0}
2026-09-30 09:33:04 /background-jobs/150bfd6b-aaf3-4976-aeb1-43cd067705dd {"type": "usd", "usd": 0.0}
2026-09-30 09:33:09 /background-jobs/9c57a19b-5518-4634-98f3-d20643656db1 {"type": "usd", "usd": 0.0}
2026-09-30 09:33:09 /background-jobs/7e58e519-abfa-4a7a-b03f-6c8028b74f5b {"type": "usd", "usd": 0.0}
2026-09-30 09:33:10 /background-jobs/150bfd6b-aaf3-4976-aeb1-43cd067705dd {"type": "usd", "usd": 0.0}
2026-09-30 09:33:15 /background-jobs/9c57a19b-5518-4634-98f3-d20643656db1 {"type": "usd", "usd": 0.0}
2026-09-30 09:33:15 /background-jobs/7e58e519-abfa-4a7a-b03f-6c8028b74f5b {"type": "generations", "generations": 1.0}
2026-09-30 09:33:22 /background-jobs/150bfd6b-aaf3-4976-aeb1-43cd067705dd {"type": "generations", "generations": 1.0}
2026-09-30 09:33:24 /background-jobs/9c57a19b-5518-4634-98f3-d20643656db1 {"type": "usd", "usd": 0.0}
2026-09-30 09:33:32 /background-jobs/9c57a19b-5518-4634-98f3-d20643656db1 {"type": "generations", "generations": 1.0}
2026-09-30 09:33:38 /background-jobs/9c57a19b-5518-4634-98f3-d20643656db1 {"type": "generations", "generations": 1.0}
2026-09-30 09:34:34 /background-jobs/0a6ae046-fde5-401d-8bb9-a1fc246c8896 {"type": "usd", "usd": 0.0}
2026-09-30 09:34:40 /background-jobs/0a6ae046-fde5-401d-8bb9-a1fc246c8896 {"type": "usd", "usd": 0.0}
2026-09-30 09:34:45 /background-jobs/0a6ae046-fde5-401d-8bb9-a1fc246c8896 {"type": "usd", "usd": 0.0}
2026-09-30 09:34:51 /background-jobs/0a6ae046-fde5-401d-8bb9-a1fc246c8896 {"type": "usd", "usd": 0.0}
2026-09-30 09:34:57 /background-jobs/0a6ae046-fde5-401d-8bb9-a1fc246c8896 {"type": "usd", "usd": 0.0}
2026-09-30 09:35:02 /background-jobs/0a6ae046-fde5-401d-8bb9-a1fc246c8896 {"type": "usd", "usd": 0.0}
2026-09-30 09:35:08 /background-jobs/0a6ae046-fde5-401d-8bb9-a1fc246c8896 {"type": "usd", "usd": 0.0}
2026-09-30 09:35:14 /background-jobs/0a6ae046-fde5-401d-8bb9-a1fc246c8896 {"type": "usd", "usd": 0.0}
2026-09-30 09:35:19 /background-jobs/0a6ae046-fde5-401d-8bb9-a1fc246c8896 {"type": "usd", "usd": 0.0}
2026-09-30 09:35:25 /background-jobs/0a6ae046-fde5-401d-8bb9-a1fc246c8896 {"type": "usd", "usd": 0.0}
2026-09-30 09:35:31 /background-jobs/0a6ae046-fde5-401d-8bb9-a1fc246c8896 {"type": "usd", "usd": 0.0}
2026-09-30 09:35:36 /background-jobs/0a6ae046-fde5-401d-8bb9-a1fc246c8896 {"type": "usd", "usd": 0.0}
2026-09-30 09:35:42 /background-jobs/0a6ae046-fde5-401d-8bb9-a1fc246c8896 {"type": "usd", "usd": 0.0}
2026-09-30 09:35:48 /background-jobs/0a6ae046-fde5-401d-8bb9-a1fc246c8896 {"type": "usd", "usd": 0.0}
2026-09-30 09:35:53 /background-jobs/0a6ae046-fde5-401d-8bb9-a1fc246c8896 {"type": "usd", "usd": 0.0}
2026-09-30 09:35:59 /background-jobs/0a6ae046-fde5-401d-8bb9-a1fc246c8896 {"type": "usd", "usd": 0.0}
2026-09-30 09:36:05 /background-jobs/0a6ae046-fde5-401d-8bb9-a1fc246c8896 {"type": "usd", "usd": 0.0}
2026-09-30 09:36:11 /background-jobs/0a6ae046-fde5-401d-8bb9-a1fc246c8896 {"type": "usd", "usd": 0.0}
2026-09-30 09:36:18 /background-jobs/0a6ae046-fde5-401d-8bb9-a1fc246c8896 {"type": "usd", "usd": 0.0}
2026-09-30 09:36:23 /background-jobs/0a6ae046-fde5-401d-8bb9-a1fc246c8896 {"type": "usd", "usd": 0.0}
2026-09-30 09:36:29 /background-jobs/0a6ae046-fde5-401d-8bb9-a1fc246c8896 {"type": "usd", "usd": 0.0}
2026-09-30 09:36:35 /background-jobs/0a6ae046-fde5-401d-8bb9-a1fc246c8896 {"type": "usd", "usd": 0.0}
2026-09-30 09:36:41 /background-jobs/0a6ae046-fde5-401d-8bb9-a1fc246c8896 {"type": "usd", "usd": 0.0}
2026-09-30 09:36:46 /background-jobs/0a6ae046-fde5-401d-8bb9-a1fc246c8896 {"type": "usd", "usd": 0.0}
2026-09-30 09:36:52 /background-jobs/0a6ae046-fde5-401d-8bb9-a1fc246c8896 {"type": "usd", "usd": 0.0}
2026-09-30 09:36:58 /background-jobs/0a6ae046-fde5-401d-8bb9-a1fc246c8896 {"type": "usd", "usd": 0.0}
2026-09-30 09:37:03 /background-jobs/0a6ae046-fde5-401d-8bb9-a1fc246c8896 {"type": "usd", "usd": 0.0}
2026-09-30 09:37:10 /background-jobs/0a6ae046-fde5-401d-8bb9-a1fc246c8896 {"type": "usd", "usd": 0.0}
2026-09-30 09:37:16 /background-jobs/0a6ae046-fde5-401d-8bb9-a1fc246c8896 {"type": "usd", "usd": 0.0}
2026-09-30 09:37:21 /background-jobs/0a6ae046-fde5-401d-8bb9-a1fc246c8896 {"type": "usd", "usd": 0.0}
2026-09-30 09:37:27 /background-jobs/0a6ae046-fde5-401d-8bb9-a1fc246c8896 {"type": "usd", "usd": 0.0}
2026-09-30 09:37:33 /background-jobs/0a6ae046-fde5-401d-8bb9-a1fc246c8896 {"type": "usd", "usd": 0.0}
2026-09-30 09:37:40 /background-jobs/0a6ae046-fde5-401d-8bb9-a1fc246c8896 {"type": "usd", "usd": 0.0}
2026-09-30 09:37:46 /background-jobs/0a6ae046-fde5-401d-8bb9-a1fc246c8896 {"type": "usd", "usd": 0.0}
2026-09-30 09:37:51 /background-jobs/0a6ae046-fde5-401d-8bb9-a1fc246c8896 {"type": "usd", "usd": 0.0}
2026-09-30 09:37:57 /background-jobs/0a6ae046-fde5-401d-8bb9-a1fc246c8896 {"type": "generations", "generations": 1.0}
2026-09-30 09:37:58 /background-jobs/c963ac0b-1213-46d7-829c-6f1d935a3270 {"type": "usd", "usd": 0.0}
2026-09-30 09:38:04 /background-jobs/c963ac0b-1213-46d7-829c-6f1d935a3270 {"type": "usd", "usd": 0.0}
2026-09-30 09:38:09 /background-jobs/c963ac0b-1213-46d7-829c-6f1d935a3270 {"type": "usd", "usd": 0.0}
2026-09-30 09:38:15 /background-jobs/c963ac0b-1213-46d7-829c-6f1d935a3270 {"type": "usd", "usd": 0.0}
2026-09-30 09:38:21 /background-jobs/c963ac0b-1213-46d7-829c-6f1d935a3270 {"type": "usd", "usd": 0.0}
2026-09-30 09:38:26 /background-jobs/c963ac0b-1213-46d7-829c-6f1d935a3270 {"type": "usd", "usd": 0.0}
2026-09-30 09:38:31 /background-jobs/2790afdf-beb6-48bd-9e80-3beb816cf2ba {"type": "usd", "usd": 0.0}
2026-09-30 09:38:32 /background-jobs/c963ac0b-1213-46d7-829c-6f1d935a3270 {"type": "usd", "usd": 0.0}
2026-09-30 09:38:37 /background-jobs/2790afdf-beb6-48bd-9e80-3beb816cf2ba {"type": "usd", "usd": 0.0}
2026-09-30 09:38:38 /background-jobs/c963ac0b-1213-46d7-829c-6f1d935a3270 {"type": "usd", "usd": 0.0}
2026-09-30 09:38:45 /background-jobs/2790afdf-beb6-48bd-9e80-3beb816cf2ba {"type": "usd", "usd": 0.0}
2026-09-30 09:38:46 /background-jobs/c963ac0b-1213-46d7-829c-6f1d935a3270 {"type": "usd", "usd": 0.0}
2026-09-30 09:38:50 /background-jobs/2790afdf-beb6-48bd-9e80-3beb816cf2ba {"type": "usd", "usd": 0.0}
2026-09-30 09:38:52 /background-jobs/c963ac0b-1213-46d7-829c-6f1d935a3270 {"type": "usd", "usd": 0.0}
2026-09-30 09:38:56 /background-jobs/2790afdf-beb6-48bd-9e80-3beb816cf2ba {"type": "usd", "usd": 0.0}
2026-09-30 09:38:58 /background-jobs/c963ac0b-1213-46d7-829c-6f1d935a3270 {"type": "usd", "usd": 0.0}
2026-09-30 09:39:02 /background-jobs/2790afdf-beb6-48bd-9e80-3beb816cf2ba {"type": "usd", "usd": 0.0}
2026-09-30 09:39:04 /background-jobs/c963ac0b-1213-46d7-829c-6f1d935a3270 {"type": "usd", "usd": 0.0}
2026-09-30 09:39:09 /background-jobs/2790afdf-beb6-48bd-9e80-3beb816cf2ba {"type": "generations", "generations": 1.0}
2026-09-30 09:39:10 /background-jobs/c963ac0b-1213-46d7-829c-6f1d935a3270 {"type": "usd", "usd": 0.0}
2026-09-30 09:39:12 /background-jobs/2d736a89-3681-4069-9aa3-4b977d84cae9 {"type": "usd", "usd": 0.0}
2026-09-30 09:39:16 /background-jobs/c963ac0b-1213-46d7-829c-6f1d935a3270 {"type": "usd", "usd": 0.0}
2026-09-30 09:39:17 /background-jobs/2d736a89-3681-4069-9aa3-4b977d84cae9 {"type": "usd", "usd": 0.0}
2026-09-30 09:39:21 /background-jobs/c963ac0b-1213-46d7-829c-6f1d935a3270 {"type": "usd", "usd": 0.0}
2026-09-30 09:39:23 /background-jobs/2d736a89-3681-4069-9aa3-4b977d84cae9 {"type": "usd", "usd": 0.0}
2026-09-30 09:39:27 /background-jobs/c963ac0b-1213-46d7-829c-6f1d935a3270 {"type": "usd", "usd": 0.0}
2026-09-30 09:39:29 /background-jobs/2d736a89-3681-4069-9aa3-4b977d84cae9 {"type": "generations", "generations": 1.0}
2026-09-30 09:39:33 /background-jobs/c963ac0b-1213-46d7-829c-6f1d935a3270 {"type": "usd", "usd": 0.0}
2026-09-30 09:39:38 /background-jobs/c963ac0b-1213-46d7-829c-6f1d935a3270 {"type": "usd", "usd": 0.0}
2026-09-30 09:39:44 /background-jobs/c963ac0b-1213-46d7-829c-6f1d935a3270 {"type": "usd", "usd": 0.0}
2026-09-30 09:39:50 /background-jobs/c963ac0b-1213-46d7-829c-6f1d935a3270 {"type": "usd", "usd": 0.0}
2026-09-30 09:39:57 /background-jobs/c963ac0b-1213-46d7-829c-6f1d935a3270 {"type": "usd", "usd": 0.0}
2026-09-30 09:40:03 /background-jobs/c963ac0b-1213-46d7-829c-6f1d935a3270 {"type": "usd", "usd": 0.0}
2026-09-30 09:40:09 /background-jobs/c963ac0b-1213-46d7-829c-6f1d935a3270 {"type": "usd", "usd": 0.0}
2026-09-30 09:40:15 /background-jobs/c963ac0b-1213-46d7-829c-6f1d935a3270 {"type": "usd", "usd": 0.0}
2026-09-30 09:40:20 /background-jobs/c963ac0b-1213-46d7-829c-6f1d935a3270 {"type": "usd", "usd": 0.0}
2026-09-30 09:40:26 /background-jobs/c963ac0b-1213-46d7-829c-6f1d935a3270 {"type": "usd", "usd": 0.0}
2026-09-30 09:40:32 /background-jobs/c963ac0b-1213-46d7-829c-6f1d935a3270 {"type": "generations", "generations": 1.0}
2026-09-30 09:40:32 /background-jobs/6c625b6d-bcb0-4d7a-9f28-efe32ae751d7 {"type": "usd", "usd": 0.0}
2026-09-30 09:40:38 /background-jobs/6c625b6d-bcb0-4d7a-9f28-efe32ae751d7 {"type": "usd", "usd": 0.0}
2026-09-30 09:40:44 /background-jobs/6c625b6d-bcb0-4d7a-9f28-efe32ae751d7 {"type": "usd", "usd": 0.0}
2026-09-30 09:40:49 /background-jobs/6c625b6d-bcb0-4d7a-9f28-efe32ae751d7 {"type": "usd", "usd": 0.0}
2026-09-30 09:40:58 /background-jobs/6c625b6d-bcb0-4d7a-9f28-efe32ae751d7 {"type": "usd", "usd": 0.0}
2026-09-30 09:41:04 /background-jobs/6c625b6d-bcb0-4d7a-9f28-efe32ae751d7 {"type": "usd", "usd": 0.0}
2026-09-30 09:41:10 /background-jobs/6c625b6d-bcb0-4d7a-9f28-efe32ae751d7 {"type": "usd", "usd": 0.0}
2026-09-30 09:41:15 /background-jobs/6c625b6d-bcb0-4d7a-9f28-efe32ae751d7 {"type": "usd", "usd": 0.0}
2026-09-30 09:41:21 /background-jobs/6c625b6d-bcb0-4d7a-9f28-efe32ae751d7 {"type": "usd", "usd": 0.0}
2026-09-30 09:41:27 /background-jobs/6c625b6d-bcb0-4d7a-9f28-efe32ae751d7 {"type": "usd", "usd": 0.0}
2026-09-30 09:41:33 /background-jobs/6c625b6d-bcb0-4d7a-9f28-efe32ae751d7 {"type": "usd", "usd": 0.0}
2026-09-30 09:41:39 /background-jobs/6c625b6d-bcb0-4d7a-9f28-efe32ae751d7 {"type": "usd", "usd": 0.0}
2026-09-30 09:41:45 /background-jobs/6c625b6d-bcb0-4d7a-9f28-efe32ae751d7 {"type": "usd", "usd": 0.0}
2026-09-30 09:41:51 /background-jobs/6c625b6d-bcb0-4d7a-9f28-efe32ae751d7 {"type": "usd", "usd": 0.0}
2026-09-30 09:41:56 /background-jobs/6c625b6d-bcb0-4d7a-9f28-efe32ae751d7 {"type": "usd", "usd": 0.0}
2026-09-30 09:42:02 /background-jobs/6c625b6d-bcb0-4d7a-9f28-efe32ae751d7 {"type": "usd", "usd": 0.0}
2026-09-30 09:42:08 /background-jobs/6c625b6d-bcb0-4d7a-9f28-efe32ae751d7 {"type": "generations", "generations": 1.0}
2026-09-30 09:43:51 /background-jobs/06fa75c1-baf5-4ec2-9855-95629b722757 {"type": "usd", "usd": 0.0}
2026-09-30 09:43:57 /background-jobs/06fa75c1-baf5-4ec2-9855-95629b722757 {"type": "usd", "usd": 0.0}
2026-09-30 09:44:03 /background-jobs/06fa75c1-baf5-4ec2-9855-95629b722757 {"type": "usd", "usd": 0.0}
2026-09-30 09:44:08 /background-jobs/06fa75c1-baf5-4ec2-9855-95629b722757 {"type": "usd", "usd": 0.0}
2026-09-30 09:44:14 /background-jobs/06fa75c1-baf5-4ec2-9855-95629b722757 {"type": "usd", "usd": 0.0}
2026-09-30 09:44:21 /background-jobs/06fa75c1-baf5-4ec2-9855-95629b722757 {"type": "usd", "usd": 0.0}
2026-09-30 09:44:26 /background-jobs/06fa75c1-baf5-4ec2-9855-95629b722757 {"type": "usd", "usd": 0.0}
2026-09-30 09:44:32 /background-jobs/06fa75c1-baf5-4ec2-9855-95629b722757 {"type": "usd", "usd": 0.0}
2026-09-30 09:44:38 /background-jobs/06fa75c1-baf5-4ec2-9855-95629b722757 {"type": "usd", "usd": 0.0}
2026-09-30 09:44:44 /background-jobs/06fa75c1-baf5-4ec2-9855-95629b722757 {"type": "usd", "usd": 0.0}
2026-09-30 09:44:49 /background-jobs/06fa75c1-baf5-4ec2-9855-95629b722757 {"type": "usd", "usd": 0.0}
2026-09-30 09:44:56 /background-jobs/06fa75c1-baf5-4ec2-9855-95629b722757 {"type": "usd", "usd": 0.0}
2026-09-30 09:45:02 /background-jobs/06fa75c1-baf5-4ec2-9855-95629b722757 {"type": "usd", "usd": 0.0}
2026-09-30 09:45:07 /background-jobs/06fa75c1-baf5-4ec2-9855-95629b722757 {"type": "usd", "usd": 0.0}
2026-09-30 09:45:13 /background-jobs/06fa75c1-baf5-4ec2-9855-95629b722757 {"type": "usd", "usd": 0.0}
2026-09-30 09:45:20 /background-jobs/06fa75c1-baf5-4ec2-9855-95629b722757 {"type": "usd", "usd": 0.0}
2026-09-30 09:45:27 /background-jobs/06fa75c1-baf5-4ec2-9855-95629b722757 {"type": "usd", "usd": 0.0}
2026-09-30 09:45:32 /background-jobs/06fa75c1-baf5-4ec2-9855-95629b722757 {"type": "usd", "usd": 0.0}
2026-09-30 09:45:38 /background-jobs/06fa75c1-baf5-4ec2-9855-95629b722757 {"type": "usd", "usd": 0.0}
2026-09-30 09:45:44 /background-jobs/06fa75c1-baf5-4ec2-9855-95629b722757 {"type": "usd", "usd": 0.0}
2026-09-30 09:45:49 /background-jobs/06fa75c1-baf5-4ec2-9855-95629b722757 {"type": "usd", "usd": 0.0}
2026-09-30 09:45:55 /background-jobs/06fa75c1-baf5-4ec2-9855-95629b722757 {"type": "usd", "usd": 0.0}
2026-09-30 09:46:01 /background-jobs/06fa75c1-baf5-4ec2-9855-95629b722757 {"type": "generations", "generations": 1.0}
2026-09-30 09:47:42 /background-jobs/6ffbd91a-4b25-4841-aabd-2f7e2b2cd778 {"type": "usd", "usd": 0.0}
2026-09-30 09:47:42 /background-jobs/1b589dfd-2502-40ab-81c8-3f8eaeeafc4b {"type": "usd", "usd": 0.0}
2026-09-30 09:47:42 /background-jobs/e3f31eb8-3251-49e8-b61e-a01d6d6850d4 {"type": "usd", "usd": 0.0}
2026-09-30 09:47:42 /background-jobs/4fd25773-9e98-42e5-aaf5-e395fc00a581 {"type": "usd", "usd": 0.0}
2026-09-30 09:47:42 /background-jobs/7bbba1e5-974f-4d22-a8c9-e6aa3af3e26b {"type": "usd", "usd": 0.0}
2026-09-30 09:47:42 /background-jobs/37def07a-7c88-48fe-85bd-96ca4c74ed92 {"type": "usd", "usd": 0.0}
2026-09-30 09:47:42 /background-jobs/b4411c74-39b2-4e26-ae65-5a46278329b1 {"type": "usd", "usd": 0.0}
2026-09-30 09:47:43 /background-jobs/a15ccfcd-7500-4b26-9c09-07b8e981e5bb {"type": "usd", "usd": 0.0}
2026-09-30 09:47:48 /background-jobs/6ffbd91a-4b25-4841-aabd-2f7e2b2cd778 {"type": "usd", "usd": 0.0}
2026-09-30 09:47:48 /background-jobs/1b589dfd-2502-40ab-81c8-3f8eaeeafc4b {"type": "usd", "usd": 0.0}
2026-09-30 09:47:48 /background-jobs/e3f31eb8-3251-49e8-b61e-a01d6d6850d4 {"type": "usd", "usd": 0.0}
2026-09-30 09:47:48 /background-jobs/4fd25773-9e98-42e5-aaf5-e395fc00a581 {"type": "usd", "usd": 0.0}
2026-09-30 09:47:48 /background-jobs/7bbba1e5-974f-4d22-a8c9-e6aa3af3e26b {"type": "usd", "usd": 0.0}
2026-09-30 09:47:48 /background-jobs/37def07a-7c88-48fe-85bd-96ca4c74ed92 {"type": "usd", "usd": 0.0}
2026-09-30 09:47:48 /background-jobs/b4411c74-39b2-4e26-ae65-5a46278329b1 {"type": "usd", "usd": 0.0}
2026-09-30 09:47:48 /background-jobs/a15ccfcd-7500-4b26-9c09-07b8e981e5bb {"type": "usd", "usd": 0.0}
2026-09-30 09:47:53 /background-jobs/e3f31eb8-3251-49e8-b61e-a01d6d6850d4 {"type": "usd", "usd": 0.0}
2026-09-30 09:47:53 /background-jobs/6ffbd91a-4b25-4841-aabd-2f7e2b2cd778 {"type": "usd", "usd": 0.0}
2026-09-30 09:47:53 /background-jobs/4fd25773-9e98-42e5-aaf5-e395fc00a581 {"type": "usd", "usd": 0.0}
2026-09-30 09:47:53 /background-jobs/7bbba1e5-974f-4d22-a8c9-e6aa3af3e26b {"type": "usd", "usd": 0.0}
2026-09-30 09:47:53 /background-jobs/1b589dfd-2502-40ab-81c8-3f8eaeeafc4b {"type": "usd", "usd": 0.0}
2026-09-30 09:47:54 /background-jobs/b4411c74-39b2-4e26-ae65-5a46278329b1 {"type": "usd", "usd": 0.0}
2026-09-30 09:47:54 /background-jobs/a15ccfcd-7500-4b26-9c09-07b8e981e5bb {"type": "usd", "usd": 0.0}
2026-09-30 09:47:55 /background-jobs/37def07a-7c88-48fe-85bd-96ca4c74ed92 {"type": "usd", "usd": 0.0}
2026-09-30 09:47:59 /background-jobs/e3f31eb8-3251-49e8-b61e-a01d6d6850d4 {"type": "usd", "usd": 0.0}
2026-09-30 09:47:59 /background-jobs/7bbba1e5-974f-4d22-a8c9-e6aa3af3e26b {"type": "usd", "usd": 0.0}
2026-09-30 09:47:59 /background-jobs/6ffbd91a-4b25-4841-aabd-2f7e2b2cd778 {"type": "usd", "usd": 0.0}
2026-09-30 09:47:59 /background-jobs/b4411c74-39b2-4e26-ae65-5a46278329b1 {"type": "usd", "usd": 0.0}
2026-09-30 09:48:00 /background-jobs/1b589dfd-2502-40ab-81c8-3f8eaeeafc4b {"type": "usd", "usd": 0.0}
2026-09-30 09:48:00 /background-jobs/4fd25773-9e98-42e5-aaf5-e395fc00a581 {"type": "usd", "usd": 0.0}
2026-09-30 09:48:00 /background-jobs/37def07a-7c88-48fe-85bd-96ca4c74ed92 {"type": "usd", "usd": 0.0}
2026-09-30 09:48:02 /background-jobs/a15ccfcd-7500-4b26-9c09-07b8e981e5bb {"type": "usd", "usd": 0.0}
2026-09-30 09:48:05 /background-jobs/e3f31eb8-3251-49e8-b61e-a01d6d6850d4 {"type": "usd", "usd": 0.0}
2026-09-30 09:48:05 /background-jobs/7bbba1e5-974f-4d22-a8c9-e6aa3af3e26b {"type": "usd", "usd": 0.0}
2026-09-30 09:48:05 /background-jobs/6ffbd91a-4b25-4841-aabd-2f7e2b2cd778 {"type": "usd", "usd": 0.0}
2026-09-30 09:48:05 /background-jobs/b4411c74-39b2-4e26-ae65-5a46278329b1 {"type": "usd", "usd": 0.0}
2026-09-30 09:48:06 /background-jobs/1b589dfd-2502-40ab-81c8-3f8eaeeafc4b {"type": "usd", "usd": 0.0}
2026-09-30 09:48:06 /background-jobs/4fd25773-9e98-42e5-aaf5-e395fc00a581 {"type": "generations", "generations": 1.0}
2026-09-30 09:48:06 /background-jobs/37def07a-7c88-48fe-85bd-96ca4c74ed92 {"type": "usd", "usd": 0.0}
2026-09-30 09:48:08 /background-jobs/a15ccfcd-7500-4b26-9c09-07b8e981e5bb {"type": "usd", "usd": 0.0}
2026-09-30 09:48:10 /background-jobs/e3f31eb8-3251-49e8-b61e-a01d6d6850d4 {"type": "usd", "usd": 0.0}
2026-09-30 09:48:10 /background-jobs/7bbba1e5-974f-4d22-a8c9-e6aa3af3e26b {"type": "usd", "usd": 0.0}
2026-09-30 09:48:11 /background-jobs/6ffbd91a-4b25-4841-aabd-2f7e2b2cd778 {"type": "usd", "usd": 0.0}
2026-09-30 09:48:11 /background-jobs/b4411c74-39b2-4e26-ae65-5a46278329b1 {"type": "usd", "usd": 0.0}
2026-09-30 09:48:11 /background-jobs/1b589dfd-2502-40ab-81c8-3f8eaeeafc4b {"type": "generations", "generations": 1.0}
2026-09-30 09:48:12 /background-jobs/37def07a-7c88-48fe-85bd-96ca4c74ed92 {"type": "usd", "usd": 0.0}
2026-09-30 09:48:14 /background-jobs/a15ccfcd-7500-4b26-9c09-07b8e981e5bb {"type": "usd", "usd": 0.0}
2026-09-30 09:48:16 /background-jobs/e3f31eb8-3251-49e8-b61e-a01d6d6850d4 {"type": "usd", "usd": 0.0}
2026-09-30 09:48:16 /background-jobs/6ffbd91a-4b25-4841-aabd-2f7e2b2cd778 {"type": "usd", "usd": 0.0}
2026-09-30 09:48:16 /background-jobs/b4411c74-39b2-4e26-ae65-5a46278329b1 {"type": "usd", "usd": 0.0}
2026-09-30 09:48:16 /background-jobs/7bbba1e5-974f-4d22-a8c9-e6aa3af3e26b {"type": "usd", "usd": 0.0}
2026-09-30 09:48:17 /background-jobs/37def07a-7c88-48fe-85bd-96ca4c74ed92 {"type": "usd", "usd": 0.0}
2026-09-30 09:48:19 /background-jobs/a15ccfcd-7500-4b26-9c09-07b8e981e5bb {"type": "generations", "generations": 1.0}
2026-09-30 09:48:22 /background-jobs/e3f31eb8-3251-49e8-b61e-a01d6d6850d4 {"type": "usd", "usd": 0.0}
2026-09-30 09:48:22 /background-jobs/6ffbd91a-4b25-4841-aabd-2f7e2b2cd778 {"type": "generations", "generations": 1.0}
2026-09-30 09:48:22 /background-jobs/b4411c74-39b2-4e26-ae65-5a46278329b1 {"type": "generations", "generations": 1.0}
2026-09-30 09:48:22 /background-jobs/7bbba1e5-974f-4d22-a8c9-e6aa3af3e26b {"type": "usd", "usd": 0.0}
2026-09-30 09:48:24 /background-jobs/37def07a-7c88-48fe-85bd-96ca4c74ed92 {"type": "generations", "generations": 1.0}
2026-09-30 09:48:27 /background-jobs/e3f31eb8-3251-49e8-b61e-a01d6d6850d4 {"type": "generations", "generations": 1.0}
2026-09-30 09:48:28 /background-jobs/6ffbd91a-4b25-4841-aabd-2f7e2b2cd778 {"type": "generations", "generations": 1.0}
2026-09-30 09:48:28 /background-jobs/7bbba1e5-974f-4d22-a8c9-e6aa3af3e26b {"type": "usd", "usd": 0.0}
2026-09-30 09:48:34 /background-jobs/7bbba1e5-974f-4d22-a8c9-e6aa3af3e26b {"type": "generations", "generations": 1.0}
2026-09-30 09:49:54 /background-jobs/4f45cea6-e6d2-4d07-bd25-49df6aef18d9 {"type": "usd", "usd": 0.0}
2026-09-30 09:49:54 /background-jobs/2fcb493b-0423-4737-b375-082665752b3b {"type": "usd", "usd": 0.0}
2026-09-30 09:49:54 /background-jobs/9af3da50-4803-432e-8ab3-20afcf57503c {"type": "usd", "usd": 0.0}
2026-09-30 09:49:56 /background-jobs/30337fbd-5b46-43c5-ba69-bbae1525d7e5 {"type": "usd", "usd": 0.0}
2026-09-30 09:49:56 /background-jobs/4eef2c78-9da5-4fdf-9c3e-04e163e55c19 {"type": "usd", "usd": 0.0}
2026-09-30 09:49:56 /background-jobs/c56eb5e3-900c-43bb-b017-589325992d07 {"type": "usd", "usd": 0.0}
2026-09-30 09:49:56 /background-jobs/f8a630cf-2dc2-4238-b779-7a24d88873ab {"type": "usd", "usd": 0.0}
2026-09-30 09:49:56 /background-jobs/aa9d55ea-27cf-404d-9e2b-71bbfc0c7e58 {"type": "usd", "usd": 0.0}
2026-09-30 09:50:00 /background-jobs/4f45cea6-e6d2-4d07-bd25-49df6aef18d9 {"type": "usd", "usd": 0.0}
2026-09-30 09:50:00 /background-jobs/9af3da50-4803-432e-8ab3-20afcf57503c {"type": "usd", "usd": 0.0}
2026-09-30 09:50:01 /background-jobs/2fcb493b-0423-4737-b375-082665752b3b {"type": "usd", "usd": 0.0}
2026-09-30 09:50:01 /background-jobs/30337fbd-5b46-43c5-ba69-bbae1525d7e5 {"type": "usd", "usd": 0.0}
2026-09-30 09:50:01 /background-jobs/4eef2c78-9da5-4fdf-9c3e-04e163e55c19 {"type": "usd", "usd": 0.0}
2026-09-30 09:50:02 /background-jobs/c56eb5e3-900c-43bb-b017-589325992d07 {"type": "usd", "usd": 0.0}
2026-09-30 09:50:02 /background-jobs/aa9d55ea-27cf-404d-9e2b-71bbfc0c7e58 {"type": "usd", "usd": 0.0}
2026-09-30 09:50:02 /background-jobs/f8a630cf-2dc2-4238-b779-7a24d88873ab {"type": "usd", "usd": 0.0}
2026-09-30 09:50:05 /background-jobs/4f45cea6-e6d2-4d07-bd25-49df6aef18d9 {"type": "usd", "usd": 0.0}
2026-09-30 09:50:06 /background-jobs/9af3da50-4803-432e-8ab3-20afcf57503c {"type": "usd", "usd": 0.0}
2026-09-30 09:50:06 /background-jobs/2fcb493b-0423-4737-b375-082665752b3b {"type": "usd", "usd": 0.0}
2026-09-30 09:50:07 /background-jobs/30337fbd-5b46-43c5-ba69-bbae1525d7e5 {"type": "usd", "usd": 0.0}
2026-09-30 09:50:07 /background-jobs/4eef2c78-9da5-4fdf-9c3e-04e163e55c19 {"type": "usd", "usd": 0.0}
2026-09-30 09:50:07 /background-jobs/c56eb5e3-900c-43bb-b017-589325992d07 {"type": "usd", "usd": 0.0}
2026-09-30 09:50:07 /background-jobs/f8a630cf-2dc2-4238-b779-7a24d88873ab {"type": "usd", "usd": 0.0}
2026-09-30 09:50:09 /background-jobs/aa9d55ea-27cf-404d-9e2b-71bbfc0c7e58 {"type": "usd", "usd": 0.0}
2026-09-30 09:50:11 /background-jobs/4f45cea6-e6d2-4d07-bd25-49df6aef18d9 {"type": "usd", "usd": 0.0}
2026-09-30 09:50:11 /background-jobs/9af3da50-4803-432e-8ab3-20afcf57503c {"type": "usd", "usd": 0.0}
2026-09-30 09:50:12 /background-jobs/2fcb493b-0423-4737-b375-082665752b3b {"type": "usd", "usd": 0.0}
2026-09-30 09:50:13 /background-jobs/30337fbd-5b46-43c5-ba69-bbae1525d7e5 {"type": "usd", "usd": 0.0}
2026-09-30 09:50:13 /background-jobs/c56eb5e3-900c-43bb-b017-589325992d07 {"type": "usd", "usd": 0.0}
2026-09-30 09:50:13 /background-jobs/4eef2c78-9da5-4fdf-9c3e-04e163e55c19 {"type": "usd", "usd": 0.0}
2026-09-30 09:50:13 /background-jobs/f8a630cf-2dc2-4238-b779-7a24d88873ab {"type": "usd", "usd": 0.0}
2026-09-30 09:50:15 /background-jobs/aa9d55ea-27cf-404d-9e2b-71bbfc0c7e58 {"type": "usd", "usd": 0.0}
2026-09-30 09:50:17 /background-jobs/4f45cea6-e6d2-4d07-bd25-49df6aef18d9 {"type": "usd", "usd": 0.0}
2026-09-30 09:50:17 /background-jobs/9af3da50-4803-432e-8ab3-20afcf57503c {"type": "usd", "usd": 0.0}
2026-09-30 09:50:18 /background-jobs/2fcb493b-0423-4737-b375-082665752b3b {"type": "usd", "usd": 0.0}
2026-09-30 09:50:18 /background-jobs/30337fbd-5b46-43c5-ba69-bbae1525d7e5 {"type": "usd", "usd": 0.0}
2026-09-30 09:50:18 /background-jobs/c56eb5e3-900c-43bb-b017-589325992d07 {"type": "usd", "usd": 0.0}
2026-09-30 09:50:19 /background-jobs/f8a630cf-2dc2-4238-b779-7a24d88873ab {"type": "usd", "usd": 0.0}
2026-09-30 09:50:20 /background-jobs/4eef2c78-9da5-4fdf-9c3e-04e163e55c19 {"type": "usd", "usd": 0.0}
2026-09-30 09:50:20 /background-jobs/aa9d55ea-27cf-404d-9e2b-71bbfc0c7e58 {"type": "usd", "usd": 0.0}
2026-09-30 09:50:22 /background-jobs/4f45cea6-e6d2-4d07-bd25-49df6aef18d9 {"type": "usd", "usd": 0.0}
2026-09-30 09:50:23 /background-jobs/9af3da50-4803-432e-8ab3-20afcf57503c {"type": "usd", "usd": 0.0}
2026-09-30 09:50:24 /background-jobs/c56eb5e3-900c-43bb-b017-589325992d07 {"type": "usd", "usd": 0.0}
2026-09-30 09:50:24 /background-jobs/f8a630cf-2dc2-4238-b779-7a24d88873ab {"type": "usd", "usd": 0.0}
2026-09-30 09:50:25 /background-jobs/30337fbd-5b46-43c5-ba69-bbae1525d7e5 {"type": "usd", "usd": 0.0}
2026-09-30 09:50:25 /background-jobs/2fcb493b-0423-4737-b375-082665752b3b {"type": "usd", "usd": 0.0}
2026-09-30 09:50:25 /background-jobs/4eef2c78-9da5-4fdf-9c3e-04e163e55c19 {"type": "usd", "usd": 0.0}
2026-09-30 09:50:26 /background-jobs/aa9d55ea-27cf-404d-9e2b-71bbfc0c7e58 {"type": "usd", "usd": 0.0}
2026-09-30 09:50:28 /background-jobs/4f45cea6-e6d2-4d07-bd25-49df6aef18d9 {"type": "generations", "generations": 1.0}
2026-09-30 09:50:28 /background-jobs/9af3da50-4803-432e-8ab3-20afcf57503c {"type": "usd", "usd": 0.0}
2026-09-30 09:50:30 /background-jobs/c56eb5e3-900c-43bb-b017-589325992d07 {"type": "usd", "usd": 0.0}
2026-09-30 09:50:30 /background-jobs/f8a630cf-2dc2-4238-b779-7a24d88873ab {"type": "usd", "usd": 0.0}
2026-09-30 09:50:31 /background-jobs/2fcb493b-0423-4737-b375-082665752b3b {"type": "usd", "usd": 0.0}
2026-09-30 09:50:31 /background-jobs/30337fbd-5b46-43c5-ba69-bbae1525d7e5 {"type": "usd", "usd": 0.0}
2026-09-30 09:50:31 /background-jobs/4eef2c78-9da5-4fdf-9c3e-04e163e55c19 {"type": "usd", "usd": 0.0}
2026-09-30 09:50:32 /background-jobs/aa9d55ea-27cf-404d-9e2b-71bbfc0c7e58 {"type": "usd", "usd": 0.0}
2026-09-30 09:50:35 /background-jobs/9af3da50-4803-432e-8ab3-20afcf57503c {"type": "generations", "generations": 1.0}
2026-09-30 09:50:36 /background-jobs/f8a630cf-2dc2-4238-b779-7a24d88873ab {"type": "usd", "usd": 0.0}
2026-09-30 09:50:36 /background-jobs/c56eb5e3-900c-43bb-b017-589325992d07 {"type": "usd", "usd": 0.0}
2026-09-30 09:50:37 /background-jobs/2fcb493b-0423-4737-b375-082665752b3b {"type": "generations", "generations": 1.0}
2026-09-30 09:50:37 /background-jobs/30337fbd-5b46-43c5-ba69-bbae1525d7e5 {"type": "usd", "usd": 0.0}
2026-09-30 09:50:37 /background-jobs/4eef2c78-9da5-4fdf-9c3e-04e163e55c19 {"type": "usd", "usd": 0.0}
2026-09-30 09:50:38 /background-jobs/aa9d55ea-27cf-404d-9e2b-71bbfc0c7e58 {"type": "usd", "usd": 0.0}
2026-09-30 09:50:41 /background-jobs/9af3da50-4803-432e-8ab3-20afcf57503c {"type": "generations", "generations": 1.0}
2026-09-30 09:50:41 /background-jobs/f8a630cf-2dc2-4238-b779-7a24d88873ab {"type": "usd", "usd": 0.0}
2026-09-30 09:50:42 /background-jobs/c56eb5e3-900c-43bb-b017-589325992d07 {"type": "usd", "usd": 0.0}
2026-09-30 09:50:42 /background-jobs/30337fbd-5b46-43c5-ba69-bbae1525d7e5 {"type": "usd", "usd": 0.0}
2026-09-30 09:50:43 /background-jobs/4eef2c78-9da5-4fdf-9c3e-04e163e55c19 {"type": "usd", "usd": 0.0}
2026-09-30 09:50:47 /background-jobs/aa9d55ea-27cf-404d-9e2b-71bbfc0c7e58 {"type": "generations", "generations": 1.0}
2026-09-30 09:50:48 /background-jobs/f8a630cf-2dc2-4238-b779-7a24d88873ab {"type": "usd", "usd": 0.0}
2026-09-30 09:50:49 /background-jobs/30337fbd-5b46-43c5-ba69-bbae1525d7e5 {"type": "generations", "generations": 1.0}
2026-09-30 09:50:50 /background-jobs/c56eb5e3-900c-43bb-b017-589325992d07 {"type": "usd", "usd": 0.0}
2026-09-30 09:50:51 /background-jobs/4eef2c78-9da5-4fdf-9c3e-04e163e55c19 {"type": "generations", "generations": 1.0}
2026-09-30 09:50:54 /background-jobs/f8a630cf-2dc2-4238-b779-7a24d88873ab {"type": "usd", "usd": 0.0}
2026-09-30 09:50:55 /background-jobs/c56eb5e3-900c-43bb-b017-589325992d07 {"type": "usd", "usd": 0.0}
2026-09-30 09:51:01 /background-jobs/f8a630cf-2dc2-4238-b779-7a24d88873ab {"type": "usd", "usd": 0.0}
2026-09-30 09:51:01 /background-jobs/c56eb5e3-900c-43bb-b017-589325992d07 {"type": "generations", "generations": 1.0}
2026-09-30 09:51:07 /background-jobs/c56eb5e3-900c-43bb-b017-589325992d07 {"type": "generations", "generations": 1.0}
2026-09-30 09:51:08 /background-jobs/f8a630cf-2dc2-4238-b779-7a24d88873ab {"type": "usd", "usd": 0.0}
2026-09-30 09:51:14 /background-jobs/f8a630cf-2dc2-4238-b779-7a24d88873ab {"type": "generations", "generations": 1.0}
2026-09-30 09:51:20 /background-jobs/f8a630cf-2dc2-4238-b779-7a24d88873ab {"type": "generations", "generations": 1.0}
2026-09-30 09:51:51 /background-jobs/f5c96ade-5326-4681-b753-a1dbbbe89e6b {"type": "usd", "usd": 0.0}
2026-09-30 09:51:51 /background-jobs/7add6ea0-b241-4d17-ad90-1eae5aa955f0 {"type": "usd", "usd": 0.0}
2026-09-30 09:51:51 /background-jobs/653db6e6-bdb6-454e-ac98-0fd6d920226a {"type": "usd", "usd": 0.0}
2026-09-30 09:51:51 /background-jobs/24a2d043-2c71-40f7-b5ab-bbebab372bea {"type": "usd", "usd": 0.0}
2026-09-30 09:51:51 /background-jobs/718ecd44-90b4-496b-a2c3-f0c2e13bd155 {"type": "usd", "usd": 0.0}
2026-09-30 09:51:51 /background-jobs/d030c1b9-5a7e-4837-9501-606a56eea83c {"type": "usd", "usd": 0.0}
2026-09-30 09:51:51 /background-jobs/7f3f6fb8-cfe0-429b-a8fb-d09e6c4bdaa1 {"type": "usd", "usd": 0.0}
2026-09-30 09:51:52 /background-jobs/7eeff09d-9175-4e30-8cb3-93106bcd4d8e {"type": "usd", "usd": 0.0}
2026-09-30 09:51:57 /background-jobs/f5c96ade-5326-4681-b753-a1dbbbe89e6b {"type": "usd", "usd": 0.0}
2026-09-30 09:51:57 /background-jobs/653db6e6-bdb6-454e-ac98-0fd6d920226a {"type": "usd", "usd": 0.0}
2026-09-30 09:51:57 /background-jobs/24a2d043-2c71-40f7-b5ab-bbebab372bea {"type": "usd", "usd": 0.0}
2026-09-30 09:51:57 /background-jobs/718ecd44-90b4-496b-a2c3-f0c2e13bd155 {"type": "usd", "usd": 0.0}
2026-09-30 09:51:57 /background-jobs/7add6ea0-b241-4d17-ad90-1eae5aa955f0 {"type": "usd", "usd": 0.0}
2026-09-30 09:51:57 /background-jobs/7f3f6fb8-cfe0-429b-a8fb-d09e6c4bdaa1 {"type": "usd", "usd": 0.0}
2026-09-30 09:51:57 /background-jobs/d030c1b9-5a7e-4837-9501-606a56eea83c {"type": "usd", "usd": 0.0}
2026-09-30 09:51:58 /background-jobs/7eeff09d-9175-4e30-8cb3-93106bcd4d8e {"type": "usd", "usd": 0.0}
2026-09-30 09:52:03 /background-jobs/653db6e6-bdb6-454e-ac98-0fd6d920226a {"type": "usd", "usd": 0.0}
2026-09-30 09:52:03 /background-jobs/718ecd44-90b4-496b-a2c3-f0c2e13bd155 {"type": "usd", "usd": 0.0}
2026-09-30 09:52:03 /background-jobs/7add6ea0-b241-4d17-ad90-1eae5aa955f0 {"type": "usd", "usd": 0.0}
2026-09-30 09:52:03 /background-jobs/7f3f6fb8-cfe0-429b-a8fb-d09e6c4bdaa1 {"type": "usd", "usd": 0.0}
2026-09-30 09:52:03 /background-jobs/d030c1b9-5a7e-4837-9501-606a56eea83c {"type": "usd", "usd": 0.0}
2026-09-30 09:52:04 /background-jobs/24a2d043-2c71-40f7-b5ab-bbebab372bea {"type": "usd", "usd": 0.0}
2026-09-30 09:52:04 /background-jobs/7eeff09d-9175-4e30-8cb3-93106bcd4d8e {"type": "usd", "usd": 0.0}
2026-09-30 09:52:04 /background-jobs/f5c96ade-5326-4681-b753-a1dbbbe89e6b {"type": "usd", "usd": 0.0}
2026-09-30 09:52:08 /background-jobs/653db6e6-bdb6-454e-ac98-0fd6d920226a {"type": "usd", "usd": 0.0}
2026-09-30 09:52:08 /background-jobs/718ecd44-90b4-496b-a2c3-f0c2e13bd155 {"type": "usd", "usd": 0.0}
2026-09-30 09:52:08 /background-jobs/d030c1b9-5a7e-4837-9501-606a56eea83c {"type": "usd", "usd": 0.0}
2026-09-30 09:52:08 /background-jobs/7add6ea0-b241-4d17-ad90-1eae5aa955f0 {"type": "usd", "usd": 0.0}
2026-09-30 09:52:08 /background-jobs/7f3f6fb8-cfe0-429b-a8fb-d09e6c4bdaa1 {"type": "usd", "usd": 0.0}
2026-09-30 09:52:09 /background-jobs/24a2d043-2c71-40f7-b5ab-bbebab372bea {"type": "usd", "usd": 0.0}
2026-09-30 09:52:10 /background-jobs/f5c96ade-5326-4681-b753-a1dbbbe89e6b {"type": "usd", "usd": 0.0}
2026-09-30 09:52:10 /background-jobs/7eeff09d-9175-4e30-8cb3-93106bcd4d8e {"type": "usd", "usd": 0.0}
2026-09-30 09:52:14 /background-jobs/653db6e6-bdb6-454e-ac98-0fd6d920226a {"type": "usd", "usd": 0.0}
2026-09-30 09:52:14 /background-jobs/718ecd44-90b4-496b-a2c3-f0c2e13bd155 {"type": "usd", "usd": 0.0}
2026-09-30 09:52:14 /background-jobs/7add6ea0-b241-4d17-ad90-1eae5aa955f0 {"type": "usd", "usd": 0.0}
2026-09-30 09:52:14 /background-jobs/d030c1b9-5a7e-4837-9501-606a56eea83c {"type": "usd", "usd": 0.0}
2026-09-30 09:52:14 /background-jobs/7f3f6fb8-cfe0-429b-a8fb-d09e6c4bdaa1 {"type": "usd", "usd": 0.0}
2026-09-30 09:52:15 /background-jobs/24a2d043-2c71-40f7-b5ab-bbebab372bea {"type": "usd", "usd": 0.0}
2026-09-30 09:52:15 /background-jobs/f5c96ade-5326-4681-b753-a1dbbbe89e6b {"type": "usd", "usd": 0.0}
2026-09-30 09:52:16 /background-jobs/7eeff09d-9175-4e30-8cb3-93106bcd4d8e {"type": "usd", "usd": 0.0}
2026-09-30 09:52:20 /background-jobs/653db6e6-bdb6-454e-ac98-0fd6d920226a {"type": "usd", "usd": 0.0}
2026-09-30 09:52:20 /background-jobs/718ecd44-90b4-496b-a2c3-f0c2e13bd155 {"type": "usd", "usd": 0.0}
2026-09-30 09:52:20 /background-jobs/7add6ea0-b241-4d17-ad90-1eae5aa955f0 {"type": "usd", "usd": 0.0}
2026-09-30 09:52:20 /background-jobs/d030c1b9-5a7e-4837-9501-606a56eea83c {"type": "usd", "usd": 0.0}
2026-09-30 09:52:20 /background-jobs/7f3f6fb8-cfe0-429b-a8fb-d09e6c4bdaa1 {"type": "usd", "usd": 0.0}
2026-09-30 09:52:21 /background-jobs/24a2d043-2c71-40f7-b5ab-bbebab372bea {"type": "usd", "usd": 0.0}
2026-09-30 09:52:21 /background-jobs/f5c96ade-5326-4681-b753-a1dbbbe89e6b {"type": "usd", "usd": 0.0}
2026-09-30 09:52:21 /background-jobs/7eeff09d-9175-4e30-8cb3-93106bcd4d8e {"type": "usd", "usd": 0.0}
2026-09-30 09:52:25 /background-jobs/653db6e6-bdb6-454e-ac98-0fd6d920226a {"type": "usd", "usd": 0.0}
2026-09-30 09:52:25 /background-jobs/718ecd44-90b4-496b-a2c3-f0c2e13bd155 {"type": "usd", "usd": 0.0}
2026-09-30 09:52:25 /background-jobs/d030c1b9-5a7e-4837-9501-606a56eea83c {"type": "usd", "usd": 0.0}
2026-09-30 09:52:25 /background-jobs/7add6ea0-b241-4d17-ad90-1eae5aa955f0 {"type": "usd", "usd": 0.0}
2026-09-30 09:52:25 /background-jobs/7f3f6fb8-cfe0-429b-a8fb-d09e6c4bdaa1 {"type": "usd", "usd": 0.0}
2026-09-30 09:52:26 /background-jobs/24a2d043-2c71-40f7-b5ab-bbebab372bea {"type": "usd", "usd": 0.0}
2026-09-30 09:52:27 /background-jobs/f5c96ade-5326-4681-b753-a1dbbbe89e6b {"type": "usd", "usd": 0.0}
2026-09-30 09:52:27 /background-jobs/7eeff09d-9175-4e30-8cb3-93106bcd4d8e {"type": "usd", "usd": 0.0}
2026-09-30 09:52:31 /background-jobs/653db6e6-bdb6-454e-ac98-0fd6d920226a {"type": "usd", "usd": 0.0}
2026-09-30 09:52:31 /background-jobs/718ecd44-90b4-496b-a2c3-f0c2e13bd155 {"type": "usd", "usd": 0.0}
2026-09-30 09:52:31 /background-jobs/d030c1b9-5a7e-4837-9501-606a56eea83c {"type": "usd", "usd": 0.0}
2026-09-30 09:52:31 /background-jobs/7add6ea0-b241-4d17-ad90-1eae5aa955f0 {"type": "usd", "usd": 0.0}
2026-09-30 09:52:31 /background-jobs/7f3f6fb8-cfe0-429b-a8fb-d09e6c4bdaa1 {"type": "usd", "usd": 0.0}
2026-09-30 09:52:32 /background-jobs/24a2d043-2c71-40f7-b5ab-bbebab372bea {"type": "usd", "usd": 0.0}
2026-09-30 09:52:32 /background-jobs/f5c96ade-5326-4681-b753-a1dbbbe89e6b {"type": "usd", "usd": 0.0}
2026-09-30 09:52:33 /background-jobs/7eeff09d-9175-4e30-8cb3-93106bcd4d8e {"type": "usd", "usd": 0.0}
2026-09-30 09:52:37 /background-jobs/d030c1b9-5a7e-4837-9501-606a56eea83c {"type": "usd", "usd": 0.0}
2026-09-30 09:52:37 /background-jobs/7f3f6fb8-cfe0-429b-a8fb-d09e6c4bdaa1 {"type": "usd", "usd": 0.0}
2026-09-30 09:52:37 /background-jobs/718ecd44-90b4-496b-a2c3-f0c2e13bd155 {"type": "usd", "usd": 0.0}
2026-09-30 09:52:38 /background-jobs/7add6ea0-b241-4d17-ad90-1eae5aa955f0 {"type": "usd", "usd": 0.0}
2026-09-30 09:52:38 /background-jobs/24a2d043-2c71-40f7-b5ab-bbebab372bea {"type": "usd", "usd": 0.0}
2026-09-30 09:52:38 /background-jobs/653db6e6-bdb6-454e-ac98-0fd6d920226a {"type": "usd", "usd": 0.0}
2026-09-30 09:52:39 /background-jobs/f5c96ade-5326-4681-b753-a1dbbbe89e6b {"type": "usd", "usd": 0.0}
2026-09-30 09:52:39 /background-jobs/7eeff09d-9175-4e30-8cb3-93106bcd4d8e {"type": "usd", "usd": 0.0}
2026-09-30 09:52:42 /background-jobs/d030c1b9-5a7e-4837-9501-606a56eea83c {"type": "usd", "usd": 0.0}
2026-09-30 09:52:43 /background-jobs/7f3f6fb8-cfe0-429b-a8fb-d09e6c4bdaa1 {"type": "usd", "usd": 0.0}
2026-09-30 09:52:43 /background-jobs/718ecd44-90b4-496b-a2c3-f0c2e13bd155 {"type": "usd", "usd": 0.0}
2026-09-30 09:52:44 /background-jobs/7add6ea0-b241-4d17-ad90-1eae5aa955f0 {"type": "usd", "usd": 0.0}
2026-09-30 09:52:44 /background-jobs/24a2d043-2c71-40f7-b5ab-bbebab372bea {"type": "usd", "usd": 0.0}
2026-09-30 09:52:44 /background-jobs/653db6e6-bdb6-454e-ac98-0fd6d920226a {"type": "usd", "usd": 0.0}
2026-09-30 09:52:44 /background-jobs/f5c96ade-5326-4681-b753-a1dbbbe89e6b {"type": "usd", "usd": 0.0}
2026-09-30 09:52:45 /background-jobs/7eeff09d-9175-4e30-8cb3-93106bcd4d8e {"type": "usd", "usd": 0.0}
2026-09-30 09:52:48 /background-jobs/d030c1b9-5a7e-4837-9501-606a56eea83c {"type": "usd", "usd": 0.0}
2026-09-30 09:52:49 /background-jobs/7f3f6fb8-cfe0-429b-a8fb-d09e6c4bdaa1 {"type": "usd", "usd": 0.0}
2026-09-30 09:52:49 /background-jobs/718ecd44-90b4-496b-a2c3-f0c2e13bd155 {"type": "usd", "usd": 0.0}
2026-09-30 09:52:49 /background-jobs/7add6ea0-b241-4d17-ad90-1eae5aa955f0 {"type": "usd", "usd": 0.0}
2026-09-30 09:52:50 /background-jobs/653db6e6-bdb6-454e-ac98-0fd6d920226a {"type": "usd", "usd": 0.0}
2026-09-30 09:52:50 /background-jobs/24a2d043-2c71-40f7-b5ab-bbebab372bea {"type": "usd", "usd": 0.0}
2026-09-30 09:52:50 /background-jobs/f5c96ade-5326-4681-b753-a1dbbbe89e6b {"type": "usd", "usd": 0.0}
2026-09-30 09:52:50 /background-jobs/7eeff09d-9175-4e30-8cb3-93106bcd4d8e {"type": "usd", "usd": 0.0}
2026-09-30 09:52:54 /background-jobs/d030c1b9-5a7e-4837-9501-606a56eea83c {"type": "usd", "usd": 0.0}
2026-09-30 09:52:54 /background-jobs/7f3f6fb8-cfe0-429b-a8fb-d09e6c4bdaa1 {"type": "usd", "usd": 0.0}
2026-09-30 09:52:54 /background-jobs/718ecd44-90b4-496b-a2c3-f0c2e13bd155 {"type": "usd", "usd": 0.0}
2026-09-30 09:52:55 /background-jobs/7add6ea0-b241-4d17-ad90-1eae5aa955f0 {"type": "usd", "usd": 0.0}
2026-09-30 09:52:55 /background-jobs/653db6e6-bdb6-454e-ac98-0fd6d920226a {"type": "usd", "usd": 0.0}
2026-09-30 09:52:55 /background-jobs/24a2d043-2c71-40f7-b5ab-bbebab372bea {"type": "usd", "usd": 0.0}
2026-09-30 09:52:56 /background-jobs/f5c96ade-5326-4681-b753-a1dbbbe89e6b {"type": "usd", "usd": 0.0}
2026-09-30 09:52:56 /background-jobs/7eeff09d-9175-4e30-8cb3-93106bcd4d8e {"type": "usd", "usd": 0.0}
2026-09-30 09:53:01 /background-jobs/718ecd44-90b4-496b-a2c3-f0c2e13bd155 {"type": "usd", "usd": 0.0}
2026-09-30 09:53:01 /background-jobs/7f3f6fb8-cfe0-429b-a8fb-d09e6c4bdaa1 {"type": "usd", "usd": 0.0}
2026-09-30 09:53:01 /background-jobs/7add6ea0-b241-4d17-ad90-1eae5aa955f0 {"type": "usd", "usd": 0.0}
2026-09-30 09:53:02 /background-jobs/7eeff09d-9175-4e30-8cb3-93106bcd4d8e {"type": "usd", "usd": 0.0}
2026-09-30 09:53:02 /background-jobs/d030c1b9-5a7e-4837-9501-606a56eea83c {"type": "usd", "usd": 0.0}
2026-09-30 09:53:02 /background-jobs/24a2d043-2c71-40f7-b5ab-bbebab372bea {"type": "usd", "usd": 0.0}
2026-09-30 09:53:02 /background-jobs/f5c96ade-5326-4681-b753-a1dbbbe89e6b {"type": "usd", "usd": 0.0}
2026-09-30 09:53:02 /background-jobs/653db6e6-bdb6-454e-ac98-0fd6d920226a {"type": "usd", "usd": 0.0}
2026-09-30 09:53:07 /background-jobs/7f3f6fb8-cfe0-429b-a8fb-d09e6c4bdaa1 {"type": "usd", "usd": 0.0}
2026-09-30 09:53:07 /background-jobs/718ecd44-90b4-496b-a2c3-f0c2e13bd155 {"type": "usd", "usd": 0.0}
2026-09-30 09:53:09 /background-jobs/653db6e6-bdb6-454e-ac98-0fd6d920226a {"type": "usd", "usd": 0.0}
2026-09-30 09:53:09 /background-jobs/f5c96ade-5326-4681-b753-a1dbbbe89e6b {"type": "usd", "usd": 0.0}
2026-09-30 09:53:09 /background-jobs/d030c1b9-5a7e-4837-9501-606a56eea83c {"type": "usd", "usd": 0.0}
2026-09-30 09:53:09 /background-jobs/7add6ea0-b241-4d17-ad90-1eae5aa955f0 {"type": "usd", "usd": 0.0}
2026-09-30 09:53:09 /background-jobs/24a2d043-2c71-40f7-b5ab-bbebab372bea {"type": "usd", "usd": 0.0}
2026-09-30 09:53:10 /background-jobs/7eeff09d-9175-4e30-8cb3-93106bcd4d8e {"type": "usd", "usd": 0.0}
2026-09-30 09:53:13 /background-jobs/7f3f6fb8-cfe0-429b-a8fb-d09e6c4bdaa1 {"type": "usd", "usd": 0.0}
2026-09-30 09:53:13 /background-jobs/718ecd44-90b4-496b-a2c3-f0c2e13bd155 {"type": "usd", "usd": 0.0}
2026-09-30 09:53:14 /background-jobs/653db6e6-bdb6-454e-ac98-0fd6d920226a {"type": "usd", "usd": 0.0}
2026-09-30 09:53:14 /background-jobs/d030c1b9-5a7e-4837-9501-606a56eea83c {"type": "usd", "usd": 0.0}
2026-09-30 09:53:15 /background-jobs/24a2d043-2c71-40f7-b5ab-bbebab372bea {"type": "usd", "usd": 0.0}
2026-09-30 09:53:16 /background-jobs/7eeff09d-9175-4e30-8cb3-93106bcd4d8e {"type": "usd", "usd": 0.0}
2026-09-30 09:53:19 /background-jobs/7f3f6fb8-cfe0-429b-a8fb-d09e6c4bdaa1 {"type": "usd", "usd": 0.0}
2026-09-30 09:53:19 /background-jobs/718ecd44-90b4-496b-a2c3-f0c2e13bd155 {"type": "usd", "usd": 0.0}
2026-09-30 09:53:20 /background-jobs/653db6e6-bdb6-454e-ac98-0fd6d920226a {"type": "usd", "usd": 0.0}
2026-09-30 09:53:20 /background-jobs/f5c96ade-5326-4681-b753-a1dbbbe89e6b {"type": "usd", "usd": 0.0}
2026-09-30 09:53:20 /background-jobs/7add6ea0-b241-4d17-ad90-1eae5aa955f0 {"type": "usd", "usd": 0.0}
2026-09-30 09:53:21 /background-jobs/d030c1b9-5a7e-4837-9501-606a56eea83c {"type": "usd", "usd": 0.0}
2026-09-30 09:53:21 /background-jobs/24a2d043-2c71-40f7-b5ab-bbebab372bea {"type": "usd", "usd": 0.0}
2026-09-30 09:53:22 /background-jobs/7eeff09d-9175-4e30-8cb3-93106bcd4d8e {"type": "usd", "usd": 0.0}
2026-09-30 09:53:24 /background-jobs/7f3f6fb8-cfe0-429b-a8fb-d09e6c4bdaa1 {"type": "usd", "usd": 0.0}
2026-09-30 09:53:25 /background-jobs/718ecd44-90b4-496b-a2c3-f0c2e13bd155 {"type": "usd", "usd": 0.0}
2026-09-30 09:53:26 /background-jobs/653db6e6-bdb6-454e-ac98-0fd6d920226a {"type": "usd", "usd": 0.0}
2026-09-30 09:53:26 /background-jobs/f5c96ade-5326-4681-b753-a1dbbbe89e6b {"type": "usd", "usd": 0.0}
2026-09-30 09:53:26 /background-jobs/7add6ea0-b241-4d17-ad90-1eae5aa955f0 {"type": "usd", "usd": 0.0}
2026-09-30 09:53:26 /background-jobs/d030c1b9-5a7e-4837-9501-606a56eea83c {"type": "usd", "usd": 0.0}
2026-09-30 09:53:26 /background-jobs/24a2d043-2c71-40f7-b5ab-bbebab372bea {"type": "usd", "usd": 0.0}
2026-09-30 09:53:28 /background-jobs/7eeff09d-9175-4e30-8cb3-93106bcd4d8e {"type": "usd", "usd": 0.0}
2026-09-30 09:53:30 /background-jobs/7f3f6fb8-cfe0-429b-a8fb-d09e6c4bdaa1 {"type": "usd", "usd": 0.0}
2026-09-30 09:53:30 /background-jobs/718ecd44-90b4-496b-a2c3-f0c2e13bd155 {"type": "usd", "usd": 0.0}
2026-09-30 09:53:31 /background-jobs/f5c96ade-5326-4681-b753-a1dbbbe89e6b {"type": "usd", "usd": 0.0}
2026-09-30 09:53:31 /background-jobs/7add6ea0-b241-4d17-ad90-1eae5aa955f0 {"type": "usd", "usd": 0.0}
2026-09-30 09:53:32 /background-jobs/d030c1b9-5a7e-4837-9501-606a56eea83c {"type": "usd", "usd": 0.0}
2026-09-30 09:53:32 /background-jobs/24a2d043-2c71-40f7-b5ab-bbebab372bea {"type": "usd", "usd": 0.0}
2026-09-30 09:53:34 /background-jobs/7eeff09d-9175-4e30-8cb3-93106bcd4d8e {"type": "usd", "usd": 0.0}
2026-09-30 09:53:36 /background-jobs/7f3f6fb8-cfe0-429b-a8fb-d09e6c4bdaa1 {"type": "usd", "usd": 0.0}
2026-09-30 09:53:36 /background-jobs/718ecd44-90b4-496b-a2c3-f0c2e13bd155 {"type": "usd", "usd": 0.0}
2026-09-30 09:53:37 /background-jobs/7add6ea0-b241-4d17-ad90-1eae5aa955f0 {"type": "usd", "usd": 0.0}
2026-09-30 09:53:38 /background-jobs/f5c96ade-5326-4681-b753-a1dbbbe89e6b {"type": "usd", "usd": 0.0}
2026-09-30 09:53:38 /background-jobs/d030c1b9-5a7e-4837-9501-606a56eea83c {"type": "usd", "usd": 0.0}
2026-09-30 09:53:39 /background-jobs/24a2d043-2c71-40f7-b5ab-bbebab372bea {"type": "usd", "usd": 0.0}
2026-09-30 09:53:39 /background-jobs/653db6e6-bdb6-454e-ac98-0fd6d920226a {"type": "usd", "usd": 0.0}
2026-09-30 09:53:40 /background-jobs/7eeff09d-9175-4e30-8cb3-93106bcd4d8e {"type": "usd", "usd": 0.0}
2026-09-30 09:53:41 /background-jobs/7f3f6fb8-cfe0-429b-a8fb-d09e6c4bdaa1 {"type": "usd", "usd": 0.0}
2026-09-30 09:53:42 /background-jobs/718ecd44-90b4-496b-a2c3-f0c2e13bd155 {"type": "usd", "usd": 0.0}
2026-09-30 09:53:43 /background-jobs/7add6ea0-b241-4d17-ad90-1eae5aa955f0 {"type": "usd", "usd": 0.0}
2026-09-30 09:53:44 /background-jobs/d030c1b9-5a7e-4837-9501-606a56eea83c {"type": "usd", "usd": 0.0}
2026-09-30 09:53:44 /background-jobs/f5c96ade-5326-4681-b753-a1dbbbe89e6b {"type": "usd", "usd": 0.0}
2026-09-30 09:53:45 /background-jobs/24a2d043-2c71-40f7-b5ab-bbebab372bea {"type": "usd", "usd": 0.0}
2026-09-30 09:53:45 /background-jobs/653db6e6-bdb6-454e-ac98-0fd6d920226a {"type": "usd", "usd": 0.0}
2026-09-30 09:53:46 /background-jobs/7eeff09d-9175-4e30-8cb3-93106bcd4d8e {"type": "usd", "usd": 0.0}
2026-09-30 09:53:47 /background-jobs/7f3f6fb8-cfe0-429b-a8fb-d09e6c4bdaa1 {"type": "usd", "usd": 0.0}
2026-09-30 09:53:47 /background-jobs/718ecd44-90b4-496b-a2c3-f0c2e13bd155 {"type": "usd", "usd": 0.0}
2026-09-30 09:53:49 /background-jobs/7add6ea0-b241-4d17-ad90-1eae5aa955f0 {"type": "usd", "usd": 0.0}
2026-09-30 09:53:50 /background-jobs/d030c1b9-5a7e-4837-9501-606a56eea83c {"type": "usd", "usd": 0.0}
2026-09-30 09:53:50 /background-jobs/f5c96ade-5326-4681-b753-a1dbbbe89e6b {"type": "generations", "generations": 1.0}
2026-09-30 09:53:51 /background-jobs/24a2d043-2c71-40f7-b5ab-bbebab372bea {"type": "usd", "usd": 0.0}
2026-09-30 09:53:51 /background-jobs/653db6e6-bdb6-454e-ac98-0fd6d920226a {"type": "usd", "usd": 0.0}
2026-09-30 09:53:52 /background-jobs/7eeff09d-9175-4e30-8cb3-93106bcd4d8e {"type": "usd", "usd": 0.0}
2026-09-30 09:53:53 /background-jobs/7f3f6fb8-cfe0-429b-a8fb-d09e6c4bdaa1 {"type": "usd", "usd": 0.0}
2026-09-30 09:53:53 /background-jobs/718ecd44-90b4-496b-a2c3-f0c2e13bd155 {"type": "usd", "usd": 0.0}
2026-09-30 09:53:54 /background-jobs/7add6ea0-b241-4d17-ad90-1eae5aa955f0 {"type": "usd", "usd": 0.0}
2026-09-30 09:53:56 /background-jobs/d030c1b9-5a7e-4837-9501-606a56eea83c {"type": "usd", "usd": 0.0}
2026-09-30 09:53:56 /background-jobs/24a2d043-2c71-40f7-b5ab-bbebab372bea {"type": "usd", "usd": 0.0}
2026-09-30 09:53:56 /background-jobs/f5c96ade-5326-4681-b753-a1dbbbe89e6b {"type": "generations", "generations": 1.0}
2026-09-30 09:53:57 /background-jobs/653db6e6-bdb6-454e-ac98-0fd6d920226a {"type": "usd", "usd": 0.0}
2026-09-30 09:53:58 /background-jobs/7eeff09d-9175-4e30-8cb3-93106bcd4d8e {"type": "usd", "usd": 0.0}
2026-09-30 09:53:58 /background-jobs/7f3f6fb8-cfe0-429b-a8fb-d09e6c4bdaa1 {"type": "usd", "usd": 0.0}
2026-09-30 09:53:59 /background-jobs/718ecd44-90b4-496b-a2c3-f0c2e13bd155 {"type": "usd", "usd": 0.0}
2026-09-30 09:54:00 /background-jobs/7add6ea0-b241-4d17-ad90-1eae5aa955f0 {"type": "usd", "usd": 0.0}
2026-09-30 09:54:02 /background-jobs/d030c1b9-5a7e-4837-9501-606a56eea83c {"type": "usd", "usd": 0.0}
2026-09-30 09:54:02 /background-jobs/24a2d043-2c71-40f7-b5ab-bbebab372bea {"type": "usd", "usd": 0.0}
2026-09-30 09:54:02 /background-jobs/653db6e6-bdb6-454e-ac98-0fd6d920226a {"type": "usd", "usd": 0.0}
2026-09-30 09:54:03 /background-jobs/7eeff09d-9175-4e30-8cb3-93106bcd4d8e {"type": "usd", "usd": 0.0}
2026-09-30 09:54:04 /background-jobs/7f3f6fb8-cfe0-429b-a8fb-d09e6c4bdaa1 {"type": "usd", "usd": 0.0}
2026-09-30 09:54:04 /background-jobs/718ecd44-90b4-496b-a2c3-f0c2e13bd155 {"type": "usd", "usd": 0.0}
2026-09-30 09:54:06 /background-jobs/7add6ea0-b241-4d17-ad90-1eae5aa955f0 {"type": "usd", "usd": 0.0}
2026-09-30 09:54:07 /background-jobs/d030c1b9-5a7e-4837-9501-606a56eea83c {"type": "usd", "usd": 0.0}
2026-09-30 09:54:07 /background-jobs/24a2d043-2c71-40f7-b5ab-bbebab372bea {"type": "usd", "usd": 0.0}
2026-09-30 09:54:08 /background-jobs/653db6e6-bdb6-454e-ac98-0fd6d920226a {"type": "usd", "usd": 0.0}
2026-09-30 09:54:09 /background-jobs/7eeff09d-9175-4e30-8cb3-93106bcd4d8e {"type": "usd", "usd": 0.0}
2026-09-30 09:54:10 /background-jobs/7f3f6fb8-cfe0-429b-a8fb-d09e6c4bdaa1 {"type": "usd", "usd": 0.0}
2026-09-30 09:54:10 /background-jobs/718ecd44-90b4-496b-a2c3-f0c2e13bd155 {"type": "usd", "usd": 0.0}
2026-09-30 09:54:11 /background-jobs/7add6ea0-b241-4d17-ad90-1eae5aa955f0 {"type": "usd", "usd": 0.0}
2026-09-30 09:54:13 /background-jobs/24a2d043-2c71-40f7-b5ab-bbebab372bea {"type": "usd", "usd": 0.0}
2026-09-30 09:54:14 /background-jobs/d030c1b9-5a7e-4837-9501-606a56eea83c {"type": "usd", "usd": 0.0}
2026-09-30 09:54:14 /background-jobs/653db6e6-bdb6-454e-ac98-0fd6d920226a {"type": "usd", "usd": 0.0}
2026-09-30 09:54:15 /background-jobs/7eeff09d-9175-4e30-8cb3-93106bcd4d8e {"type": "usd", "usd": 0.0}
2026-09-30 09:54:15 /background-jobs/7f3f6fb8-cfe0-429b-a8fb-d09e6c4bdaa1 {"type": "usd", "usd": 0.0}
2026-09-30 09:54:16 /background-jobs/718ecd44-90b4-496b-a2c3-f0c2e13bd155 {"type": "usd", "usd": 0.0}
2026-09-30 09:54:17 /background-jobs/7add6ea0-b241-4d17-ad90-1eae5aa955f0 {"type": "usd", "usd": 0.0}
2026-09-30 09:54:19 /background-jobs/24a2d043-2c71-40f7-b5ab-bbebab372bea {"type": "usd", "usd": 0.0}
2026-09-30 09:54:19 /background-jobs/d030c1b9-5a7e-4837-9501-606a56eea83c {"type": "usd", "usd": 0.0}
2026-09-30 09:54:19 /background-jobs/653db6e6-bdb6-454e-ac98-0fd6d920226a {"type": "usd", "usd": 0.0}
2026-09-30 09:54:21 /background-jobs/7eeff09d-9175-4e30-8cb3-93106bcd4d8e {"type": "usd", "usd": 0.0}
2026-09-30 09:54:21 /background-jobs/7f3f6fb8-cfe0-429b-a8fb-d09e6c4bdaa1 {"type": "usd", "usd": 0.0}
2026-09-30 09:54:21 /background-jobs/718ecd44-90b4-496b-a2c3-f0c2e13bd155 {"type": "usd", "usd": 0.0}
2026-09-30 09:54:23 /background-jobs/7add6ea0-b241-4d17-ad90-1eae5aa955f0 {"type": "usd", "usd": 0.0}
2026-09-30 09:54:24 /background-jobs/24a2d043-2c71-40f7-b5ab-bbebab372bea {"type": "usd", "usd": 0.0}
2026-09-30 09:54:25 /background-jobs/d030c1b9-5a7e-4837-9501-606a56eea83c {"type": "usd", "usd": 0.0}
2026-09-30 09:54:25 /background-jobs/653db6e6-bdb6-454e-ac98-0fd6d920226a {"type": "usd", "usd": 0.0}
2026-09-30 09:54:26 /background-jobs/7eeff09d-9175-4e30-8cb3-93106bcd4d8e {"type": "usd", "usd": 0.0}
2026-09-30 09:54:27 /background-jobs/7f3f6fb8-cfe0-429b-a8fb-d09e6c4bdaa1 {"type": "usd", "usd": 0.0}
2026-09-30 09:54:27 /background-jobs/718ecd44-90b4-496b-a2c3-f0c2e13bd155 {"type": "usd", "usd": 0.0}
2026-09-30 09:54:28 /background-jobs/7add6ea0-b241-4d17-ad90-1eae5aa955f0 {"type": "usd", "usd": 0.0}
2026-09-30 09:54:30 /background-jobs/24a2d043-2c71-40f7-b5ab-bbebab372bea {"type": "usd", "usd": 0.0}
2026-09-30 09:54:31 /background-jobs/d030c1b9-5a7e-4837-9501-606a56eea83c {"type": "usd", "usd": 0.0}
2026-09-30 09:54:31 /background-jobs/653db6e6-bdb6-454e-ac98-0fd6d920226a {"type": "usd", "usd": 0.0}
2026-09-30 09:54:32 /background-jobs/7eeff09d-9175-4e30-8cb3-93106bcd4d8e {"type": "usd", "usd": 0.0}
2026-09-30 09:54:32 /background-jobs/7f3f6fb8-cfe0-429b-a8fb-d09e6c4bdaa1 {"type": "usd", "usd": 0.0}
2026-09-30 09:54:33 /background-jobs/718ecd44-90b4-496b-a2c3-f0c2e13bd155 {"type": "usd", "usd": 0.0}
2026-09-30 09:54:34 /background-jobs/7add6ea0-b241-4d17-ad90-1eae5aa955f0 {"type": "usd", "usd": 0.0}
2026-09-30 09:54:36 /background-jobs/24a2d043-2c71-40f7-b5ab-bbebab372bea {"type": "usd", "usd": 0.0}
2026-09-30 09:54:36 /background-jobs/d030c1b9-5a7e-4837-9501-606a56eea83c {"type": "usd", "usd": 0.0}
2026-09-30 09:54:36 /background-jobs/653db6e6-bdb6-454e-ac98-0fd6d920226a {"type": "usd", "usd": 0.0}
2026-09-30 09:54:38 /background-jobs/7eeff09d-9175-4e30-8cb3-93106bcd4d8e {"type": "usd", "usd": 0.0}
2026-09-30 09:54:38 /background-jobs/718ecd44-90b4-496b-a2c3-f0c2e13bd155 {"type": "usd", "usd": 0.0}
2026-09-30 09:54:40 /background-jobs/7f3f6fb8-cfe0-429b-a8fb-d09e6c4bdaa1 {"type": "usd", "usd": 0.0}
2026-09-30 09:54:41 /background-jobs/7add6ea0-b241-4d17-ad90-1eae5aa955f0 {"type": "usd", "usd": 0.0}
2026-09-30 09:54:42 /background-jobs/d030c1b9-5a7e-4837-9501-606a56eea83c {"type": "usd", "usd": 0.0}
2026-09-30 09:54:42 /background-jobs/24a2d043-2c71-40f7-b5ab-bbebab372bea {"type": "usd", "usd": 0.0}
2026-09-30 09:54:43 /background-jobs/7eeff09d-9175-4e30-8cb3-93106bcd4d8e {"type": "usd", "usd": 0.0}
2026-09-30 09:54:44 /background-jobs/718ecd44-90b4-496b-a2c3-f0c2e13bd155 {"type": "usd", "usd": 0.0}
2026-09-30 09:54:45 /background-jobs/653db6e6-bdb6-454e-ac98-0fd6d920226a {"type": "usd", "usd": 0.0}
2026-09-30 09:54:46 /background-jobs/7f3f6fb8-cfe0-429b-a8fb-d09e6c4bdaa1 {"type": "usd", "usd": 0.0}
2026-09-30 09:54:47 /background-jobs/7add6ea0-b241-4d17-ad90-1eae5aa955f0 {"type": "usd", "usd": 0.0}
2026-09-30 09:54:48 /background-jobs/d030c1b9-5a7e-4837-9501-606a56eea83c {"type": "usd", "usd": 0.0}
2026-09-30 09:54:48 /background-jobs/24a2d043-2c71-40f7-b5ab-bbebab372bea {"type": "usd", "usd": 0.0}
2026-09-30 09:54:49 /background-jobs/7eeff09d-9175-4e30-8cb3-93106bcd4d8e {"type": "usd", "usd": 0.0}
2026-09-30 09:54:50 /background-jobs/718ecd44-90b4-496b-a2c3-f0c2e13bd155 {"type": "usd", "usd": 0.0}
2026-09-30 09:54:50 /background-jobs/653db6e6-bdb6-454e-ac98-0fd6d920226a {"type": "usd", "usd": 0.0}
2026-09-30 09:54:51 /background-jobs/7f3f6fb8-cfe0-429b-a8fb-d09e6c4bdaa1 {"type": "usd", "usd": 0.0}
2026-09-30 09:54:53 /background-jobs/7add6ea0-b241-4d17-ad90-1eae5aa955f0 {"type": "usd", "usd": 0.0}
2026-09-30 09:54:54 /background-jobs/d030c1b9-5a7e-4837-9501-606a56eea83c {"type": "usd", "usd": 0.0}
2026-09-30 09:54:54 /background-jobs/24a2d043-2c71-40f7-b5ab-bbebab372bea {"type": "usd", "usd": 0.0}
2026-09-30 09:54:55 /background-jobs/7eeff09d-9175-4e30-8cb3-93106bcd4d8e {"type": "usd", "usd": 0.0}
2026-09-30 09:54:55 /background-jobs/718ecd44-90b4-496b-a2c3-f0c2e13bd155 {"type": "usd", "usd": 0.0}
2026-09-30 09:54:56 /background-jobs/653db6e6-bdb6-454e-ac98-0fd6d920226a {"type": "usd", "usd": 0.0}
2026-09-30 09:54:57 /background-jobs/7f3f6fb8-cfe0-429b-a8fb-d09e6c4bdaa1 {"type": "usd", "usd": 0.0}
2026-09-30 09:54:58 /background-jobs/7add6ea0-b241-4d17-ad90-1eae5aa955f0 {"type": "usd", "usd": 0.0}
2026-09-30 09:54:59 /background-jobs/d030c1b9-5a7e-4837-9501-606a56eea83c {"type": "usd", "usd": 0.0}
2026-09-30 09:54:59 /background-jobs/24a2d043-2c71-40f7-b5ab-bbebab372bea {"type": "usd", "usd": 0.0}
2026-09-30 09:55:00 /background-jobs/7eeff09d-9175-4e30-8cb3-93106bcd4d8e {"type": "usd", "usd": 0.0}
2026-09-30 09:55:01 /background-jobs/718ecd44-90b4-496b-a2c3-f0c2e13bd155 {"type": "usd", "usd": 0.0}
2026-09-30 09:55:02 /background-jobs/653db6e6-bdb6-454e-ac98-0fd6d920226a {"type": "usd", "usd": 0.0}
2026-09-30 09:55:03 /background-jobs/7f3f6fb8-cfe0-429b-a8fb-d09e6c4bdaa1 {"type": "usd", "usd": 0.0}
2026-09-30 09:55:04 /background-jobs/7add6ea0-b241-4d17-ad90-1eae5aa955f0 {"type": "usd", "usd": 0.0}
2026-09-30 09:55:05 /background-jobs/d030c1b9-5a7e-4837-9501-606a56eea83c {"type": "usd", "usd": 0.0}
2026-09-30 09:55:05 /background-jobs/24a2d043-2c71-40f7-b5ab-bbebab372bea {"type": "usd", "usd": 0.0}
2026-09-30 09:55:06 /background-jobs/7eeff09d-9175-4e30-8cb3-93106bcd4d8e {"type": "usd", "usd": 0.0}
2026-09-30 09:55:07 /background-jobs/718ecd44-90b4-496b-a2c3-f0c2e13bd155 {"type": "usd", "usd": 0.0}
2026-09-30 09:55:07 /background-jobs/653db6e6-bdb6-454e-ac98-0fd6d920226a {"type": "usd", "usd": 0.0}
2026-09-30 09:55:09 /background-jobs/7f3f6fb8-cfe0-429b-a8fb-d09e6c4bdaa1 {"type": "usd", "usd": 0.0}
2026-09-30 09:55:10 /background-jobs/7add6ea0-b241-4d17-ad90-1eae5aa955f0 {"type": "usd", "usd": 0.0}
2026-09-30 09:55:11 /background-jobs/d030c1b9-5a7e-4837-9501-606a56eea83c {"type": "usd", "usd": 0.0}
2026-09-30 09:55:11 /background-jobs/24a2d043-2c71-40f7-b5ab-bbebab372bea {"type": "usd", "usd": 0.0}
2026-09-30 09:55:12 /background-jobs/7eeff09d-9175-4e30-8cb3-93106bcd4d8e {"type": "usd", "usd": 0.0}
2026-09-30 09:55:12 /background-jobs/718ecd44-90b4-496b-a2c3-f0c2e13bd155 {"type": "usd", "usd": 0.0}
2026-09-30 09:55:14 /background-jobs/653db6e6-bdb6-454e-ac98-0fd6d920226a {"type": "usd", "usd": 0.0}
2026-09-30 09:55:14 /background-jobs/7f3f6fb8-cfe0-429b-a8fb-d09e6c4bdaa1 {"type": "usd", "usd": 0.0}
2026-09-30 09:55:15 /background-jobs/7add6ea0-b241-4d17-ad90-1eae5aa955f0 {"type": "usd", "usd": 0.0}
2026-09-30 09:55:16 /background-jobs/d030c1b9-5a7e-4837-9501-606a56eea83c {"type": "usd", "usd": 0.0}
2026-09-30 09:55:17 /background-jobs/24a2d043-2c71-40f7-b5ab-bbebab372bea {"type": "usd", "usd": 0.0}
2026-09-30 09:55:17 /background-jobs/7eeff09d-9175-4e30-8cb3-93106bcd4d8e {"type": "usd", "usd": 0.0}
2026-09-30 09:55:18 /background-jobs/718ecd44-90b4-496b-a2c3-f0c2e13bd155 {"type": "usd", "usd": 0.0}
2026-09-30 09:55:20 /background-jobs/653db6e6-bdb6-454e-ac98-0fd6d920226a {"type": "usd", "usd": 0.0}
2026-09-30 09:55:20 /background-jobs/7f3f6fb8-cfe0-429b-a8fb-d09e6c4bdaa1 {"type": "usd", "usd": 0.0}
2026-09-30 09:55:21 /background-jobs/7add6ea0-b241-4d17-ad90-1eae5aa955f0 {"type": "usd", "usd": 0.0}
2026-09-30 09:55:22 /background-jobs/d030c1b9-5a7e-4837-9501-606a56eea83c {"type": "usd", "usd": 0.0}
2026-09-30 09:55:22 /background-jobs/24a2d043-2c71-40f7-b5ab-bbebab372bea {"type": "usd", "usd": 0.0}
2026-09-30 09:55:25 /background-jobs/718ecd44-90b4-496b-a2c3-f0c2e13bd155 {"type": "usd", "usd": 0.0}
2026-09-30 09:55:25 /background-jobs/7eeff09d-9175-4e30-8cb3-93106bcd4d8e {"type": "usd", "usd": 0.0}
2026-09-30 09:55:26 /background-jobs/653db6e6-bdb6-454e-ac98-0fd6d920226a {"type": "usd", "usd": 0.0}
2026-09-30 09:55:27 /background-jobs/7add6ea0-b241-4d17-ad90-1eae5aa955f0 {"type": "usd", "usd": 0.0}
2026-09-30 09:55:28 /background-jobs/d030c1b9-5a7e-4837-9501-606a56eea83c {"type": "usd", "usd": 0.0}
2026-09-30 09:55:28 /background-jobs/24a2d043-2c71-40f7-b5ab-bbebab372bea {"type": "usd", "usd": 0.0}
2026-09-30 09:55:29 /background-jobs/7f3f6fb8-cfe0-429b-a8fb-d09e6c4bdaa1 {"type": "usd", "usd": 0.0}
2026-09-30 09:55:30 /background-jobs/718ecd44-90b4-496b-a2c3-f0c2e13bd155 {"type": "usd", "usd": 0.0}
2026-09-30 09:55:30 /background-jobs/7eeff09d-9175-4e30-8cb3-93106bcd4d8e {"type": "usd", "usd": 0.0}
2026-09-30 09:55:31 /background-jobs/653db6e6-bdb6-454e-ac98-0fd6d920226a {"type": "usd", "usd": 0.0}
2026-09-30 09:55:32 /background-jobs/7add6ea0-b241-4d17-ad90-1eae5aa955f0 {"type": "usd", "usd": 0.0}
2026-09-30 09:55:33 /background-jobs/d030c1b9-5a7e-4837-9501-606a56eea83c {"type": "usd", "usd": 0.0}
2026-09-30 09:55:33 /background-jobs/24a2d043-2c71-40f7-b5ab-bbebab372bea {"type": "usd", "usd": 0.0}
2026-09-30 09:55:34 /background-jobs/7f3f6fb8-cfe0-429b-a8fb-d09e6c4bdaa1 {"type": "usd", "usd": 0.0}
2026-09-30 09:55:36 /background-jobs/718ecd44-90b4-496b-a2c3-f0c2e13bd155 {"type": "usd", "usd": 0.0}
2026-09-30 09:55:36 /background-jobs/7eeff09d-9175-4e30-8cb3-93106bcd4d8e {"type": "usd", "usd": 0.0}
2026-09-30 09:55:37 /background-jobs/653db6e6-bdb6-454e-ac98-0fd6d920226a {"type": "usd", "usd": 0.0}
2026-09-30 09:55:38 /background-jobs/7add6ea0-b241-4d17-ad90-1eae5aa955f0 {"type": "usd", "usd": 0.0}
2026-09-30 09:55:39 /background-jobs/d030c1b9-5a7e-4837-9501-606a56eea83c {"type": "usd", "usd": 0.0}
2026-09-30 09:55:39 /background-jobs/24a2d043-2c71-40f7-b5ab-bbebab372bea {"type": "usd", "usd": 0.0}
2026-09-30 09:55:40 /background-jobs/7f3f6fb8-cfe0-429b-a8fb-d09e6c4bdaa1 {"type": "usd", "usd": 0.0}
2026-09-30 09:55:42 /background-jobs/718ecd44-90b4-496b-a2c3-f0c2e13bd155 {"type": "usd", "usd": 0.0}
2026-09-30 09:55:42 /background-jobs/7eeff09d-9175-4e30-8cb3-93106bcd4d8e {"type": "usd", "usd": 0.0}
2026-09-30 09:55:43 /background-jobs/653db6e6-bdb6-454e-ac98-0fd6d920226a {"type": "usd", "usd": 0.0}
2026-09-30 09:55:44 /background-jobs/7add6ea0-b241-4d17-ad90-1eae5aa955f0 {"type": "usd", "usd": 0.0}
2026-09-30 09:55:45 /background-jobs/d030c1b9-5a7e-4837-9501-606a56eea83c {"type": "usd", "usd": 0.0}
2026-09-30 09:55:45 /background-jobs/24a2d043-2c71-40f7-b5ab-bbebab372bea {"type": "usd", "usd": 0.0}
2026-09-30 09:55:47 /background-jobs/718ecd44-90b4-496b-a2c3-f0c2e13bd155 {"type": "usd", "usd": 0.0}
2026-09-30 09:55:47 /background-jobs/7eeff09d-9175-4e30-8cb3-93106bcd4d8e {"type": "usd", "usd": 0.0}
2026-09-30 09:55:48 /background-jobs/7f3f6fb8-cfe0-429b-a8fb-d09e6c4bdaa1 {"type": "usd", "usd": 0.0}
2026-09-30 09:55:49 /background-jobs/653db6e6-bdb6-454e-ac98-0fd6d920226a {"type": "usd", "usd": 0.0}
2026-09-30 09:55:49 /background-jobs/7add6ea0-b241-4d17-ad90-1eae5aa955f0 {"type": "usd", "usd": 0.0}
2026-09-30 09:55:51 /background-jobs/d030c1b9-5a7e-4837-9501-606a56eea83c {"type": "usd", "usd": 0.0}
2026-09-30 09:55:51 /background-jobs/24a2d043-2c71-40f7-b5ab-bbebab372bea {"type": "usd", "usd": 0.0}
2026-09-30 09:55:53 /background-jobs/718ecd44-90b4-496b-a2c3-f0c2e13bd155 {"type": "usd", "usd": 0.0}
2026-09-30 09:55:53 /background-jobs/7eeff09d-9175-4e30-8cb3-93106bcd4d8e {"type": "usd", "usd": 0.0}
2026-09-30 09:55:54 /background-jobs/7f3f6fb8-cfe0-429b-a8fb-d09e6c4bdaa1 {"type": "usd", "usd": 0.0}
2026-09-30 09:55:54 /background-jobs/653db6e6-bdb6-454e-ac98-0fd6d920226a {"type": "usd", "usd": 0.0}
2026-09-30 09:55:55 /background-jobs/7add6ea0-b241-4d17-ad90-1eae5aa955f0 {"type": "usd", "usd": 0.0}
2026-09-30 09:55:56 /background-jobs/d030c1b9-5a7e-4837-9501-606a56eea83c {"type": "usd", "usd": 0.0}
2026-09-30 09:55:56 /background-jobs/24a2d043-2c71-40f7-b5ab-bbebab372bea {"type": "usd", "usd": 0.0}
2026-09-30 09:55:59 /background-jobs/718ecd44-90b4-496b-a2c3-f0c2e13bd155 {"type": "usd", "usd": 0.0}
2026-09-30 09:55:59 /background-jobs/7eeff09d-9175-4e30-8cb3-93106bcd4d8e {"type": "usd", "usd": 0.0}
2026-09-30 09:55:59 /background-jobs/7f3f6fb8-cfe0-429b-a8fb-d09e6c4bdaa1 {"type": "usd", "usd": 0.0}
2026-09-30 09:56:00 /background-jobs/653db6e6-bdb6-454e-ac98-0fd6d920226a {"type": "usd", "usd": 0.0}
2026-09-30 09:56:01 /background-jobs/7add6ea0-b241-4d17-ad90-1eae5aa955f0 {"type": "usd", "usd": 0.0}
2026-09-30 09:56:02 /background-jobs/d030c1b9-5a7e-4837-9501-606a56eea83c {"type": "usd", "usd": 0.0}
2026-09-30 09:56:02 /background-jobs/24a2d043-2c71-40f7-b5ab-bbebab372bea {"type": "usd", "usd": 0.0}
2026-09-30 09:56:04 /background-jobs/718ecd44-90b4-496b-a2c3-f0c2e13bd155 {"type": "usd", "usd": 0.0}
2026-09-30 09:56:05 /background-jobs/7f3f6fb8-cfe0-429b-a8fb-d09e6c4bdaa1 {"type": "usd", "usd": 0.0}
2026-09-30 09:56:06 /background-jobs/653db6e6-bdb6-454e-ac98-0fd6d920226a {"type": "usd", "usd": 0.0}
2026-09-30 09:56:06 /background-jobs/7eeff09d-9175-4e30-8cb3-93106bcd4d8e {"type": "usd", "usd": 0.0}
2026-09-30 09:56:06 /background-jobs/7add6ea0-b241-4d17-ad90-1eae5aa955f0 {"type": "usd", "usd": 0.0}
2026-09-30 09:56:08 /background-jobs/d030c1b9-5a7e-4837-9501-606a56eea83c {"type": "usd", "usd": 0.0}
2026-09-30 09:56:08 /background-jobs/24a2d043-2c71-40f7-b5ab-bbebab372bea {"type": "usd", "usd": 0.0}
2026-09-30 09:56:10 /background-jobs/718ecd44-90b4-496b-a2c3-f0c2e13bd155 {"type": "usd", "usd": 0.0}
2026-09-30 09:56:11 /background-jobs/7f3f6fb8-cfe0-429b-a8fb-d09e6c4bdaa1 {"type": "usd", "usd": 0.0}
2026-09-30 09:56:11 /background-jobs/653db6e6-bdb6-454e-ac98-0fd6d920226a {"type": "usd", "usd": 0.0}
2026-09-30 09:56:12 /background-jobs/7eeff09d-9175-4e30-8cb3-93106bcd4d8e {"type": "usd", "usd": 0.0}
2026-09-30 09:56:12 /background-jobs/7add6ea0-b241-4d17-ad90-1eae5aa955f0 {"type": "usd", "usd": 0.0}
2026-09-30 09:56:13 /background-jobs/24a2d043-2c71-40f7-b5ab-bbebab372bea {"type": "usd", "usd": 0.0}
2026-09-30 09:56:13 /background-jobs/d030c1b9-5a7e-4837-9501-606a56eea83c {"type": "usd", "usd": 0.0}
2026-09-30 09:56:16 /background-jobs/718ecd44-90b4-496b-a2c3-f0c2e13bd155 {"type": "usd", "usd": 0.0}
2026-09-30 09:56:16 /background-jobs/7f3f6fb8-cfe0-429b-a8fb-d09e6c4bdaa1 {"type": "usd", "usd": 0.0}
2026-09-30 09:56:17 /background-jobs/653db6e6-bdb6-454e-ac98-0fd6d920226a {"type": "usd", "usd": 0.0}
2026-09-30 09:56:17 /background-jobs/7eeff09d-9175-4e30-8cb3-93106bcd4d8e {"type": "usd", "usd": 0.0}
2026-09-30 09:56:18 /background-jobs/7add6ea0-b241-4d17-ad90-1eae5aa955f0 {"type": "usd", "usd": 0.0}
2026-09-30 09:56:19 /background-jobs/24a2d043-2c71-40f7-b5ab-bbebab372bea {"type": "usd", "usd": 0.0}
2026-09-30 09:56:19 /background-jobs/d030c1b9-5a7e-4837-9501-606a56eea83c {"type": "usd", "usd": 0.0}
2026-09-30 09:56:21 /background-jobs/718ecd44-90b4-496b-a2c3-f0c2e13bd155 {"type": "usd", "usd": 0.0}
2026-09-30 09:56:23 /background-jobs/653db6e6-bdb6-454e-ac98-0fd6d920226a {"type": "usd", "usd": 0.0}
2026-09-30 09:56:23 /background-jobs/7f3f6fb8-cfe0-429b-a8fb-d09e6c4bdaa1 {"type": "usd", "usd": 0.0}
2026-09-30 09:56:23 /background-jobs/7eeff09d-9175-4e30-8cb3-93106bcd4d8e {"type": "usd", "usd": 0.0}
2026-09-30 09:56:23 /background-jobs/7add6ea0-b241-4d17-ad90-1eae5aa955f0 {"type": "usd", "usd": 0.0}
2026-09-30 09:56:25 /background-jobs/24a2d043-2c71-40f7-b5ab-bbebab372bea {"type": "usd", "usd": 0.0}
2026-09-30 09:56:25 /background-jobs/d030c1b9-5a7e-4837-9501-606a56eea83c {"type": "usd", "usd": 0.0}
2026-09-30 09:56:27 /background-jobs/718ecd44-90b4-496b-a2c3-f0c2e13bd155 {"type": "usd", "usd": 0.0}
2026-09-30 09:56:28 /background-jobs/653db6e6-bdb6-454e-ac98-0fd6d920226a {"type": "usd", "usd": 0.0}
2026-09-30 09:56:28 /background-jobs/7f3f6fb8-cfe0-429b-a8fb-d09e6c4bdaa1 {"type": "usd", "usd": 0.0}
2026-09-30 09:56:29 /background-jobs/7add6ea0-b241-4d17-ad90-1eae5aa955f0 {"type": "usd", "usd": 0.0}
2026-09-30 09:56:29 /background-jobs/7eeff09d-9175-4e30-8cb3-93106bcd4d8e {"type": "usd", "usd": 0.0}
2026-09-30 09:56:31 /background-jobs/24a2d043-2c71-40f7-b5ab-bbebab372bea {"type": "usd", "usd": 0.0}
2026-09-30 09:56:31 /background-jobs/d030c1b9-5a7e-4837-9501-606a56eea83c {"type": "usd", "usd": 0.0}
2026-09-30 09:56:33 /background-jobs/718ecd44-90b4-496b-a2c3-f0c2e13bd155 {"type": "usd", "usd": 0.0}
2026-09-30 09:56:34 /background-jobs/7f3f6fb8-cfe0-429b-a8fb-d09e6c4bdaa1 {"type": "usd", "usd": 0.0}
2026-09-30 09:56:35 /background-jobs/7add6ea0-b241-4d17-ad90-1eae5aa955f0 {"type": "usd", "usd": 0.0}
2026-09-30 09:56:35 /background-jobs/7eeff09d-9175-4e30-8cb3-93106bcd4d8e {"type": "usd", "usd": 0.0}
2026-09-30 09:56:35 /background-jobs/653db6e6-bdb6-454e-ac98-0fd6d920226a {"type": "usd", "usd": 0.0}
2026-09-30 09:56:37 /background-jobs/24a2d043-2c71-40f7-b5ab-bbebab372bea {"type": "usd", "usd": 0.0}
2026-09-30 09:56:37 /background-jobs/d030c1b9-5a7e-4837-9501-606a56eea83c {"type": "usd", "usd": 0.0}
2026-09-30 09:56:39 /background-jobs/718ecd44-90b4-496b-a2c3-f0c2e13bd155 {"type": "usd", "usd": 0.0}
2026-09-30 09:56:40 /background-jobs/7f3f6fb8-cfe0-429b-a8fb-d09e6c4bdaa1 {"type": "usd", "usd": 0.0}
2026-09-30 09:56:40 /background-jobs/7add6ea0-b241-4d17-ad90-1eae5aa955f0 {"type": "usd", "usd": 0.0}
2026-09-30 09:56:40 /background-jobs/7eeff09d-9175-4e30-8cb3-93106bcd4d8e {"type": "usd", "usd": 0.0}
2026-09-30 09:56:40 /background-jobs/653db6e6-bdb6-454e-ac98-0fd6d920226a {"type": "usd", "usd": 0.0}
2026-09-30 09:56:42 /background-jobs/24a2d043-2c71-40f7-b5ab-bbebab372bea {"type": "usd", "usd": 0.0}
2026-09-30 09:56:42 /background-jobs/d030c1b9-5a7e-4837-9501-606a56eea83c {"type": "usd", "usd": 0.0}
2026-09-30 09:56:44 /background-jobs/718ecd44-90b4-496b-a2c3-f0c2e13bd155 {"type": "usd", "usd": 0.0}
2026-09-30 09:56:46 /background-jobs/7f3f6fb8-cfe0-429b-a8fb-d09e6c4bdaa1 {"type": "usd", "usd": 0.0}
2026-09-30 09:56:46 /background-jobs/7add6ea0-b241-4d17-ad90-1eae5aa955f0 {"type": "usd", "usd": 0.0}
2026-09-30 09:56:46 /background-jobs/7eeff09d-9175-4e30-8cb3-93106bcd4d8e {"type": "usd", "usd": 0.0}
2026-09-30 09:56:46 /background-jobs/653db6e6-bdb6-454e-ac98-0fd6d920226a {"type": "usd", "usd": 0.0}
2026-09-30 09:56:49 /background-jobs/24a2d043-2c71-40f7-b5ab-bbebab372bea {"type": "usd", "usd": 0.0}
2026-09-30 09:56:49 /background-jobs/d030c1b9-5a7e-4837-9501-606a56eea83c {"type": "usd", "usd": 0.0}
2026-09-30 09:56:50 /background-jobs/718ecd44-90b4-496b-a2c3-f0c2e13bd155 {"type": "usd", "usd": 0.0}
2026-09-30 09:56:51 /background-jobs/7f3f6fb8-cfe0-429b-a8fb-d09e6c4bdaa1 {"type": "usd", "usd": 0.0}
2026-09-30 09:56:52 /background-jobs/7add6ea0-b241-4d17-ad90-1eae5aa955f0 {"type": "usd", "usd": 0.0}
2026-09-30 09:56:52 /background-jobs/7eeff09d-9175-4e30-8cb3-93106bcd4d8e {"type": "usd", "usd": 0.0}
2026-09-30 09:56:52 /background-jobs/653db6e6-bdb6-454e-ac98-0fd6d920226a {"type": "usd", "usd": 0.0}
2026-09-30 09:56:55 /background-jobs/24a2d043-2c71-40f7-b5ab-bbebab372bea {"type": "usd", "usd": 0.0}
2026-09-30 09:56:55 /background-jobs/d030c1b9-5a7e-4837-9501-606a56eea83c {"type": "usd", "usd": 0.0}
2026-09-30 09:56:56 /background-jobs/718ecd44-90b4-496b-a2c3-f0c2e13bd155 {"type": "usd", "usd": 0.0}
2026-09-30 09:56:57 /background-jobs/7f3f6fb8-cfe0-429b-a8fb-d09e6c4bdaa1 {"type": "usd", "usd": 0.0}
2026-09-30 09:56:57 /background-jobs/7add6ea0-b241-4d17-ad90-1eae5aa955f0 {"type": "usd", "usd": 0.0}
2026-09-30 09:56:57 /background-jobs/7eeff09d-9175-4e30-8cb3-93106bcd4d8e {"type": "usd", "usd": 0.0}
2026-09-30 09:56:57 /background-jobs/653db6e6-bdb6-454e-ac98-0fd6d920226a {"type": "usd", "usd": 0.0}
2026-09-30 09:57:00 /background-jobs/24a2d043-2c71-40f7-b5ab-bbebab372bea {"type": "usd", "usd": 0.0}
2026-09-30 09:57:01 /background-jobs/d030c1b9-5a7e-4837-9501-606a56eea83c {"type": "usd", "usd": 0.0}
2026-09-30 09:57:02 /background-jobs/718ecd44-90b4-496b-a2c3-f0c2e13bd155 {"type": "usd", "usd": 0.0}
2026-09-30 09:57:03 /background-jobs/7eeff09d-9175-4e30-8cb3-93106bcd4d8e {"type": "usd", "usd": 0.0}
2026-09-30 09:57:03 /background-jobs/7add6ea0-b241-4d17-ad90-1eae5aa955f0 {"type": "usd", "usd": 0.0}
2026-09-30 09:57:04 /background-jobs/653db6e6-bdb6-454e-ac98-0fd6d920226a {"type": "usd", "usd": 0.0}
2026-09-30 09:57:04 /background-jobs/7f3f6fb8-cfe0-429b-a8fb-d09e6c4bdaa1 {"type": "usd", "usd": 0.0}
2026-09-30 09:57:06 /background-jobs/24a2d043-2c71-40f7-b5ab-bbebab372bea {"type": "usd", "usd": 0.0}
2026-09-30 09:57:07 /background-jobs/d030c1b9-5a7e-4837-9501-606a56eea83c {"type": "usd", "usd": 0.0}
2026-09-30 09:57:07 /background-jobs/718ecd44-90b4-496b-a2c3-f0c2e13bd155 {"type": "usd", "usd": 0.0}
2026-09-30 09:57:09 /background-jobs/7add6ea0-b241-4d17-ad90-1eae5aa955f0 {"type": "usd", "usd": 0.0}
2026-09-30 09:57:09 /background-jobs/653db6e6-bdb6-454e-ac98-0fd6d920226a {"type": "usd", "usd": 0.0}
2026-09-30 09:57:09 /background-jobs/7f3f6fb8-cfe0-429b-a8fb-d09e6c4bdaa1 {"type": "usd", "usd": 0.0}
2026-09-30 09:57:10 /background-jobs/7eeff09d-9175-4e30-8cb3-93106bcd4d8e {"type": "usd", "usd": 0.0}
2026-09-30 09:57:12 /background-jobs/24a2d043-2c71-40f7-b5ab-bbebab372bea {"type": "usd", "usd": 0.0}
2026-09-30 09:57:13 /background-jobs/d030c1b9-5a7e-4837-9501-606a56eea83c {"type": "usd", "usd": 0.0}
2026-09-30 09:57:13 /background-jobs/718ecd44-90b4-496b-a2c3-f0c2e13bd155 {"type": "usd", "usd": 0.0}
2026-09-30 09:57:15 /background-jobs/7add6ea0-b241-4d17-ad90-1eae5aa955f0 {"type": "usd", "usd": 0.0}
2026-09-30 09:57:15 /background-jobs/653db6e6-bdb6-454e-ac98-0fd6d920226a {"type": "usd", "usd": 0.0}
2026-09-30 09:57:15 /background-jobs/7f3f6fb8-cfe0-429b-a8fb-d09e6c4bdaa1 {"type": "usd", "usd": 0.0}
2026-09-30 09:57:15 /background-jobs/7eeff09d-9175-4e30-8cb3-93106bcd4d8e {"type": "usd", "usd": 0.0}
2026-09-30 09:57:17 /background-jobs/24a2d043-2c71-40f7-b5ab-bbebab372bea {"type": "usd", "usd": 0.0}
2026-09-30 09:57:18 /background-jobs/d030c1b9-5a7e-4837-9501-606a56eea83c {"type": "usd", "usd": 0.0}
2026-09-30 09:57:19 /background-jobs/718ecd44-90b4-496b-a2c3-f0c2e13bd155 {"type": "usd", "usd": 0.0}
2026-09-30 09:57:21 /background-jobs/7add6ea0-b241-4d17-ad90-1eae5aa955f0 {"type": "usd", "usd": 0.0}
2026-09-30 09:57:21 /background-jobs/653db6e6-bdb6-454e-ac98-0fd6d920226a {"type": "usd", "usd": 0.0}
2026-09-30 09:57:21 /background-jobs/7f3f6fb8-cfe0-429b-a8fb-d09e6c4bdaa1 {"type": "usd", "usd": 0.0}
2026-09-30 09:57:21 /background-jobs/7eeff09d-9175-4e30-8cb3-93106bcd4d8e {"type": "usd", "usd": 0.0}
2026-09-30 09:57:23 /background-jobs/24a2d043-2c71-40f7-b5ab-bbebab372bea {"type": "usd", "usd": 0.0}
2026-09-30 09:57:24 /background-jobs/d030c1b9-5a7e-4837-9501-606a56eea83c {"type": "usd", "usd": 0.0}
2026-09-30 09:57:24 /background-jobs/718ecd44-90b4-496b-a2c3-f0c2e13bd155 {"type": "usd", "usd": 0.0}
2026-09-30 09:57:26 /background-jobs/653db6e6-bdb6-454e-ac98-0fd6d920226a {"type": "usd", "usd": 0.0}
2026-09-30 09:57:26 /background-jobs/7f3f6fb8-cfe0-429b-a8fb-d09e6c4bdaa1 {"type": "usd", "usd": 0.0}
2026-09-30 09:57:27 /background-jobs/7eeff09d-9175-4e30-8cb3-93106bcd4d8e {"type": "usd", "usd": 0.0}
2026-09-30 09:57:27 /background-jobs/7add6ea0-b241-4d17-ad90-1eae5aa955f0 {"type": "usd", "usd": 0.0}
2026-09-30 09:57:28 /background-jobs/24a2d043-2c71-40f7-b5ab-bbebab372bea {"type": "usd", "usd": 0.0}
2026-09-30 09:57:29 /background-jobs/d030c1b9-5a7e-4837-9501-606a56eea83c {"type": "generations", "generations": 1.0}
2026-09-30 09:57:30 /background-jobs/718ecd44-90b4-496b-a2c3-f0c2e13bd155 {"type": "usd", "usd": 0.0}
2026-09-30 09:57:32 /background-jobs/653db6e6-bdb6-454e-ac98-0fd6d920226a {"type": "usd", "usd": 0.0}
2026-09-30 09:57:32 /background-jobs/7f3f6fb8-cfe0-429b-a8fb-d09e6c4bdaa1 {"type": "usd", "usd": 0.0}
2026-09-30 09:57:32 /background-jobs/7eeff09d-9175-4e30-8cb3-93106bcd4d8e {"type": "usd", "usd": 0.0}
2026-09-30 09:57:32 /background-jobs/7add6ea0-b241-4d17-ad90-1eae5aa955f0 {"type": "usd", "usd": 0.0}
2026-09-30 09:57:35 /background-jobs/24a2d043-2c71-40f7-b5ab-bbebab372bea {"type": "usd", "usd": 0.0}
2026-09-30 09:57:35 /background-jobs/d030c1b9-5a7e-4837-9501-606a56eea83c {"type": "generations", "generations": 1.0}
2026-09-30 09:57:36 /background-jobs/718ecd44-90b4-496b-a2c3-f0c2e13bd155 {"type": "usd", "usd": 0.0}
2026-09-30 09:57:38 /background-jobs/653db6e6-bdb6-454e-ac98-0fd6d920226a {"type": "usd", "usd": 0.0}
2026-09-30 09:57:38 /background-jobs/7f3f6fb8-cfe0-429b-a8fb-d09e6c4bdaa1 {"type": "usd", "usd": 0.0}
2026-09-30 09:57:38 /background-jobs/7add6ea0-b241-4d17-ad90-1eae5aa955f0 {"type": "usd", "usd": 0.0}
2026-09-30 09:57:38 /background-jobs/7eeff09d-9175-4e30-8cb3-93106bcd4d8e {"type": "usd", "usd": 0.0}
2026-09-30 09:57:42 /background-jobs/24a2d043-2c71-40f7-b5ab-bbebab372bea {"type": "usd", "usd": 0.0}
2026-09-30 09:57:44 /background-jobs/7add6ea0-b241-4d17-ad90-1eae5aa955f0 {"type": "usd", "usd": 0.0}
2026-09-30 09:57:44 /background-jobs/7eeff09d-9175-4e30-8cb3-93106bcd4d8e {"type": "usd", "usd": 0.0}
2026-09-30 09:57:44 /background-jobs/653db6e6-bdb6-454e-ac98-0fd6d920226a {"type": "usd", "usd": 0.0}
2026-09-30 09:57:44 /background-jobs/7f3f6fb8-cfe0-429b-a8fb-d09e6c4bdaa1 {"type": "usd", "usd": 0.0}
2026-09-30 09:57:44 /background-jobs/718ecd44-90b4-496b-a2c3-f0c2e13bd155 {"type": "usd", "usd": 0.0}
2026-09-30 09:57:48 /background-jobs/24a2d043-2c71-40f7-b5ab-bbebab372bea {"type": "usd", "usd": 0.0}
2026-09-30 09:57:49 /background-jobs/7eeff09d-9175-4e30-8cb3-93106bcd4d8e {"type": "usd", "usd": 0.0}
2026-09-30 09:57:50 /background-jobs/7f3f6fb8-cfe0-429b-a8fb-d09e6c4bdaa1 {"type": "usd", "usd": 0.0}
2026-09-30 09:57:51 /background-jobs/718ecd44-90b4-496b-a2c3-f0c2e13bd155 {"type": "usd", "usd": 0.0}
2026-09-30 09:57:51 /background-jobs/653db6e6-bdb6-454e-ac98-0fd6d920226a {"type": "usd", "usd": 0.0}
2026-09-30 09:57:51 /background-jobs/7add6ea0-b241-4d17-ad90-1eae5aa955f0 {"type": "usd", "usd": 0.0}
2026-09-30 09:57:53 /background-jobs/24a2d043-2c71-40f7-b5ab-bbebab372bea {"type": "usd", "usd": 0.0}
2026-09-30 09:57:55 /background-jobs/7eeff09d-9175-4e30-8cb3-93106bcd4d8e {"type": "usd", "usd": 0.0}
2026-09-30 09:57:56 /background-jobs/7f3f6fb8-cfe0-429b-a8fb-d09e6c4bdaa1 {"type": "usd", "usd": 0.0}
2026-09-30 09:57:56 /background-jobs/718ecd44-90b4-496b-a2c3-f0c2e13bd155 {"type": "usd", "usd": 0.0}
2026-09-30 09:57:56 /background-jobs/653db6e6-bdb6-454e-ac98-0fd6d920226a {"type": "usd", "usd": 0.0}
2026-09-30 09:57:57 /background-jobs/7add6ea0-b241-4d17-ad90-1eae5aa955f0 {"type": "usd", "usd": 0.0}
2026-09-30 09:57:59 /background-jobs/24a2d043-2c71-40f7-b5ab-bbebab372bea {"type": "usd", "usd": 0.0}
2026-09-30 09:58:01 /background-jobs/7eeff09d-9175-4e30-8cb3-93106bcd4d8e {"type": "usd", "usd": 0.0}
2026-09-30 09:58:02 /background-jobs/7f3f6fb8-cfe0-429b-a8fb-d09e6c4bdaa1 {"type": "usd", "usd": 0.0}
2026-09-30 09:58:02 /background-jobs/718ecd44-90b4-496b-a2c3-f0c2e13bd155 {"type": "usd", "usd": 0.0}
2026-09-30 09:58:02 /background-jobs/653db6e6-bdb6-454e-ac98-0fd6d920226a {"type": "usd", "usd": 0.0}
2026-09-30 09:58:02 /background-jobs/7add6ea0-b241-4d17-ad90-1eae5aa955f0 {"type": "usd", "usd": 0.0}
2026-09-30 09:58:05 /background-jobs/24a2d043-2c71-40f7-b5ab-bbebab372bea {"type": "usd", "usd": 0.0}
2026-09-30 09:58:07 /background-jobs/7f3f6fb8-cfe0-429b-a8fb-d09e6c4bdaa1 {"type": "usd", "usd": 0.0}
2026-09-30 09:58:07 /background-jobs/7eeff09d-9175-4e30-8cb3-93106bcd4d8e {"type": "usd", "usd": 0.0}
2026-09-30 09:58:08 /background-jobs/718ecd44-90b4-496b-a2c3-f0c2e13bd155 {"type": "usd", "usd": 0.0}
2026-09-30 09:58:08 /background-jobs/653db6e6-bdb6-454e-ac98-0fd6d920226a {"type": "usd", "usd": 0.0}
2026-09-30 09:58:08 /background-jobs/7add6ea0-b241-4d17-ad90-1eae5aa955f0 {"type": "usd", "usd": 0.0}
2026-09-30 09:58:10 /background-jobs/24a2d043-2c71-40f7-b5ab-bbebab372bea {"type": "usd", "usd": 0.0}
2026-09-30 09:58:13 /background-jobs/7f3f6fb8-cfe0-429b-a8fb-d09e6c4bdaa1 {"type": "usd", "usd": 0.0}
2026-09-30 09:58:13 /background-jobs/7eeff09d-9175-4e30-8cb3-93106bcd4d8e {"type": "usd", "usd": 0.0}
2026-09-30 09:58:13 /background-jobs/718ecd44-90b4-496b-a2c3-f0c2e13bd155 {"type": "usd", "usd": 0.0}
2026-09-30 09:58:13 /background-jobs/653db6e6-bdb6-454e-ac98-0fd6d920226a {"type": "usd", "usd": 0.0}
2026-09-30 09:58:14 /background-jobs/7add6ea0-b241-4d17-ad90-1eae5aa955f0 {"type": "usd", "usd": 0.0}
2026-09-30 09:58:16 /background-jobs/24a2d043-2c71-40f7-b5ab-bbebab372bea {"type": "usd", "usd": 0.0}
2026-09-30 09:58:18 /background-jobs/7f3f6fb8-cfe0-429b-a8fb-d09e6c4bdaa1 {"type": "usd", "usd": 0.0}
2026-09-30 09:58:19 /background-jobs/7eeff09d-9175-4e30-8cb3-93106bcd4d8e {"type": "usd", "usd": 0.0}
2026-09-30 09:58:19 /background-jobs/653db6e6-bdb6-454e-ac98-0fd6d920226a {"type": "usd", "usd": 0.0}
2026-09-30 09:58:19 /background-jobs/7add6ea0-b241-4d17-ad90-1eae5aa955f0 {"type": "usd", "usd": 0.0}
2026-09-30 09:58:20 /background-jobs/718ecd44-90b4-496b-a2c3-f0c2e13bd155 {"type": "usd", "usd": 0.0}
2026-09-30 09:58:22 /background-jobs/24a2d043-2c71-40f7-b5ab-bbebab372bea {"type": "usd", "usd": 0.0}
2026-09-30 09:58:24 /background-jobs/7f3f6fb8-cfe0-429b-a8fb-d09e6c4bdaa1 {"type": "usd", "usd": 0.0}
2026-09-30 09:58:24 /background-jobs/7eeff09d-9175-4e30-8cb3-93106bcd4d8e {"type": "usd", "usd": 0.0}
2026-09-30 09:58:25 /background-jobs/653db6e6-bdb6-454e-ac98-0fd6d920226a {"type": "usd", "usd": 0.0}
2026-09-30 09:58:26 /background-jobs/7add6ea0-b241-4d17-ad90-1eae5aa955f0 {"type": "usd", "usd": 0.0}
2026-09-30 09:58:26 /background-jobs/718ecd44-90b4-496b-a2c3-f0c2e13bd155 {"type": "usd", "usd": 0.0}
2026-09-30 09:58:28 /background-jobs/24a2d043-2c71-40f7-b5ab-bbebab372bea {"type": "usd", "usd": 0.0}
2026-09-30 09:58:30 /background-jobs/7f3f6fb8-cfe0-429b-a8fb-d09e6c4bdaa1 {"type": "usd", "usd": 0.0}
2026-09-30 09:58:30 /background-jobs/7eeff09d-9175-4e30-8cb3-93106bcd4d8e {"type": "usd", "usd": 0.0}
2026-09-30 09:58:30 /background-jobs/653db6e6-bdb6-454e-ac98-0fd6d920226a {"type": "usd", "usd": 0.0}
2026-09-30 09:58:31 /background-jobs/7add6ea0-b241-4d17-ad90-1eae5aa955f0 {"type": "usd", "usd": 0.0}
2026-09-30 09:58:32 /background-jobs/718ecd44-90b4-496b-a2c3-f0c2e13bd155 {"type": "usd", "usd": 0.0}
2026-09-30 09:58:33 /background-jobs/24a2d043-2c71-40f7-b5ab-bbebab372bea {"type": "usd", "usd": 0.0}
2026-09-30 09:58:35 /background-jobs/7f3f6fb8-cfe0-429b-a8fb-d09e6c4bdaa1 {"type": "usd", "usd": 0.0}
2026-09-30 09:58:36 /background-jobs/7eeff09d-9175-4e30-8cb3-93106bcd4d8e {"type": "usd", "usd": 0.0}
2026-09-30 09:58:36 /background-jobs/653db6e6-bdb6-454e-ac98-0fd6d920226a {"type": "usd", "usd": 0.0}
2026-09-30 09:58:37 /background-jobs/7add6ea0-b241-4d17-ad90-1eae5aa955f0 {"type": "usd", "usd": 0.0}
2026-09-30 09:58:37 /background-jobs/718ecd44-90b4-496b-a2c3-f0c2e13bd155 {"type": "usd", "usd": 0.0}
2026-09-30 09:58:39 /background-jobs/24a2d043-2c71-40f7-b5ab-bbebab372bea {"type": "usd", "usd": 0.0}
2026-09-30 09:58:41 /background-jobs/7f3f6fb8-cfe0-429b-a8fb-d09e6c4bdaa1 {"type": "usd", "usd": 0.0}
2026-09-30 09:58:41 /background-jobs/7eeff09d-9175-4e30-8cb3-93106bcd4d8e {"type": "usd", "usd": 0.0}
2026-09-30 09:58:42 /background-jobs/653db6e6-bdb6-454e-ac98-0fd6d920226a {"type": "usd", "usd": 0.0}
2026-09-30 09:58:43 /background-jobs/7add6ea0-b241-4d17-ad90-1eae5aa955f0 {"type": "usd", "usd": 0.0}
2026-09-30 09:58:43 /background-jobs/718ecd44-90b4-496b-a2c3-f0c2e13bd155 {"type": "usd", "usd": 0.0}
2026-09-30 09:58:45 /background-jobs/24a2d043-2c71-40f7-b5ab-bbebab372bea {"type": "usd", "usd": 0.0}
2026-09-30 09:58:47 /background-jobs/7eeff09d-9175-4e30-8cb3-93106bcd4d8e {"type": "usd", "usd": 0.0}
2026-09-30 09:58:47 /background-jobs/653db6e6-bdb6-454e-ac98-0fd6d920226a {"type": "usd", "usd": 0.0}
2026-09-30 09:58:48 /background-jobs/7add6ea0-b241-4d17-ad90-1eae5aa955f0 {"type": "usd", "usd": 0.0}
2026-09-30 09:58:49 /background-jobs/718ecd44-90b4-496b-a2c3-f0c2e13bd155 {"type": "usd", "usd": 0.0}
2026-09-30 09:58:50 /background-jobs/7f3f6fb8-cfe0-429b-a8fb-d09e6c4bdaa1 {"type": "usd", "usd": 0.0}
2026-09-30 09:58:50 /background-jobs/24a2d043-2c71-40f7-b5ab-bbebab372bea {"type": "usd", "usd": 0.0}
2026-09-30 09:58:53 /background-jobs/7eeff09d-9175-4e30-8cb3-93106bcd4d8e {"type": "usd", "usd": 0.0}
2026-09-30 09:58:53 /background-jobs/653db6e6-bdb6-454e-ac98-0fd6d920226a {"type": "usd", "usd": 0.0}
2026-09-30 09:58:54 /background-jobs/7add6ea0-b241-4d17-ad90-1eae5aa955f0 {"type": "usd", "usd": 0.0}
2026-09-30 09:58:54 /background-jobs/718ecd44-90b4-496b-a2c3-f0c2e13bd155 {"type": "usd", "usd": 0.0}
2026-09-30 09:58:56 /background-jobs/7f3f6fb8-cfe0-429b-a8fb-d09e6c4bdaa1 {"type": "usd", "usd": 0.0}
2026-09-30 09:58:56 /background-jobs/24a2d043-2c71-40f7-b5ab-bbebab372bea {"type": "usd", "usd": 0.0}
2026-09-30 09:58:59 /background-jobs/7eeff09d-9175-4e30-8cb3-93106bcd4d8e {"type": "usd", "usd": 0.0}
2026-09-30 09:58:59 /background-jobs/653db6e6-bdb6-454e-ac98-0fd6d920226a {"type": "usd", "usd": 0.0}
2026-09-30 09:59:00 /background-jobs/7add6ea0-b241-4d17-ad90-1eae5aa955f0 {"type": "usd", "usd": 0.0}
2026-09-30 09:59:00 /background-jobs/718ecd44-90b4-496b-a2c3-f0c2e13bd155 {"type": "usd", "usd": 0.0}
2026-09-30 09:59:01 /background-jobs/7f3f6fb8-cfe0-429b-a8fb-d09e6c4bdaa1 {"type": "usd", "usd": 0.0}
2026-09-30 09:59:02 /background-jobs/24a2d043-2c71-40f7-b5ab-bbebab372bea {"type": "usd", "usd": 0.0}
2026-09-30 09:59:04 /background-jobs/7eeff09d-9175-4e30-8cb3-93106bcd4d8e {"type": "usd", "usd": 0.0}
2026-09-30 09:59:05 /background-jobs/653db6e6-bdb6-454e-ac98-0fd6d920226a {"type": "usd", "usd": 0.0}
2026-09-30 09:59:05 /background-jobs/7add6ea0-b241-4d17-ad90-1eae5aa955f0 {"type": "usd", "usd": 0.0}
2026-09-30 09:59:06 /background-jobs/718ecd44-90b4-496b-a2c3-f0c2e13bd155 {"type": "usd", "usd": 0.0}
2026-09-30 09:59:07 /background-jobs/7f3f6fb8-cfe0-429b-a8fb-d09e6c4bdaa1 {"type": "usd", "usd": 0.0}
2026-09-30 09:59:07 /background-jobs/24a2d043-2c71-40f7-b5ab-bbebab372bea {"type": "usd", "usd": 0.0}
2026-09-30 09:59:10 /background-jobs/7eeff09d-9175-4e30-8cb3-93106bcd4d8e {"type": "usd", "usd": 0.0}
2026-09-30 09:59:10 /background-jobs/653db6e6-bdb6-454e-ac98-0fd6d920226a {"type": "usd", "usd": 0.0}
2026-09-30 09:59:11 /background-jobs/7add6ea0-b241-4d17-ad90-1eae5aa955f0 {"type": "usd", "usd": 0.0}
2026-09-30 09:59:11 /background-jobs/718ecd44-90b4-496b-a2c3-f0c2e13bd155 {"type": "usd", "usd": 0.0}
2026-09-30 09:59:13 /background-jobs/7f3f6fb8-cfe0-429b-a8fb-d09e6c4bdaa1 {"type": "usd", "usd": 0.0}
2026-09-30 09:59:13 /background-jobs/24a2d043-2c71-40f7-b5ab-bbebab372bea {"type": "usd", "usd": 0.0}
2026-09-30 09:59:16 /background-jobs/7eeff09d-9175-4e30-8cb3-93106bcd4d8e {"type": "usd", "usd": 0.0}
2026-09-30 09:59:16 /background-jobs/653db6e6-bdb6-454e-ac98-0fd6d920226a {"type": "usd", "usd": 0.0}
2026-09-30 09:59:17 /background-jobs/7add6ea0-b241-4d17-ad90-1eae5aa955f0 {"type": "usd", "usd": 0.0}
2026-09-30 09:59:17 /background-jobs/718ecd44-90b4-496b-a2c3-f0c2e13bd155 {"type": "usd", "usd": 0.0}
2026-09-30 09:59:18 /background-jobs/7f3f6fb8-cfe0-429b-a8fb-d09e6c4bdaa1 {"type": "usd", "usd": 0.0}
2026-09-30 09:59:19 /background-jobs/24a2d043-2c71-40f7-b5ab-bbebab372bea {"type": "usd", "usd": 0.0}
2026-09-30 09:59:21 /background-jobs/7eeff09d-9175-4e30-8cb3-93106bcd4d8e {"type": "usd", "usd": 0.0}
2026-09-30 09:59:22 /background-jobs/653db6e6-bdb6-454e-ac98-0fd6d920226a {"type": "usd", "usd": 0.0}
2026-09-30 09:59:22 /background-jobs/7add6ea0-b241-4d17-ad90-1eae5aa955f0 {"type": "usd", "usd": 0.0}
2026-09-30 09:59:23 /background-jobs/718ecd44-90b4-496b-a2c3-f0c2e13bd155 {"type": "usd", "usd": 0.0}
2026-09-30 09:59:24 /background-jobs/7f3f6fb8-cfe0-429b-a8fb-d09e6c4bdaa1 {"type": "usd", "usd": 0.0}
2026-09-30 09:59:25 /background-jobs/24a2d043-2c71-40f7-b5ab-bbebab372bea {"type": "usd", "usd": 0.0}
2026-09-30 09:59:27 /background-jobs/7eeff09d-9175-4e30-8cb3-93106bcd4d8e {"type": "usd", "usd": 0.0}
2026-09-30 09:59:27 /background-jobs/653db6e6-bdb6-454e-ac98-0fd6d920226a {"type": "usd", "usd": 0.0}
2026-09-30 09:59:28 /background-jobs/7add6ea0-b241-4d17-ad90-1eae5aa955f0 {"type": "usd", "usd": 0.0}
2026-09-30 09:59:28 /background-jobs/718ecd44-90b4-496b-a2c3-f0c2e13bd155 {"type": "usd", "usd": 0.0}
2026-09-30 09:59:30 /background-jobs/7f3f6fb8-cfe0-429b-a8fb-d09e6c4bdaa1 {"type": "usd", "usd": 0.0}
2026-09-30 09:59:30 /background-jobs/24a2d043-2c71-40f7-b5ab-bbebab372bea {"type": "usd", "usd": 0.0}
2026-09-30 09:59:33 /background-jobs/653db6e6-bdb6-454e-ac98-0fd6d920226a {"type": "usd", "usd": 0.0}
2026-09-30 09:59:33 /background-jobs/7eeff09d-9175-4e30-8cb3-93106bcd4d8e {"type": "usd", "usd": 0.0}
2026-09-30 09:59:34 /background-jobs/7add6ea0-b241-4d17-ad90-1eae5aa955f0 {"type": "usd", "usd": 0.0}
2026-09-30 09:59:34 /background-jobs/718ecd44-90b4-496b-a2c3-f0c2e13bd155 {"type": "usd", "usd": 0.0}
2026-09-30 09:59:35 /background-jobs/7f3f6fb8-cfe0-429b-a8fb-d09e6c4bdaa1 {"type": "usd", "usd": 0.0}
2026-09-30 09:59:36 /background-jobs/24a2d043-2c71-40f7-b5ab-bbebab372bea {"type": "usd", "usd": 0.0}
2026-09-30 09:59:39 /background-jobs/653db6e6-bdb6-454e-ac98-0fd6d920226a {"type": "usd", "usd": 0.0}
2026-09-30 09:59:39 /background-jobs/7eeff09d-9175-4e30-8cb3-93106bcd4d8e {"type": "usd", "usd": 0.0}
2026-09-30 09:59:39 /background-jobs/7add6ea0-b241-4d17-ad90-1eae5aa955f0 {"type": "usd", "usd": 0.0}
2026-09-30 09:59:40 /background-jobs/718ecd44-90b4-496b-a2c3-f0c2e13bd155 {"type": "usd", "usd": 0.0}
2026-09-30 09:59:41 /background-jobs/7f3f6fb8-cfe0-429b-a8fb-d09e6c4bdaa1 {"type": "usd", "usd": 0.0}
2026-09-30 09:59:42 /background-jobs/24a2d043-2c71-40f7-b5ab-bbebab372bea {"type": "usd", "usd": 0.0}
2026-09-30 09:59:44 /background-jobs/653db6e6-bdb6-454e-ac98-0fd6d920226a {"type": "usd", "usd": 0.0}
2026-09-30 09:59:45 /background-jobs/7eeff09d-9175-4e30-8cb3-93106bcd4d8e {"type": "usd", "usd": 0.0}
2026-09-30 09:59:45 /background-jobs/7add6ea0-b241-4d17-ad90-1eae5aa955f0 {"type": "usd", "usd": 0.0}
2026-09-30 09:59:46 /background-jobs/718ecd44-90b4-496b-a2c3-f0c2e13bd155 {"type": "usd", "usd": 0.0}
2026-09-30 09:59:47 /background-jobs/7f3f6fb8-cfe0-429b-a8fb-d09e6c4bdaa1 {"type": "usd", "usd": 0.0}
2026-09-30 09:59:47 /background-jobs/24a2d043-2c71-40f7-b5ab-bbebab372bea {"type": "usd", "usd": 0.0}
2026-09-30 09:59:50 /background-jobs/653db6e6-bdb6-454e-ac98-0fd6d920226a {"type": "usd", "usd": 0.0}
2026-09-30 09:59:50 /background-jobs/7eeff09d-9175-4e30-8cb3-93106bcd4d8e {"type": "usd", "usd": 0.0}
2026-09-30 09:59:51 /background-jobs/7add6ea0-b241-4d17-ad90-1eae5aa955f0 {"type": "usd", "usd": 0.0}
2026-09-30 09:59:52 /background-jobs/718ecd44-90b4-496b-a2c3-f0c2e13bd155 {"type": "usd", "usd": 0.0}
2026-09-30 09:59:52 /background-jobs/7f3f6fb8-cfe0-429b-a8fb-d09e6c4bdaa1 {"type": "usd", "usd": 0.0}
2026-09-30 09:59:53 /background-jobs/24a2d043-2c71-40f7-b5ab-bbebab372bea {"type": "usd", "usd": 0.0}
2026-09-30 09:59:55 /background-jobs/653db6e6-bdb6-454e-ac98-0fd6d920226a {"type": "usd", "usd": 0.0}
2026-09-30 09:59:56 /background-jobs/7eeff09d-9175-4e30-8cb3-93106bcd4d8e {"type": "usd", "usd": 0.0}
2026-09-30 09:59:57 /background-jobs/7add6ea0-b241-4d17-ad90-1eae5aa955f0 {"type": "usd", "usd": 0.0}
2026-09-30 09:59:57 /background-jobs/718ecd44-90b4-496b-a2c3-f0c2e13bd155 {"type": "usd", "usd": 0.0}
2026-09-30 09:59:59 /background-jobs/7f3f6fb8-cfe0-429b-a8fb-d09e6c4bdaa1 {"type": "usd", "usd": 0.0}
2026-09-30 09:59:59 /background-jobs/24a2d043-2c71-40f7-b5ab-bbebab372bea {"type": "usd", "usd": 0.0}
2026-09-30 10:00:02 /background-jobs/7eeff09d-9175-4e30-8cb3-93106bcd4d8e {"type": "usd", "usd": 0.0}
2026-09-30 10:00:03 /background-jobs/653db6e6-bdb6-454e-ac98-0fd6d920226a {"type": "usd", "usd": 0.0}
2026-09-30 10:00:03 /background-jobs/7add6ea0-b241-4d17-ad90-1eae5aa955f0 {"type": "usd", "usd": 0.0}
2026-09-30 10:00:04 /background-jobs/7f3f6fb8-cfe0-429b-a8fb-d09e6c4bdaa1 {"type": "usd", "usd": 0.0}
2026-09-30 10:00:04 /background-jobs/718ecd44-90b4-496b-a2c3-f0c2e13bd155 {"type": "usd", "usd": 0.0}
2026-09-30 10:00:05 /background-jobs/24a2d043-2c71-40f7-b5ab-bbebab372bea {"type": "usd", "usd": 0.0}
2026-09-30 10:00:08 /background-jobs/7eeff09d-9175-4e30-8cb3-93106bcd4d8e {"type": "usd", "usd": 0.0}
2026-09-30 10:00:08 /background-jobs/653db6e6-bdb6-454e-ac98-0fd6d920226a {"type": "usd", "usd": 0.0}
2026-09-30 10:00:09 /background-jobs/7add6ea0-b241-4d17-ad90-1eae5aa955f0 {"type": "usd", "usd": 0.0}
2026-09-30 10:00:10 /background-jobs/7f3f6fb8-cfe0-429b-a8fb-d09e6c4bdaa1 {"type": "usd", "usd": 0.0}
2026-09-30 10:00:12 /background-jobs/24a2d043-2c71-40f7-b5ab-bbebab372bea {"type": "usd", "usd": 0.0}
2026-09-30 10:00:12 /background-jobs/718ecd44-90b4-496b-a2c3-f0c2e13bd155 {"type": "usd", "usd": 0.0}
2026-09-30 10:00:14 /background-jobs/7eeff09d-9175-4e30-8cb3-93106bcd4d8e {"type": "usd", "usd": 0.0}
2026-09-30 10:00:14 /background-jobs/653db6e6-bdb6-454e-ac98-0fd6d920226a {"type": "usd", "usd": 0.0}
2026-09-30 10:00:15 /background-jobs/7add6ea0-b241-4d17-ad90-1eae5aa955f0 {"type": "usd", "usd": 0.0}
2026-09-30 10:00:16 /background-jobs/7f3f6fb8-cfe0-429b-a8fb-d09e6c4bdaa1 {"type": "usd", "usd": 0.0}
2026-09-30 10:00:17 /background-jobs/24a2d043-2c71-40f7-b5ab-bbebab372bea {"type": "generations", "generations": 1.0}
2026-09-30 10:00:18 /background-jobs/718ecd44-90b4-496b-a2c3-f0c2e13bd155 {"type": "usd", "usd": 0.0}
2026-09-30 10:00:19 /background-jobs/7eeff09d-9175-4e30-8cb3-93106bcd4d8e {"type": "usd", "usd": 0.0}
2026-09-30 10:00:20 /background-jobs/653db6e6-bdb6-454e-ac98-0fd6d920226a {"type": "usd", "usd": 0.0}
2026-09-30 10:00:20 /background-jobs/7add6ea0-b241-4d17-ad90-1eae5aa955f0 {"type": "usd", "usd": 0.0}
2026-09-30 10:00:21 /background-jobs/7f3f6fb8-cfe0-429b-a8fb-d09e6c4bdaa1 {"type": "usd", "usd": 0.0}
2026-09-30 10:00:24 /background-jobs/718ecd44-90b4-496b-a2c3-f0c2e13bd155 {"type": "usd", "usd": 0.0}
2026-09-30 10:00:25 /background-jobs/7eeff09d-9175-4e30-8cb3-93106bcd4d8e {"type": "usd", "usd": 0.0}
2026-09-30 10:00:25 /background-jobs/653db6e6-bdb6-454e-ac98-0fd6d920226a {"type": "usd", "usd": 0.0}
2026-09-30 10:00:26 /background-jobs/7add6ea0-b241-4d17-ad90-1eae5aa955f0 {"type": "usd", "usd": 0.0}
2026-09-30 10:00:27 /background-jobs/7f3f6fb8-cfe0-429b-a8fb-d09e6c4bdaa1 {"type": "usd", "usd": 0.0}
2026-09-30 10:00:30 /background-jobs/718ecd44-90b4-496b-a2c3-f0c2e13bd155 {"type": "usd", "usd": 0.0}
2026-09-30 10:00:31 /background-jobs/7eeff09d-9175-4e30-8cb3-93106bcd4d8e {"type": "usd", "usd": 0.0}
2026-09-30 10:00:31 /background-jobs/653db6e6-bdb6-454e-ac98-0fd6d920226a {"type": "usd", "usd": 0.0}
2026-09-30 10:00:32 /background-jobs/7add6ea0-b241-4d17-ad90-1eae5aa955f0 {"type": "usd", "usd": 0.0}
2026-09-30 10:00:33 /background-jobs/7f3f6fb8-cfe0-429b-a8fb-d09e6c4bdaa1 {"type": "usd", "usd": 0.0}
2026-09-30 10:00:36 /background-jobs/718ecd44-90b4-496b-a2c3-f0c2e13bd155 {"type": "usd", "usd": 0.0}
2026-09-30 10:00:36 /background-jobs/7eeff09d-9175-4e30-8cb3-93106bcd4d8e {"type": "usd", "usd": 0.0}
2026-09-30 10:00:37 /background-jobs/653db6e6-bdb6-454e-ac98-0fd6d920226a {"type": "usd", "usd": 0.0}
2026-09-30 10:00:38 /background-jobs/7add6ea0-b241-4d17-ad90-1eae5aa955f0 {"type": "usd", "usd": 0.0}
2026-09-30 10:00:39 /background-jobs/7f3f6fb8-cfe0-429b-a8fb-d09e6c4bdaa1 {"type": "usd", "usd": 0.0}
2026-09-30 10:00:41 /background-jobs/718ecd44-90b4-496b-a2c3-f0c2e13bd155 {"type": "usd", "usd": 0.0}
2026-09-30 10:00:42 /background-jobs/7eeff09d-9175-4e30-8cb3-93106bcd4d8e {"type": "usd", "usd": 0.0}
2026-09-30 10:00:43 /background-jobs/653db6e6-bdb6-454e-ac98-0fd6d920226a {"type": "usd", "usd": 0.0}
2026-09-30 10:00:44 /background-jobs/7add6ea0-b241-4d17-ad90-1eae5aa955f0 {"type": "usd", "usd": 0.0}
2026-09-30 10:00:45 /background-jobs/7f3f6fb8-cfe0-429b-a8fb-d09e6c4bdaa1 {"type": "usd", "usd": 0.0}
2026-09-30 10:00:47 /background-jobs/718ecd44-90b4-496b-a2c3-f0c2e13bd155 {"type": "usd", "usd": 0.0}
2026-09-30 10:00:48 /background-jobs/7eeff09d-9175-4e30-8cb3-93106bcd4d8e {"type": "usd", "usd": 0.0}
2026-09-30 10:00:49 /background-jobs/653db6e6-bdb6-454e-ac98-0fd6d920226a {"type": "usd", "usd": 0.0}
2026-09-30 10:00:50 /background-jobs/7add6ea0-b241-4d17-ad90-1eae5aa955f0 {"type": "usd", "usd": 0.0}
2026-09-30 10:00:50 /background-jobs/7f3f6fb8-cfe0-429b-a8fb-d09e6c4bdaa1 {"type": "usd", "usd": 0.0}
2026-09-30 10:00:53 /background-jobs/718ecd44-90b4-496b-a2c3-f0c2e13bd155 {"type": "usd", "usd": 0.0}
2026-09-30 10:00:55 /background-jobs/7eeff09d-9175-4e30-8cb3-93106bcd4d8e {"type": "usd", "usd": 0.0}
2026-09-30 10:00:55 /background-jobs/7add6ea0-b241-4d17-ad90-1eae5aa955f0 {"type": "usd", "usd": 0.0}
2026-09-30 10:00:56 /background-jobs/7f3f6fb8-cfe0-429b-a8fb-d09e6c4bdaa1 {"type": "usd", "usd": 0.0}
2026-09-30 10:00:56 /background-jobs/653db6e6-bdb6-454e-ac98-0fd6d920226a {"type": "usd", "usd": 0.0}
2026-09-30 10:00:58 /background-jobs/718ecd44-90b4-496b-a2c3-f0c2e13bd155 {"type": "usd", "usd": 0.0}
2026-09-30 10:01:01 /background-jobs/7eeff09d-9175-4e30-8cb3-93106bcd4d8e {"type": "usd", "usd": 0.0}
2026-09-30 10:01:01 /background-jobs/7add6ea0-b241-4d17-ad90-1eae5aa955f0 {"type": "usd", "usd": 0.0}
2026-09-30 10:01:02 /background-jobs/7f3f6fb8-cfe0-429b-a8fb-d09e6c4bdaa1 {"type": "usd", "usd": 0.0}
2026-09-30 10:01:02 /background-jobs/653db6e6-bdb6-454e-ac98-0fd6d920226a {"type": "usd", "usd": 0.0}
2026-09-30 10:01:04 /background-jobs/718ecd44-90b4-496b-a2c3-f0c2e13bd155 {"type": "usd", "usd": 0.0}
2026-09-30 10:01:06 /background-jobs/7eeff09d-9175-4e30-8cb3-93106bcd4d8e {"type": "usd", "usd": 0.0}
2026-09-30 10:01:06 /background-jobs/7add6ea0-b241-4d17-ad90-1eae5aa955f0 {"type": "usd", "usd": 0.0}
2026-09-30 10:01:07 /background-jobs/7f3f6fb8-cfe0-429b-a8fb-d09e6c4bdaa1 {"type": "usd", "usd": 0.0}
2026-09-30 10:01:08 /background-jobs/653db6e6-bdb6-454e-ac98-0fd6d920226a {"type": "usd", "usd": 0.0}
2026-09-30 10:01:10 /background-jobs/718ecd44-90b4-496b-a2c3-f0c2e13bd155 {"type": "usd", "usd": 0.0}
2026-09-30 10:01:12 /background-jobs/7add6ea0-b241-4d17-ad90-1eae5aa955f0 {"type": "usd", "usd": 0.0}
2026-09-30 10:01:12 /background-jobs/7eeff09d-9175-4e30-8cb3-93106bcd4d8e {"type": "usd", "usd": 0.0}
2026-09-30 10:01:13 /background-jobs/7f3f6fb8-cfe0-429b-a8fb-d09e6c4bdaa1 {"type": "usd", "usd": 0.0}
2026-09-30 10:01:13 /background-jobs/653db6e6-bdb6-454e-ac98-0fd6d920226a {"type": "usd", "usd": 0.0}
2026-09-30 10:01:15 /background-jobs/718ecd44-90b4-496b-a2c3-f0c2e13bd155 {"type": "usd", "usd": 0.0}
2026-09-30 10:01:18 /background-jobs/7add6ea0-b241-4d17-ad90-1eae5aa955f0 {"type": "usd", "usd": 0.0}
2026-09-30 10:01:18 /background-jobs/7eeff09d-9175-4e30-8cb3-93106bcd4d8e {"type": "usd", "usd": 0.0}
2026-09-30 10:01:19 /background-jobs/7f3f6fb8-cfe0-429b-a8fb-d09e6c4bdaa1 {"type": "usd", "usd": 0.0}
2026-09-30 10:01:19 /background-jobs/653db6e6-bdb6-454e-ac98-0fd6d920226a {"type": "usd", "usd": 0.0}
2026-09-30 10:01:21 /background-jobs/718ecd44-90b4-496b-a2c3-f0c2e13bd155 {"type": "usd", "usd": 0.0}
2026-09-30 10:01:23 /background-jobs/7add6ea0-b241-4d17-ad90-1eae5aa955f0 {"type": "usd", "usd": 0.0}
2026-09-30 10:01:24 /background-jobs/7eeff09d-9175-4e30-8cb3-93106bcd4d8e {"type": "usd", "usd": 0.0}
2026-09-30 10:01:25 /background-jobs/7f3f6fb8-cfe0-429b-a8fb-d09e6c4bdaa1 {"type": "usd", "usd": 0.0}
2026-09-30 10:01:25 /background-jobs/653db6e6-bdb6-454e-ac98-0fd6d920226a {"type": "usd", "usd": 0.0}
2026-09-30 10:01:27 /background-jobs/718ecd44-90b4-496b-a2c3-f0c2e13bd155 {"type": "usd", "usd": 0.0}
2026-09-30 10:01:29 /background-jobs/7add6ea0-b241-4d17-ad90-1eae5aa955f0 {"type": "usd", "usd": 0.0}
2026-09-30 10:01:29 /background-jobs/7eeff09d-9175-4e30-8cb3-93106bcd4d8e {"type": "usd", "usd": 0.0}
2026-09-30 10:01:30 /background-jobs/7f3f6fb8-cfe0-429b-a8fb-d09e6c4bdaa1 {"type": "usd", "usd": 0.0}
2026-09-30 10:01:30 /background-jobs/653db6e6-bdb6-454e-ac98-0fd6d920226a {"type": "usd", "usd": 0.0}
2026-09-30 10:01:33 /background-jobs/718ecd44-90b4-496b-a2c3-f0c2e13bd155 {"type": "usd", "usd": 0.0}
2026-09-30 10:01:35 /background-jobs/7add6ea0-b241-4d17-ad90-1eae5aa955f0 {"type": "usd", "usd": 0.0}
2026-09-30 10:01:35 /background-jobs/7eeff09d-9175-4e30-8cb3-93106bcd4d8e {"type": "usd", "usd": 0.0}
2026-09-30 10:01:36 /background-jobs/7f3f6fb8-cfe0-429b-a8fb-d09e6c4bdaa1 {"type": "usd", "usd": 0.0}
2026-09-30 10:01:36 /background-jobs/653db6e6-bdb6-454e-ac98-0fd6d920226a {"type": "usd", "usd": 0.0}
2026-09-30 10:01:38 /background-jobs/718ecd44-90b4-496b-a2c3-f0c2e13bd155 {"type": "usd", "usd": 0.0}
2026-09-30 10:01:41 /background-jobs/7add6ea0-b241-4d17-ad90-1eae5aa955f0 {"type": "usd", "usd": 0.0}
2026-09-30 10:01:41 /background-jobs/7eeff09d-9175-4e30-8cb3-93106bcd4d8e {"type": "usd", "usd": 0.0}
2026-09-30 10:01:42 /background-jobs/7f3f6fb8-cfe0-429b-a8fb-d09e6c4bdaa1 {"type": "usd", "usd": 0.0}
2026-09-30 10:01:42 /background-jobs/653db6e6-bdb6-454e-ac98-0fd6d920226a {"type": "usd", "usd": 0.0}
2026-09-30 10:01:44 /background-jobs/718ecd44-90b4-496b-a2c3-f0c2e13bd155 {"type": "usd", "usd": 0.0}
2026-09-30 10:01:46 /background-jobs/7add6ea0-b241-4d17-ad90-1eae5aa955f0 {"type": "usd", "usd": 0.0}
2026-09-30 10:01:46 /background-jobs/7eeff09d-9175-4e30-8cb3-93106bcd4d8e {"type": "usd", "usd": 0.0}
2026-09-30 10:01:47 /background-jobs/653db6e6-bdb6-454e-ac98-0fd6d920226a {"type": "usd", "usd": 0.0}
2026-09-30 10:01:48 /background-jobs/7f3f6fb8-cfe0-429b-a8fb-d09e6c4bdaa1 {"type": "usd", "usd": 0.0}
2026-09-30 10:01:50 /background-jobs/718ecd44-90b4-496b-a2c3-f0c2e13bd155 {"type": "usd", "usd": 0.0}
2026-09-30 10:01:52 /background-jobs/7add6ea0-b241-4d17-ad90-1eae5aa955f0 {"type": "usd", "usd": 0.0}
2026-09-30 10:01:52 /background-jobs/7eeff09d-9175-4e30-8cb3-93106bcd4d8e {"type": "usd", "usd": 0.0}
2026-09-30 10:01:53 /background-jobs/653db6e6-bdb6-454e-ac98-0fd6d920226a {"type": "usd", "usd": 0.0}
2026-09-30 10:01:53 /background-jobs/7f3f6fb8-cfe0-429b-a8fb-d09e6c4bdaa1 {"type": "usd", "usd": 0.0}
2026-09-30 10:01:55 /background-jobs/718ecd44-90b4-496b-a2c3-f0c2e13bd155 {"type": "usd", "usd": 0.0}
2026-09-30 10:01:57 /background-jobs/7add6ea0-b241-4d17-ad90-1eae5aa955f0 {"type": "usd", "usd": 0.0}
2026-09-30 10:01:58 /background-jobs/7eeff09d-9175-4e30-8cb3-93106bcd4d8e {"type": "usd", "usd": 0.0}
2026-09-30 10:01:59 /background-jobs/653db6e6-bdb6-454e-ac98-0fd6d920226a {"type": "usd", "usd": 0.0}
2026-09-30 10:01:59 /background-jobs/7f3f6fb8-cfe0-429b-a8fb-d09e6c4bdaa1 {"type": "usd", "usd": 0.0}
2026-09-30 10:02:01 /background-jobs/718ecd44-90b4-496b-a2c3-f0c2e13bd155 {"type": "usd", "usd": 0.0}
2026-09-30 10:02:03 /background-jobs/7add6ea0-b241-4d17-ad90-1eae5aa955f0 {"type": "usd", "usd": 0.0}
2026-09-30 10:02:04 /background-jobs/653db6e6-bdb6-454e-ac98-0fd6d920226a {"type": "usd", "usd": 0.0}
2026-09-30 10:02:05 /background-jobs/7eeff09d-9175-4e30-8cb3-93106bcd4d8e {"type": "usd", "usd": 0.0}
2026-09-30 10:02:05 /background-jobs/7f3f6fb8-cfe0-429b-a8fb-d09e6c4bdaa1 {"type": "usd", "usd": 0.0}
2026-09-30 10:02:07 /background-jobs/718ecd44-90b4-496b-a2c3-f0c2e13bd155 {"type": "usd", "usd": 0.0}
2026-09-30 10:02:09 /background-jobs/7add6ea0-b241-4d17-ad90-1eae5aa955f0 {"type": "usd", "usd": 0.0}
2026-09-30 10:02:10 /background-jobs/653db6e6-bdb6-454e-ac98-0fd6d920226a {"type": "usd", "usd": 0.0}
2026-09-30 10:02:11 /background-jobs/7eeff09d-9175-4e30-8cb3-93106bcd4d8e {"type": "usd", "usd": 0.0}
2026-09-30 10:02:11 /background-jobs/7f3f6fb8-cfe0-429b-a8fb-d09e6c4bdaa1 {"type": "usd", "usd": 0.0}
2026-09-30 10:02:12 /background-jobs/718ecd44-90b4-496b-a2c3-f0c2e13bd155 {"type": "usd", "usd": 0.0}
2026-09-30 10:02:15 /background-jobs/7add6ea0-b241-4d17-ad90-1eae5aa955f0 {"type": "usd", "usd": 0.0}
2026-09-30 10:02:16 /background-jobs/653db6e6-bdb6-454e-ac98-0fd6d920226a {"type": "usd", "usd": 0.0}
2026-09-30 10:02:16 /background-jobs/7eeff09d-9175-4e30-8cb3-93106bcd4d8e {"type": "usd", "usd": 0.0}
2026-09-30 10:02:16 /background-jobs/7f3f6fb8-cfe0-429b-a8fb-d09e6c4bdaa1 {"type": "usd", "usd": 0.0}
2026-09-30 10:02:18 /background-jobs/718ecd44-90b4-496b-a2c3-f0c2e13bd155 {"type": "usd", "usd": 0.0}
2026-09-30 10:02:21 /background-jobs/7add6ea0-b241-4d17-ad90-1eae5aa955f0 {"type": "usd", "usd": 0.0}
2026-09-30 10:02:22 /background-jobs/653db6e6-bdb6-454e-ac98-0fd6d920226a {"type": "usd", "usd": 0.0}
2026-09-30 10:02:22 /background-jobs/7eeff09d-9175-4e30-8cb3-93106bcd4d8e {"type": "usd", "usd": 0.0}
2026-09-30 10:02:22 /background-jobs/7f3f6fb8-cfe0-429b-a8fb-d09e6c4bdaa1 {"type": "usd", "usd": 0.0}
2026-09-30 10:02:24 /background-jobs/718ecd44-90b4-496b-a2c3-f0c2e13bd155 {"type": "usd", "usd": 0.0}
2026-09-30 10:02:27 /background-jobs/7add6ea0-b241-4d17-ad90-1eae5aa955f0 {"type": "usd", "usd": 0.0}
2026-09-30 10:02:28 /background-jobs/7f3f6fb8-cfe0-429b-a8fb-d09e6c4bdaa1 {"type": "usd", "usd": 0.0}
2026-09-30 10:02:28 /background-jobs/653db6e6-bdb6-454e-ac98-0fd6d920226a {"type": "usd", "usd": 0.0}
2026-09-30 10:02:29 /background-jobs/7eeff09d-9175-4e30-8cb3-93106bcd4d8e {"type": "usd", "usd": 0.0}
2026-09-30 10:02:29 /background-jobs/718ecd44-90b4-496b-a2c3-f0c2e13bd155 {"type": "usd", "usd": 0.0}
2026-09-30 10:02:33 /background-jobs/7add6ea0-b241-4d17-ad90-1eae5aa955f0 {"type": "usd", "usd": 0.0}
2026-09-30 10:02:34 /background-jobs/7f3f6fb8-cfe0-429b-a8fb-d09e6c4bdaa1 {"type": "usd", "usd": 0.0}
2026-09-30 10:02:34 /background-jobs/653db6e6-bdb6-454e-ac98-0fd6d920226a {"type": "usd", "usd": 0.0}
2026-09-30 10:02:34 /background-jobs/7eeff09d-9175-4e30-8cb3-93106bcd4d8e {"type": "usd", "usd": 0.0}
2026-09-30 10:02:35 /background-jobs/718ecd44-90b4-496b-a2c3-f0c2e13bd155 {"type": "usd", "usd": 0.0}
2026-09-30 10:02:38 /background-jobs/7add6ea0-b241-4d17-ad90-1eae5aa955f0 {"type": "usd", "usd": 0.0}
2026-09-30 10:02:39 /background-jobs/7f3f6fb8-cfe0-429b-a8fb-d09e6c4bdaa1 {"type": "usd", "usd": 0.0}
2026-09-30 10:02:39 /background-jobs/653db6e6-bdb6-454e-ac98-0fd6d920226a {"type": "usd", "usd": 0.0}
2026-09-30 10:02:40 /background-jobs/7eeff09d-9175-4e30-8cb3-93106bcd4d8e {"type": "usd", "usd": 0.0}
2026-09-30 10:02:41 /background-jobs/718ecd44-90b4-496b-a2c3-f0c2e13bd155 {"type": "usd", "usd": 0.0}
2026-09-30 10:02:44 /background-jobs/7add6ea0-b241-4d17-ad90-1eae5aa955f0 {"type": "usd", "usd": 0.0}
2026-09-30 10:02:45 /background-jobs/653db6e6-bdb6-454e-ac98-0fd6d920226a {"type": "usd", "usd": 0.0}
2026-09-30 10:02:46 /background-jobs/7f3f6fb8-cfe0-429b-a8fb-d09e6c4bdaa1 {"type": "usd", "usd": 0.0}
2026-09-30 10:02:46 /background-jobs/7eeff09d-9175-4e30-8cb3-93106bcd4d8e {"type": "usd", "usd": 0.0}
2026-09-30 10:02:46 /background-jobs/718ecd44-90b4-496b-a2c3-f0c2e13bd155 {"type": "usd", "usd": 0.0}
2026-09-30 10:02:50 /background-jobs/7add6ea0-b241-4d17-ad90-1eae5aa955f0 {"type": "usd", "usd": 0.0}
2026-09-30 10:02:51 /background-jobs/653db6e6-bdb6-454e-ac98-0fd6d920226a {"type": "usd", "usd": 0.0}
2026-09-30 10:02:51 /background-jobs/7f3f6fb8-cfe0-429b-a8fb-d09e6c4bdaa1 {"type": "usd", "usd": 0.0}
2026-09-30 10:02:51 /background-jobs/7eeff09d-9175-4e30-8cb3-93106bcd4d8e {"type": "usd", "usd": 0.0}
2026-09-30 10:02:52 /background-jobs/718ecd44-90b4-496b-a2c3-f0c2e13bd155 {"type": "usd", "usd": 0.0}
2026-09-30 10:02:56 /background-jobs/7add6ea0-b241-4d17-ad90-1eae5aa955f0 {"type": "usd", "usd": 0.0}
2026-09-30 10:02:56 /background-jobs/a4854d4b-6296-4440-95fc-f31c85455d45 {"type": "usd", "usd": 0.0}
2026-09-30 10:02:57 /background-jobs/653db6e6-bdb6-454e-ac98-0fd6d920226a {"type": "usd", "usd": 0.0}
2026-09-30 10:02:57 /background-jobs/7f3f6fb8-cfe0-429b-a8fb-d09e6c4bdaa1 {"type": "usd", "usd": 0.0}
2026-09-30 10:02:57 /background-jobs/7eeff09d-9175-4e30-8cb3-93106bcd4d8e {"type": "usd", "usd": 0.0}
2026-09-30 10:02:58 /background-jobs/718ecd44-90b4-496b-a2c3-f0c2e13bd155 {"type": "usd", "usd": 0.0}
2026-09-30 10:03:01 /background-jobs/7add6ea0-b241-4d17-ad90-1eae5aa955f0 {"type": "usd", "usd": 0.0}
2026-09-30 10:03:02 /background-jobs/a4854d4b-6296-4440-95fc-f31c85455d45 {"type": "usd", "usd": 0.0}
2026-09-30 10:03:02 /background-jobs/653db6e6-bdb6-454e-ac98-0fd6d920226a {"type": "usd", "usd": 0.0}
2026-09-30 10:03:03 /background-jobs/7f3f6fb8-cfe0-429b-a8fb-d09e6c4bdaa1 {"type": "usd", "usd": 0.0}
2026-09-30 10:03:03 /background-jobs/7eeff09d-9175-4e30-8cb3-93106bcd4d8e {"type": "usd", "usd": 0.0}
2026-09-30 10:03:03 /background-jobs/718ecd44-90b4-496b-a2c3-f0c2e13bd155 {"type": "usd", "usd": 0.0}
2026-09-30 10:03:07 /background-jobs/7add6ea0-b241-4d17-ad90-1eae5aa955f0 {"type": "usd", "usd": 0.0}
2026-09-30 10:03:07 /background-jobs/a4854d4b-6296-4440-95fc-f31c85455d45 {"type": "usd", "usd": 0.0}
2026-09-30 10:03:08 /background-jobs/7f3f6fb8-cfe0-429b-a8fb-d09e6c4bdaa1 {"type": "usd", "usd": 0.0}
2026-09-30 10:03:09 /background-jobs/718ecd44-90b4-496b-a2c3-f0c2e13bd155 {"type": "usd", "usd": 0.0}
2026-09-30 10:03:09 /background-jobs/653db6e6-bdb6-454e-ac98-0fd6d920226a {"type": "usd", "usd": 0.0}
2026-09-30 10:03:10 /background-jobs/7eeff09d-9175-4e30-8cb3-93106bcd4d8e {"type": "usd", "usd": 0.0}
2026-09-30 10:03:13 /background-jobs/7add6ea0-b241-4d17-ad90-1eae5aa955f0 {"type": "usd", "usd": 0.0}
2026-09-30 10:03:14 /background-jobs/7f3f6fb8-cfe0-429b-a8fb-d09e6c4bdaa1 {"type": "usd", "usd": 0.0}
2026-09-30 10:03:14 /background-jobs/a4854d4b-6296-4440-95fc-f31c85455d45 {"type": "usd", "usd": 0.0}
2026-09-30 10:03:15 /background-jobs/718ecd44-90b4-496b-a2c3-f0c2e13bd155 {"type": "usd", "usd": 0.0}
2026-09-30 10:03:15 /background-jobs/653db6e6-bdb6-454e-ac98-0fd6d920226a {"type": "usd", "usd": 0.0}
2026-09-30 10:03:16 /background-jobs/7eeff09d-9175-4e30-8cb3-93106bcd4d8e {"type": "usd", "usd": 0.0}
2026-09-30 10:03:19 /background-jobs/7f3f6fb8-cfe0-429b-a8fb-d09e6c4bdaa1 {"type": "usd", "usd": 0.0}
2026-09-30 10:03:20 /background-jobs/7add6ea0-b241-4d17-ad90-1eae5aa955f0 {"type": "usd", "usd": 0.0}
2026-09-30 10:03:20 /background-jobs/718ecd44-90b4-496b-a2c3-f0c2e13bd155 {"type": "usd", "usd": 0.0}
2026-09-30 10:03:21 /background-jobs/653db6e6-bdb6-454e-ac98-0fd6d920226a {"type": "usd", "usd": 0.0}
2026-09-30 10:03:21 /background-jobs/a4854d4b-6296-4440-95fc-f31c85455d45 {"type": "generations", "generations": 1.0}
2026-09-30 10:03:22 /background-jobs/7eeff09d-9175-4e30-8cb3-93106bcd4d8e {"type": "usd", "usd": 0.0}
2026-09-30 10:03:25 /background-jobs/7add6ea0-b241-4d17-ad90-1eae5aa955f0 {"type": "usd", "usd": 0.0}
2026-09-30 10:03:25 /background-jobs/7f3f6fb8-cfe0-429b-a8fb-d09e6c4bdaa1 {"type": "usd", "usd": 0.0}
2026-09-30 10:03:26 /background-jobs/718ecd44-90b4-496b-a2c3-f0c2e13bd155 {"type": "usd", "usd": 0.0}
2026-09-30 10:03:26 /background-jobs/653db6e6-bdb6-454e-ac98-0fd6d920226a {"type": "usd", "usd": 0.0}
2026-09-30 10:03:27 /background-jobs/a4854d4b-6296-4440-95fc-f31c85455d45 {"type": "generations", "generations": 1.0}
2026-09-30 10:03:28 /background-jobs/7eeff09d-9175-4e30-8cb3-93106bcd4d8e {"type": "usd", "usd": 0.0}
2026-09-30 10:03:30 /background-jobs/9bf67a53-c014-4bda-8e3f-e1a31bc9e948 {"type": "usd", "usd": 0.0}
2026-09-30 10:03:31 /background-jobs/7add6ea0-b241-4d17-ad90-1eae5aa955f0 {"type": "usd", "usd": 0.0}
2026-09-30 10:03:31 /background-jobs/7f3f6fb8-cfe0-429b-a8fb-d09e6c4bdaa1 {"type": "usd", "usd": 0.0}
2026-09-30 10:03:32 /background-jobs/718ecd44-90b4-496b-a2c3-f0c2e13bd155 {"type": "usd", "usd": 0.0}
2026-09-30 10:03:33 /background-jobs/7eeff09d-9175-4e30-8cb3-93106bcd4d8e {"type": "usd", "usd": 0.0}
2026-09-30 10:03:35 /background-jobs/9bf67a53-c014-4bda-8e3f-e1a31bc9e948 {"type": "usd", "usd": 0.0}
2026-09-30 10:03:37 /background-jobs/7add6ea0-b241-4d17-ad90-1eae5aa955f0 {"type": "usd", "usd": 0.0}
2026-09-30 10:03:37 /background-jobs/7f3f6fb8-cfe0-429b-a8fb-d09e6c4bdaa1 {"type": "usd", "usd": 0.0}
2026-09-30 10:03:38 /background-jobs/718ecd44-90b4-496b-a2c3-f0c2e13bd155 {"type": "usd", "usd": 0.0}
2026-09-30 10:03:40 /background-jobs/653db6e6-bdb6-454e-ac98-0fd6d920226a {"type": "generations", "generations": 1.0}
2026-09-30 10:03:41 /background-jobs/7eeff09d-9175-4e30-8cb3-93106bcd4d8e {"type": "usd", "usd": 0.0}
2026-09-30 10:03:41 /background-jobs/9bf67a53-c014-4bda-8e3f-e1a31bc9e948 {"type": "usd", "usd": 0.0}
2026-09-30 10:03:43 /background-jobs/7add6ea0-b241-4d17-ad90-1eae5aa955f0 {"type": "usd", "usd": 0.0}
2026-09-30 10:03:43 /background-jobs/7f3f6fb8-cfe0-429b-a8fb-d09e6c4bdaa1 {"type": "usd", "usd": 0.0}
2026-09-30 10:03:44 /background-jobs/718ecd44-90b4-496b-a2c3-f0c2e13bd155 {"type": "usd", "usd": 0.0}
2026-09-30 10:03:47 /background-jobs/9bf67a53-c014-4bda-8e3f-e1a31bc9e948 {"type": "usd", "usd": 0.0}
2026-09-30 10:03:47 /background-jobs/7eeff09d-9175-4e30-8cb3-93106bcd4d8e {"type": "usd", "usd": 0.0}
2026-09-30 10:03:48 /background-jobs/7add6ea0-b241-4d17-ad90-1eae5aa955f0 {"type": "usd", "usd": 0.0}
2026-09-30 10:03:48 /background-jobs/7f3f6fb8-cfe0-429b-a8fb-d09e6c4bdaa1 {"type": "usd", "usd": 0.0}
2026-09-30 10:03:49 /background-jobs/718ecd44-90b4-496b-a2c3-f0c2e13bd155 {"type": "usd", "usd": 0.0}
2026-09-30 10:03:52 /background-jobs/9bf67a53-c014-4bda-8e3f-e1a31bc9e948 {"type": "usd", "usd": 0.0}
2026-09-30 10:03:52 /background-jobs/7eeff09d-9175-4e30-8cb3-93106bcd4d8e {"type": "usd", "usd": 0.0}
2026-09-30 10:03:54 /background-jobs/7add6ea0-b241-4d17-ad90-1eae5aa955f0 {"type": "usd", "usd": 0.0}
2026-09-30 10:03:54 /background-jobs/7f3f6fb8-cfe0-429b-a8fb-d09e6c4bdaa1 {"type": "usd", "usd": 0.0}
2026-09-30 10:03:55 /background-jobs/718ecd44-90b4-496b-a2c3-f0c2e13bd155 {"type": "usd", "usd": 0.0}
2026-09-30 10:03:58 /background-jobs/7eeff09d-9175-4e30-8cb3-93106bcd4d8e {"type": "usd", "usd": 0.0}
2026-09-30 10:03:58 /background-jobs/9bf67a53-c014-4bda-8e3f-e1a31bc9e948 {"type": "generations", "generations": 1.0}
2026-09-30 10:04:00 /background-jobs/7add6ea0-b241-4d17-ad90-1eae5aa955f0 {"type": "usd", "usd": 0.0}
2026-09-30 10:04:00 /background-jobs/7f3f6fb8-cfe0-429b-a8fb-d09e6c4bdaa1 {"type": "usd", "usd": 0.0}
2026-09-30 10:04:00 /background-jobs/77e26bae-4a6a-4802-9c91-d070afffbee4 {"type": "usd", "usd": 0.0}
2026-09-30 10:04:01 /background-jobs/718ecd44-90b4-496b-a2c3-f0c2e13bd155 {"type": "usd", "usd": 0.0}
2026-09-30 10:04:04 /background-jobs/7eeff09d-9175-4e30-8cb3-93106bcd4d8e {"type": "usd", "usd": 0.0}
2026-09-30 10:04:06 /background-jobs/7add6ea0-b241-4d17-ad90-1eae5aa955f0 {"type": "usd", "usd": 0.0}
2026-09-30 10:04:06 /background-jobs/7f3f6fb8-cfe0-429b-a8fb-d09e6c4bdaa1 {"type": "usd", "usd": 0.0}
2026-09-30 10:04:06 /background-jobs/77e26bae-4a6a-4802-9c91-d070afffbee4 {"type": "usd", "usd": 0.0}
2026-09-30 10:04:07 /background-jobs/718ecd44-90b4-496b-a2c3-f0c2e13bd155 {"type": "usd", "usd": 0.0}
2026-09-30 10:04:09 /background-jobs/7eeff09d-9175-4e30-8cb3-93106bcd4d8e {"type": "usd", "usd": 0.0}
2026-09-30 10:04:11 /background-jobs/7add6ea0-b241-4d17-ad90-1eae5aa955f0 {"type": "usd", "usd": 0.0}
2026-09-30 10:04:12 /background-jobs/7f3f6fb8-cfe0-429b-a8fb-d09e6c4bdaa1 {"type": "usd", "usd": 0.0}
2026-09-30 10:04:12 /background-jobs/77e26bae-4a6a-4802-9c91-d070afffbee4 {"type": "usd", "usd": 0.0}
2026-09-30 10:04:13 /background-jobs/718ecd44-90b4-496b-a2c3-f0c2e13bd155 {"type": "usd", "usd": 0.0}
2026-09-30 10:04:15 /background-jobs/7eeff09d-9175-4e30-8cb3-93106bcd4d8e {"type": "usd", "usd": 0.0}
2026-09-30 10:04:17 /background-jobs/7add6ea0-b241-4d17-ad90-1eae5aa955f0 {"type": "usd", "usd": 0.0}
2026-09-30 10:04:18 /background-jobs/7f3f6fb8-cfe0-429b-a8fb-d09e6c4bdaa1 {"type": "usd", "usd": 0.0}
2026-09-30 10:04:18 /background-jobs/77e26bae-4a6a-4802-9c91-d070afffbee4 {"type": "usd", "usd": 0.0}
2026-09-30 10:04:19 /background-jobs/718ecd44-90b4-496b-a2c3-f0c2e13bd155 {"type": "usd", "usd": 0.0}
2026-09-30 10:04:21 /background-jobs/7eeff09d-9175-4e30-8cb3-93106bcd4d8e {"type": "usd", "usd": 0.0}
2026-09-30 10:04:24 /background-jobs/77e26bae-4a6a-4802-9c91-d070afffbee4 {"type": "usd", "usd": 0.0}
2026-09-30 10:04:24 /background-jobs/7f3f6fb8-cfe0-429b-a8fb-d09e6c4bdaa1 {"type": "usd", "usd": 0.0}
2026-09-30 10:04:24 /background-jobs/7add6ea0-b241-4d17-ad90-1eae5aa955f0 {"type": "usd", "usd": 0.0}
2026-09-30 10:04:25 /background-jobs/718ecd44-90b4-496b-a2c3-f0c2e13bd155 {"type": "usd", "usd": 0.0}
2026-09-30 10:04:26 /background-jobs/7eeff09d-9175-4e30-8cb3-93106bcd4d8e {"type": "usd", "usd": 0.0}
2026-09-30 10:04:29 /background-jobs/77e26bae-4a6a-4802-9c91-d070afffbee4 {"type": "usd", "usd": 0.0}
2026-09-30 10:04:30 /background-jobs/7f3f6fb8-cfe0-429b-a8fb-d09e6c4bdaa1 {"type": "usd", "usd": 0.0}
2026-09-30 10:04:30 /background-jobs/7add6ea0-b241-4d17-ad90-1eae5aa955f0 {"type": "usd", "usd": 0.0}
2026-09-30 10:04:30 /background-jobs/718ecd44-90b4-496b-a2c3-f0c2e13bd155 {"type": "usd", "usd": 0.0}
2026-09-30 10:04:32 /background-jobs/7eeff09d-9175-4e30-8cb3-93106bcd4d8e {"type": "usd", "usd": 0.0}
2026-09-30 10:04:35 /background-jobs/77e26bae-4a6a-4802-9c91-d070afffbee4 {"type": "usd", "usd": 0.0}
2026-09-30 10:04:35 /background-jobs/7f3f6fb8-cfe0-429b-a8fb-d09e6c4bdaa1 {"type": "usd", "usd": 0.0}
2026-09-30 10:04:36 /background-jobs/7add6ea0-b241-4d17-ad90-1eae5aa955f0 {"type": "usd", "usd": 0.0}
2026-09-30 10:04:36 /background-jobs/718ecd44-90b4-496b-a2c3-f0c2e13bd155 {"type": "usd", "usd": 0.0}
2026-09-30 10:04:38 /background-jobs/7eeff09d-9175-4e30-8cb3-93106bcd4d8e {"type": "usd", "usd": 0.0}
2026-09-30 10:04:41 /background-jobs/77e26bae-4a6a-4802-9c91-d070afffbee4 {"type": "usd", "usd": 0.0}
2026-09-30 10:04:41 /background-jobs/7f3f6fb8-cfe0-429b-a8fb-d09e6c4bdaa1 {"type": "usd", "usd": 0.0}
2026-09-30 10:04:42 /background-jobs/718ecd44-90b4-496b-a2c3-f0c2e13bd155 {"type": "usd", "usd": 0.0}
2026-09-30 10:04:42 /background-jobs/7add6ea0-b241-4d17-ad90-1eae5aa955f0 {"type": "usd", "usd": 0.0}
2026-09-30 10:04:43 /background-jobs/7eeff09d-9175-4e30-8cb3-93106bcd4d8e {"type": "usd", "usd": 0.0}
2026-09-30 10:04:47 /background-jobs/77e26bae-4a6a-4802-9c91-d070afffbee4 {"type": "generations", "generations": 1.0}
2026-09-30 10:04:48 /background-jobs/7f3f6fb8-cfe0-429b-a8fb-d09e6c4bdaa1 {"type": "usd", "usd": 0.0}
2026-09-30 10:04:48 /background-jobs/7add6ea0-b241-4d17-ad90-1eae5aa955f0 {"type": "usd", "usd": 0.0}
2026-09-30 10:04:48 /background-jobs/718ecd44-90b4-496b-a2c3-f0c2e13bd155 {"type": "usd", "usd": 0.0}
2026-09-30 10:04:48 /background-jobs/f0b75d67-752f-40b8-831b-99adba5ec44b {"type": "usd", "usd": 0.0}
2026-09-30 10:04:49 /background-jobs/7eeff09d-9175-4e30-8cb3-93106bcd4d8e {"type": "usd", "usd": 0.0}
2026-09-30 10:04:53 /background-jobs/7add6ea0-b241-4d17-ad90-1eae5aa955f0 {"type": "usd", "usd": 0.0}
2026-09-30 10:04:53 /background-jobs/718ecd44-90b4-496b-a2c3-f0c2e13bd155 {"type": "usd", "usd": 0.0}
2026-09-30 10:04:54 /background-jobs/f0b75d67-752f-40b8-831b-99adba5ec44b {"type": "usd", "usd": 0.0}
2026-09-30 10:04:55 /background-jobs/7eeff09d-9175-4e30-8cb3-93106bcd4d8e {"type": "usd", "usd": 0.0}
2026-09-30 10:04:55 /background-jobs/7f3f6fb8-cfe0-429b-a8fb-d09e6c4bdaa1 {"type": "usd", "usd": 0.0}
2026-09-30 10:04:59 /background-jobs/718ecd44-90b4-496b-a2c3-f0c2e13bd155 {"type": "usd", "usd": 0.0}
2026-09-30 10:04:59 /background-jobs/7add6ea0-b241-4d17-ad90-1eae5aa955f0 {"type": "usd", "usd": 0.0}
2026-09-30 10:05:00 /background-jobs/f0b75d67-752f-40b8-831b-99adba5ec44b {"type": "usd", "usd": 0.0}
2026-09-30 10:05:01 /background-jobs/7eeff09d-9175-4e30-8cb3-93106bcd4d8e {"type": "usd", "usd": 0.0}
2026-09-30 10:05:01 /background-jobs/7f3f6fb8-cfe0-429b-a8fb-d09e6c4bdaa1 {"type": "usd", "usd": 0.0}
2026-09-30 10:05:05 /background-jobs/718ecd44-90b4-496b-a2c3-f0c2e13bd155 {"type": "usd", "usd": 0.0}
2026-09-30 10:05:05 /background-jobs/7add6ea0-b241-4d17-ad90-1eae5aa955f0 {"type": "usd", "usd": 0.0}
2026-09-30 10:05:05 /background-jobs/f0b75d67-752f-40b8-831b-99adba5ec44b {"type": "generations", "generations": 1.0}
2026-09-30 10:05:06 /background-jobs/7eeff09d-9175-4e30-8cb3-93106bcd4d8e {"type": "usd", "usd": 0.0}
2026-09-30 10:05:06 /background-jobs/7f3f6fb8-cfe0-429b-a8fb-d09e6c4bdaa1 {"type": "usd", "usd": 0.0}
2026-09-30 10:05:11 /background-jobs/718ecd44-90b4-496b-a2c3-f0c2e13bd155 {"type": "usd", "usd": 0.0}
2026-09-30 10:05:11 /background-jobs/7add6ea0-b241-4d17-ad90-1eae5aa955f0 {"type": "usd", "usd": 0.0}
2026-09-30 10:05:12 /background-jobs/7eeff09d-9175-4e30-8cb3-93106bcd4d8e {"type": "usd", "usd": 0.0}
2026-09-30 10:05:12 /background-jobs/7f3f6fb8-cfe0-429b-a8fb-d09e6c4bdaa1 {"type": "usd", "usd": 0.0}
2026-09-30 10:05:16 /background-jobs/718ecd44-90b4-496b-a2c3-f0c2e13bd155 {"type": "usd", "usd": 0.0}
2026-09-30 10:05:16 /background-jobs/7add6ea0-b241-4d17-ad90-1eae5aa955f0 {"type": "usd", "usd": 0.0}
2026-09-30 10:05:17 /background-jobs/7eeff09d-9175-4e30-8cb3-93106bcd4d8e {"type": "usd", "usd": 0.0}
2026-09-30 10:05:18 /background-jobs/7f3f6fb8-cfe0-429b-a8fb-d09e6c4bdaa1 {"type": "usd", "usd": 0.0}
2026-09-30 10:05:22 /background-jobs/718ecd44-90b4-496b-a2c3-f0c2e13bd155 {"type": "usd", "usd": 0.0}
2026-09-30 10:05:23 /background-jobs/7add6ea0-b241-4d17-ad90-1eae5aa955f0 {"type": "usd", "usd": 0.0}
2026-09-30 10:05:23 /background-jobs/7eeff09d-9175-4e30-8cb3-93106bcd4d8e {"type": "usd", "usd": 0.0}
2026-09-30 10:05:24 /background-jobs/7f3f6fb8-cfe0-429b-a8fb-d09e6c4bdaa1 {"type": "usd", "usd": 0.0}
2026-09-30 10:05:28 /background-jobs/718ecd44-90b4-496b-a2c3-f0c2e13bd155 {"type": "usd", "usd": 0.0}
2026-09-30 10:05:28 /background-jobs/7add6ea0-b241-4d17-ad90-1eae5aa955f0 {"type": "usd", "usd": 0.0}
2026-09-30 10:05:29 /background-jobs/7eeff09d-9175-4e30-8cb3-93106bcd4d8e {"type": "usd", "usd": 0.0}
2026-09-30 10:05:29 /background-jobs/7f3f6fb8-cfe0-429b-a8fb-d09e6c4bdaa1 {"type": "usd", "usd": 0.0}
2026-09-30 10:05:33 /background-jobs/718ecd44-90b4-496b-a2c3-f0c2e13bd155 {"type": "usd", "usd": 0.0}
2026-09-30 10:05:34 /background-jobs/7add6ea0-b241-4d17-ad90-1eae5aa955f0 {"type": "usd", "usd": 0.0}
2026-09-30 10:05:35 /background-jobs/7eeff09d-9175-4e30-8cb3-93106bcd4d8e {"type": "usd", "usd": 0.0}
2026-09-30 10:05:35 /background-jobs/7f3f6fb8-cfe0-429b-a8fb-d09e6c4bdaa1 {"type": "usd", "usd": 0.0}
2026-09-30 10:05:35 /background-jobs/98c64c49-56a8-48d6-b424-044f1f2e997d {"type": "usd", "usd": 0.0}
2026-09-30 10:05:39 /background-jobs/718ecd44-90b4-496b-a2c3-f0c2e13bd155 {"type": "usd", "usd": 0.0}
2026-09-30 10:05:40 /background-jobs/7add6ea0-b241-4d17-ad90-1eae5aa955f0 {"type": "usd", "usd": 0.0}
2026-09-30 10:05:41 /background-jobs/7f3f6fb8-cfe0-429b-a8fb-d09e6c4bdaa1 {"type": "usd", "usd": 0.0}
2026-09-30 10:05:41 /background-jobs/7eeff09d-9175-4e30-8cb3-93106bcd4d8e {"type": "usd", "usd": 0.0}
2026-09-30 10:05:41 /background-jobs/98c64c49-56a8-48d6-b424-044f1f2e997d {"type": "usd", "usd": 0.0}
2026-09-30 10:05:45 /background-jobs/718ecd44-90b4-496b-a2c3-f0c2e13bd155 {"type": "usd", "usd": 0.0}
2026-09-30 10:05:45 /background-jobs/7add6ea0-b241-4d17-ad90-1eae5aa955f0 {"type": "usd", "usd": 0.0}
2026-09-30 10:05:46 /background-jobs/7f3f6fb8-cfe0-429b-a8fb-d09e6c4bdaa1 {"type": "usd", "usd": 0.0}
2026-09-30 10:05:46 /background-jobs/7eeff09d-9175-4e30-8cb3-93106bcd4d8e {"type": "usd", "usd": 0.0}
2026-09-30 10:05:47 /background-jobs/98c64c49-56a8-48d6-b424-044f1f2e997d {"type": "usd", "usd": 0.0}
2026-09-30 10:05:50 /background-jobs/718ecd44-90b4-496b-a2c3-f0c2e13bd155 {"type": "usd", "usd": 0.0}
2026-09-30 10:05:51 /background-jobs/7add6ea0-b241-4d17-ad90-1eae5aa955f0 {"type": "usd", "usd": 0.0}
2026-09-30 10:05:52 /background-jobs/7f3f6fb8-cfe0-429b-a8fb-d09e6c4bdaa1 {"type": "usd", "usd": 0.0}
2026-09-30 10:05:52 /background-jobs/7eeff09d-9175-4e30-8cb3-93106bcd4d8e {"type": "usd", "usd": 0.0}
2026-09-30 10:05:52 /background-jobs/98c64c49-56a8-48d6-b424-044f1f2e997d {"type": "usd", "usd": 0.0}
2026-09-30 10:05:56 /background-jobs/718ecd44-90b4-496b-a2c3-f0c2e13bd155 {"type": "usd", "usd": 0.0}
2026-09-30 10:05:57 /background-jobs/7add6ea0-b241-4d17-ad90-1eae5aa955f0 {"type": "usd", "usd": 0.0}
2026-09-30 10:05:58 /background-jobs/7f3f6fb8-cfe0-429b-a8fb-d09e6c4bdaa1 {"type": "usd", "usd": 0.0}
2026-09-30 10:05:58 /background-jobs/7eeff09d-9175-4e30-8cb3-93106bcd4d8e {"type": "usd", "usd": 0.0}
2026-09-30 10:05:58 /background-jobs/98c64c49-56a8-48d6-b424-044f1f2e997d {"type": "usd", "usd": 0.0}
2026-09-30 10:06:02 /background-jobs/718ecd44-90b4-496b-a2c3-f0c2e13bd155 {"type": "usd", "usd": 0.0}
2026-09-30 10:06:02 /background-jobs/7add6ea0-b241-4d17-ad90-1eae5aa955f0 {"type": "usd", "usd": 0.0}
2026-09-30 10:06:03 /background-jobs/7f3f6fb8-cfe0-429b-a8fb-d09e6c4bdaa1 {"type": "usd", "usd": 0.0}
2026-09-30 10:06:03 /background-jobs/7eeff09d-9175-4e30-8cb3-93106bcd4d8e {"type": "usd", "usd": 0.0}
2026-09-30 10:06:04 /background-jobs/98c64c49-56a8-48d6-b424-044f1f2e997d {"type": "usd", "usd": 0.0}
2026-09-30 10:06:07 /background-jobs/718ecd44-90b4-496b-a2c3-f0c2e13bd155 {"type": "usd", "usd": 0.0}
2026-09-30 10:06:08 /background-jobs/7add6ea0-b241-4d17-ad90-1eae5aa955f0 {"type": "usd", "usd": 0.0}
2026-09-30 10:06:09 /background-jobs/7f3f6fb8-cfe0-429b-a8fb-d09e6c4bdaa1 {"type": "usd", "usd": 0.0}
2026-09-30 10:06:09 /background-jobs/7eeff09d-9175-4e30-8cb3-93106bcd4d8e {"type": "usd", "usd": 0.0}
2026-09-30 10:06:09 /background-jobs/98c64c49-56a8-48d6-b424-044f1f2e997d {"type": "usd", "usd": 0.0}
2026-09-30 10:06:13 /background-jobs/718ecd44-90b4-496b-a2c3-f0c2e13bd155 {"type": "usd", "usd": 0.0}
2026-09-30 10:06:14 /background-jobs/7add6ea0-b241-4d17-ad90-1eae5aa955f0 {"type": "usd", "usd": 0.0}
2026-09-30 10:06:14 /background-jobs/7f3f6fb8-cfe0-429b-a8fb-d09e6c4bdaa1 {"type": "usd", "usd": 0.0}
2026-09-30 10:06:15 /background-jobs/7eeff09d-9175-4e30-8cb3-93106bcd4d8e {"type": "usd", "usd": 0.0}
2026-09-30 10:06:15 /background-jobs/98c64c49-56a8-48d6-b424-044f1f2e997d {"type": "generations", "generations": 1.0}
2026-09-30 10:06:17 /background-jobs/f455b70f-8baf-4c46-9028-7d70c739720e {"type": "usd", "usd": 0.0}
2026-09-30 10:06:19 /background-jobs/7add6ea0-b241-4d17-ad90-1eae5aa955f0 {"type": "usd", "usd": 0.0}
2026-09-30 10:06:20 /background-jobs/718ecd44-90b4-496b-a2c3-f0c2e13bd155 {"type": "usd", "usd": 0.0}
2026-09-30 10:06:20 /background-jobs/7f3f6fb8-cfe0-429b-a8fb-d09e6c4bdaa1 {"type": "usd", "usd": 0.0}
2026-09-30 10:06:21 /background-jobs/7eeff09d-9175-4e30-8cb3-93106bcd4d8e {"type": "usd", "usd": 0.0}
2026-09-30 10:06:22 /background-jobs/f455b70f-8baf-4c46-9028-7d70c739720e {"type": "usd", "usd": 0.0}
2026-09-30 10:06:25 /background-jobs/7add6ea0-b241-4d17-ad90-1eae5aa955f0 {"type": "usd", "usd": 0.0}
2026-09-30 10:06:26 /background-jobs/7f3f6fb8-cfe0-429b-a8fb-d09e6c4bdaa1 {"type": "usd", "usd": 0.0}
2026-09-30 10:06:26 /background-jobs/718ecd44-90b4-496b-a2c3-f0c2e13bd155 {"type": "usd", "usd": 0.0}
2026-09-30 10:06:26 /background-jobs/7eeff09d-9175-4e30-8cb3-93106bcd4d8e {"type": "usd", "usd": 0.0}
2026-09-30 10:06:28 /background-jobs/f455b70f-8baf-4c46-9028-7d70c739720e {"type": "usd", "usd": 0.0}
2026-09-30 10:06:31 /background-jobs/7add6ea0-b241-4d17-ad90-1eae5aa955f0 {"type": "usd", "usd": 0.0}
2026-09-30 10:06:31 /background-jobs/718ecd44-90b4-496b-a2c3-f0c2e13bd155 {"type": "usd", "usd": 0.0}
2026-09-30 10:06:32 /background-jobs/7f3f6fb8-cfe0-429b-a8fb-d09e6c4bdaa1 {"type": "usd", "usd": 0.0}
2026-09-30 10:06:32 /background-jobs/7eeff09d-9175-4e30-8cb3-93106bcd4d8e {"type": "usd", "usd": 0.0}
2026-09-30 10:06:34 /background-jobs/f455b70f-8baf-4c46-9028-7d70c739720e {"type": "usd", "usd": 0.0}
2026-09-30 10:06:36 /background-jobs/7add6ea0-b241-4d17-ad90-1eae5aa955f0 {"type": "usd", "usd": 0.0}
2026-09-30 10:06:37 /background-jobs/718ecd44-90b4-496b-a2c3-f0c2e13bd155 {"type": "usd", "usd": 0.0}
2026-09-30 10:06:37 /background-jobs/7f3f6fb8-cfe0-429b-a8fb-d09e6c4bdaa1 {"type": "usd", "usd": 0.0}
2026-09-30 10:06:38 /background-jobs/7eeff09d-9175-4e30-8cb3-93106bcd4d8e {"type": "usd", "usd": 0.0}
2026-09-30 10:06:39 /background-jobs/f455b70f-8baf-4c46-9028-7d70c739720e {"type": "usd", "usd": 0.0}
2026-09-30 10:06:42 /background-jobs/7add6ea0-b241-4d17-ad90-1eae5aa955f0 {"type": "usd", "usd": 0.0}
2026-09-30 10:06:43 /background-jobs/7f3f6fb8-cfe0-429b-a8fb-d09e6c4bdaa1 {"type": "usd", "usd": 0.0}
2026-09-30 10:06:43 /background-jobs/718ecd44-90b4-496b-a2c3-f0c2e13bd155 {"type": "usd", "usd": 0.0}
2026-09-30 10:06:44 /background-jobs/7eeff09d-9175-4e30-8cb3-93106bcd4d8e {"type": "usd", "usd": 0.0}
2026-09-30 10:06:45 /background-jobs/f455b70f-8baf-4c46-9028-7d70c739720e {"type": "usd", "usd": 0.0}
2026-09-30 10:06:48 /background-jobs/7add6ea0-b241-4d17-ad90-1eae5aa955f0 {"type": "usd", "usd": 0.0}
2026-09-30 10:06:49 /background-jobs/7f3f6fb8-cfe0-429b-a8fb-d09e6c4bdaa1 {"type": "usd", "usd": 0.0}
2026-09-30 10:06:49 /background-jobs/718ecd44-90b4-496b-a2c3-f0c2e13bd155 {"type": "usd", "usd": 0.0}
2026-09-30 10:06:50 /background-jobs/7eeff09d-9175-4e30-8cb3-93106bcd4d8e {"type": "usd", "usd": 0.0}
2026-09-30 10:06:51 /background-jobs/f455b70f-8baf-4c46-9028-7d70c739720e {"type": "usd", "usd": 0.0}
2026-09-30 10:06:53 /background-jobs/7add6ea0-b241-4d17-ad90-1eae5aa955f0 {"type": "usd", "usd": 0.0}
2026-09-30 10:06:54 /background-jobs/7f3f6fb8-cfe0-429b-a8fb-d09e6c4bdaa1 {"type": "usd", "usd": 0.0}
2026-09-30 10:06:55 /background-jobs/718ecd44-90b4-496b-a2c3-f0c2e13bd155 {"type": "usd", "usd": 0.0}
2026-09-30 10:06:55 /background-jobs/7eeff09d-9175-4e30-8cb3-93106bcd4d8e {"type": "usd", "usd": 0.0}
2026-09-30 10:06:56 /background-jobs/f455b70f-8baf-4c46-9028-7d70c739720e {"type": "usd", "usd": 0.0}
2026-09-30 10:06:59 /background-jobs/7add6ea0-b241-4d17-ad90-1eae5aa955f0 {"type": "usd", "usd": 0.0}
2026-09-30 10:07:00 /background-jobs/7f3f6fb8-cfe0-429b-a8fb-d09e6c4bdaa1 {"type": "usd", "usd": 0.0}
2026-09-30 10:07:00 /background-jobs/718ecd44-90b4-496b-a2c3-f0c2e13bd155 {"type": "usd", "usd": 0.0}
2026-09-30 10:07:01 /background-jobs/7eeff09d-9175-4e30-8cb3-93106bcd4d8e {"type": "usd", "usd": 0.0}
2026-09-30 10:07:02 /background-jobs/f455b70f-8baf-4c46-9028-7d70c739720e {"type": "generations", "generations": 1.0}
2026-09-30 10:07:05 /background-jobs/7add6ea0-b241-4d17-ad90-1eae5aa955f0 {"type": "usd", "usd": 0.0}
2026-09-30 10:07:08 /background-jobs/718ecd44-90b4-496b-a2c3-f0c2e13bd155 {"type": "usd", "usd": 0.0}
2026-09-30 10:07:08 /background-jobs/7eeff09d-9175-4e30-8cb3-93106bcd4d8e {"type": "usd", "usd": 0.0}
2026-09-30 10:07:08 /background-jobs/7f3f6fb8-cfe0-429b-a8fb-d09e6c4bdaa1 {"type": "usd", "usd": 0.0}
2026-09-30 10:07:10 /background-jobs/7add6ea0-b241-4d17-ad90-1eae5aa955f0 {"type": "usd", "usd": 0.0}
2026-09-30 10:07:14 /background-jobs/718ecd44-90b4-496b-a2c3-f0c2e13bd155 {"type": "usd", "usd": 0.0}
2026-09-30 10:07:14 /background-jobs/7eeff09d-9175-4e30-8cb3-93106bcd4d8e {"type": "usd", "usd": 0.0}
2026-09-30 10:07:14 /background-jobs/7f3f6fb8-cfe0-429b-a8fb-d09e6c4bdaa1 {"type": "usd", "usd": 0.0}
2026-09-30 10:07:16 /background-jobs/7add6ea0-b241-4d17-ad90-1eae5aa955f0 {"type": "usd", "usd": 0.0}
2026-09-30 10:07:19 /background-jobs/718ecd44-90b4-496b-a2c3-f0c2e13bd155 {"type": "usd", "usd": 0.0}
2026-09-30 10:07:19 /background-jobs/7eeff09d-9175-4e30-8cb3-93106bcd4d8e {"type": "usd", "usd": 0.0}
2026-09-30 10:07:20 /background-jobs/7f3f6fb8-cfe0-429b-a8fb-d09e6c4bdaa1 {"type": "usd", "usd": 0.0}
2026-09-30 10:07:21 /background-jobs/7add6ea0-b241-4d17-ad90-1eae5aa955f0 {"type": "usd", "usd": 0.0}
2026-09-30 10:07:25 /background-jobs/718ecd44-90b4-496b-a2c3-f0c2e13bd155 {"type": "usd", "usd": 0.0}
2026-09-30 10:07:25 /background-jobs/7eeff09d-9175-4e30-8cb3-93106bcd4d8e {"type": "usd", "usd": 0.0}
2026-09-30 10:07:25 /background-jobs/7f3f6fb8-cfe0-429b-a8fb-d09e6c4bdaa1 {"type": "usd", "usd": 0.0}
2026-09-30 10:07:26 /background-jobs/cca17805-46c1-41e9-9983-0a6da6b048ab {"type": "usd", "usd": 0.0}
2026-09-30 10:07:28 /background-jobs/7add6ea0-b241-4d17-ad90-1eae5aa955f0 {"type": "usd", "usd": 0.0}
2026-09-30 10:07:31 /background-jobs/7eeff09d-9175-4e30-8cb3-93106bcd4d8e {"type": "usd", "usd": 0.0}
2026-09-30 10:07:31 /background-jobs/718ecd44-90b4-496b-a2c3-f0c2e13bd155 {"type": "usd", "usd": 0.0}
2026-09-30 10:07:31 /background-jobs/7f3f6fb8-cfe0-429b-a8fb-d09e6c4bdaa1 {"type": "usd", "usd": 0.0}
2026-09-30 10:07:31 /background-jobs/cca17805-46c1-41e9-9983-0a6da6b048ab {"type": "usd", "usd": 0.0}
2026-09-30 10:07:34 /background-jobs/7add6ea0-b241-4d17-ad90-1eae5aa955f0 {"type": "usd", "usd": 0.0}
2026-09-30 10:07:36 /background-jobs/7eeff09d-9175-4e30-8cb3-93106bcd4d8e {"type": "usd", "usd": 0.0}
2026-09-30 10:07:37 /background-jobs/7f3f6fb8-cfe0-429b-a8fb-d09e6c4bdaa1 {"type": "usd", "usd": 0.0}
2026-09-30 10:07:37 /background-jobs/718ecd44-90b4-496b-a2c3-f0c2e13bd155 {"type": "usd", "usd": 0.0}
2026-09-30 10:07:37 /background-jobs/cca17805-46c1-41e9-9983-0a6da6b048ab {"type": "usd", "usd": 0.0}
2026-09-30 10:07:40 /background-jobs/7add6ea0-b241-4d17-ad90-1eae5aa955f0 {"type": "usd", "usd": 0.0}
2026-09-30 10:07:42 /background-jobs/7eeff09d-9175-4e30-8cb3-93106bcd4d8e {"type": "usd", "usd": 0.0}
2026-09-30 10:07:42 /background-jobs/7f3f6fb8-cfe0-429b-a8fb-d09e6c4bdaa1 {"type": "usd", "usd": 0.0}
2026-09-30 10:07:42 /background-jobs/718ecd44-90b4-496b-a2c3-f0c2e13bd155 {"type": "usd", "usd": 0.0}
2026-09-30 10:07:43 /background-jobs/cca17805-46c1-41e9-9983-0a6da6b048ab {"type": "usd", "usd": 0.0}
2026-09-30 10:07:46 /background-jobs/7add6ea0-b241-4d17-ad90-1eae5aa955f0 {"type": "usd", "usd": 0.0}
2026-09-30 10:07:48 /background-jobs/7eeff09d-9175-4e30-8cb3-93106bcd4d8e {"type": "usd", "usd": 0.0}
2026-09-30 10:07:48 /background-jobs/7f3f6fb8-cfe0-429b-a8fb-d09e6c4bdaa1 {"type": "usd", "usd": 0.0}
2026-09-30 10:07:48 /background-jobs/cca17805-46c1-41e9-9983-0a6da6b048ab {"type": "usd", "usd": 0.0}
2026-09-30 10:07:49 /background-jobs/718ecd44-90b4-496b-a2c3-f0c2e13bd155 {"type": "usd", "usd": 0.0}
2026-09-30 10:07:52 /background-jobs/7add6ea0-b241-4d17-ad90-1eae5aa955f0 {"type": "usd", "usd": 0.0}
2026-09-30 10:07:54 /background-jobs/7eeff09d-9175-4e30-8cb3-93106bcd4d8e {"type": "usd", "usd": 0.0}
2026-09-30 10:07:54 /background-jobs/7f3f6fb8-cfe0-429b-a8fb-d09e6c4bdaa1 {"type": "usd", "usd": 0.0}
2026-09-30 10:07:55 /background-jobs/cca17805-46c1-41e9-9983-0a6da6b048ab {"type": "generations", "generations": 1.0}
2026-09-30 10:07:55 /background-jobs/718ecd44-90b4-496b-a2c3-f0c2e13bd155 {"type": "usd", "usd": 0.0}
2026-09-30 10:08:00 /background-jobs/7eeff09d-9175-4e30-8cb3-93106bcd4d8e {"type": "usd", "usd": 0.0}
2026-09-30 10:08:00 /background-jobs/7f3f6fb8-cfe0-429b-a8fb-d09e6c4bdaa1 {"type": "usd", "usd": 0.0}
2026-09-30 10:08:01 /background-jobs/7add6ea0-b241-4d17-ad90-1eae5aa955f0 {"type": "usd", "usd": 0.0}
2026-09-30 10:08:03 /background-jobs/718ecd44-90b4-496b-a2c3-f0c2e13bd155 {"type": "usd", "usd": 0.0}
2026-09-30 10:08:05 /background-jobs/7eeff09d-9175-4e30-8cb3-93106bcd4d8e {"type": "usd", "usd": 0.0}
2026-09-30 10:08:06 /background-jobs/7f3f6fb8-cfe0-429b-a8fb-d09e6c4bdaa1 {"type": "usd", "usd": 0.0}
2026-09-30 10:08:07 /background-jobs/7add6ea0-b241-4d17-ad90-1eae5aa955f0 {"type": "usd", "usd": 0.0}
2026-09-30 10:08:11 /background-jobs/718ecd44-90b4-496b-a2c3-f0c2e13bd155 {"type": "usd", "usd": 0.0}
2026-09-30 10:08:11 /background-jobs/7eeff09d-9175-4e30-8cb3-93106bcd4d8e {"type": "usd", "usd": 0.0}
2026-09-30 10:08:12 /background-jobs/7f3f6fb8-cfe0-429b-a8fb-d09e6c4bdaa1 {"type": "usd", "usd": 0.0}
2026-09-30 10:08:15 /background-jobs/7add6ea0-b241-4d17-ad90-1eae5aa955f0 {"type": "usd", "usd": 0.0}
2026-09-30 10:08:17 /background-jobs/718ecd44-90b4-496b-a2c3-f0c2e13bd155 {"type": "usd", "usd": 0.0}
2026-09-30 10:08:17 /background-jobs/7eeff09d-9175-4e30-8cb3-93106bcd4d8e {"type": "usd", "usd": 0.0}
2026-09-30 10:08:18 /background-jobs/7f3f6fb8-cfe0-429b-a8fb-d09e6c4bdaa1 {"type": "usd", "usd": 0.0}
2026-09-30 10:08:23 /background-jobs/7add6ea0-b241-4d17-ad90-1eae5aa955f0 {"type": "usd", "usd": 0.0}
2026-09-30 10:08:25 /background-jobs/7f3f6fb8-cfe0-429b-a8fb-d09e6c4bdaa1 {"type": "usd", "usd": 0.0}
2026-09-30 10:08:27 /background-jobs/718ecd44-90b4-496b-a2c3-f0c2e13bd155 {"type": "usd", "usd": 0.0}
2026-09-30 10:08:29 /background-jobs/7add6ea0-b241-4d17-ad90-1eae5aa955f0 {"type": "usd", "usd": 0.0}
2026-09-30 10:08:31 /background-jobs/7f3f6fb8-cfe0-429b-a8fb-d09e6c4bdaa1 {"type": "usd", "usd": 0.0}
2026-09-30 10:08:32 /background-jobs/7eeff09d-9175-4e30-8cb3-93106bcd4d8e {"type": "usd", "usd": 0.0}
2026-09-30 10:08:37 /background-jobs/718ecd44-90b4-496b-a2c3-f0c2e13bd155 {"type": "usd", "usd": 0.0}
2026-09-30 10:08:38 /background-jobs/7f3f6fb8-cfe0-429b-a8fb-d09e6c4bdaa1 {"type": "usd", "usd": 0.0}
2026-09-30 10:08:39 /background-jobs/7eeff09d-9175-4e30-8cb3-93106bcd4d8e {"type": "usd", "usd": 0.0}
2026-09-30 10:08:39 /background-jobs/7add6ea0-b241-4d17-ad90-1eae5aa955f0 {"type": "usd", "usd": 0.0}
2026-09-30 10:08:45 /background-jobs/7add6ea0-b241-4d17-ad90-1eae5aa955f0 {"type": "usd", "usd": 0.0}
2026-09-30 10:08:46 /background-jobs/7eeff09d-9175-4e30-8cb3-93106bcd4d8e {"type": "usd", "usd": 0.0}
2026-09-30 10:08:47 /background-jobs/7f3f6fb8-cfe0-429b-a8fb-d09e6c4bdaa1 {"type": "usd", "usd": 0.0}
2026-09-30 10:08:48 /background-jobs/718ecd44-90b4-496b-a2c3-f0c2e13bd155 {"type": "usd", "usd": 0.0}
2026-09-30 10:08:51 /background-jobs/7add6ea0-b241-4d17-ad90-1eae5aa955f0 {"type": "usd", "usd": 0.0}
2026-09-30 10:08:51 /background-jobs/7eeff09d-9175-4e30-8cb3-93106bcd4d8e {"type": "usd", "usd": 0.0}
2026-09-30 10:08:53 /background-jobs/7f3f6fb8-cfe0-429b-a8fb-d09e6c4bdaa1 {"type": "usd", "usd": 0.0}
2026-09-30 10:08:53 /background-jobs/718ecd44-90b4-496b-a2c3-f0c2e13bd155 {"type": "usd", "usd": 0.0}
2026-09-30 10:08:57 /background-jobs/7add6ea0-b241-4d17-ad90-1eae5aa955f0 {"type": "usd", "usd": 0.0}
2026-09-30 10:08:57 /background-jobs/7eeff09d-9175-4e30-8cb3-93106bcd4d8e {"type": "usd", "usd": 0.0}
2026-09-30 10:08:59 /background-jobs/7f3f6fb8-cfe0-429b-a8fb-d09e6c4bdaa1 {"type": "usd", "usd": 0.0}
2026-09-30 10:09:01 /background-jobs/718ecd44-90b4-496b-a2c3-f0c2e13bd155 {"type": "generations", "generations": 1.0}
2026-09-30 10:09:02 /background-jobs/7add6ea0-b241-4d17-ad90-1eae5aa955f0 {"type": "usd", "usd": 0.0}
2026-09-30 10:09:03 /background-jobs/7eeff09d-9175-4e30-8cb3-93106bcd4d8e {"type": "usd", "usd": 0.0}
2026-09-30 10:09:04 /background-jobs/7f3f6fb8-cfe0-429b-a8fb-d09e6c4bdaa1 {"type": "usd", "usd": 0.0}
2026-09-30 10:09:07 /background-jobs/718ecd44-90b4-496b-a2c3-f0c2e13bd155 {"type": "generations", "generations": 1.0}
2026-09-30 10:09:08 /background-jobs/7add6ea0-b241-4d17-ad90-1eae5aa955f0 {"type": "usd", "usd": 0.0}
2026-09-30 10:09:08 /background-jobs/7eeff09d-9175-4e30-8cb3-93106bcd4d8e {"type": "usd", "usd": 0.0}
2026-09-30 10:09:10 /background-jobs/7f3f6fb8-cfe0-429b-a8fb-d09e6c4bdaa1 {"type": "usd", "usd": 0.0}
2026-09-30 10:09:14 /background-jobs/7add6ea0-b241-4d17-ad90-1eae5aa955f0 {"type": "usd", "usd": 0.0}
2026-09-30 10:09:14 /background-jobs/7eeff09d-9175-4e30-8cb3-93106bcd4d8e {"type": "usd", "usd": 0.0}
2026-09-30 10:09:16 /background-jobs/7f3f6fb8-cfe0-429b-a8fb-d09e6c4bdaa1 {"type": "usd", "usd": 0.0}
2026-09-30 10:09:19 /background-jobs/7add6ea0-b241-4d17-ad90-1eae5aa955f0 {"type": "usd", "usd": 0.0}
2026-09-30 10:09:20 /background-jobs/7eeff09d-9175-4e30-8cb3-93106bcd4d8e {"type": "usd", "usd": 0.0}
2026-09-30 10:09:21 /background-jobs/7f3f6fb8-cfe0-429b-a8fb-d09e6c4bdaa1 {"type": "usd", "usd": 0.0}
2026-09-30 10:09:25 /background-jobs/7add6ea0-b241-4d17-ad90-1eae5aa955f0 {"type": "usd", "usd": 0.0}
2026-09-30 10:09:26 /background-jobs/7eeff09d-9175-4e30-8cb3-93106bcd4d8e {"type": "usd", "usd": 0.0}
2026-09-30 10:09:27 /background-jobs/7f3f6fb8-cfe0-429b-a8fb-d09e6c4bdaa1 {"type": "usd", "usd": 0.0}
2026-09-30 10:09:31 /background-jobs/7add6ea0-b241-4d17-ad90-1eae5aa955f0 {"type": "usd", "usd": 0.0}
2026-09-30 10:09:32 /background-jobs/7eeff09d-9175-4e30-8cb3-93106bcd4d8e {"type": "usd", "usd": 0.0}
2026-09-30 10:09:33 /background-jobs/7f3f6fb8-cfe0-429b-a8fb-d09e6c4bdaa1 {"type": "usd", "usd": 0.0}
2026-09-30 10:09:37 /background-jobs/7add6ea0-b241-4d17-ad90-1eae5aa955f0 {"type": "usd", "usd": 0.0}
2026-09-30 10:09:37 /background-jobs/7eeff09d-9175-4e30-8cb3-93106bcd4d8e {"type": "usd", "usd": 0.0}
2026-09-30 10:09:38 /background-jobs/7f3f6fb8-cfe0-429b-a8fb-d09e6c4bdaa1 {"type": "usd", "usd": 0.0}
2026-09-30 10:09:43 /background-jobs/7add6ea0-b241-4d17-ad90-1eae5aa955f0 {"type": "usd", "usd": 0.0}
2026-09-30 10:09:43 /background-jobs/7eeff09d-9175-4e30-8cb3-93106bcd4d8e {"type": "usd", "usd": 0.0}
2026-09-30 10:09:44 /background-jobs/7f3f6fb8-cfe0-429b-a8fb-d09e6c4bdaa1 {"type": "usd", "usd": 0.0}
2026-09-30 10:09:49 /background-jobs/7add6ea0-b241-4d17-ad90-1eae5aa955f0 {"type": "usd", "usd": 0.0}
2026-09-30 10:09:49 /background-jobs/7eeff09d-9175-4e30-8cb3-93106bcd4d8e {"type": "usd", "usd": 0.0}
2026-09-30 10:09:50 /background-jobs/7f3f6fb8-cfe0-429b-a8fb-d09e6c4bdaa1 {"type": "usd", "usd": 0.0}
2026-09-30 10:09:54 /background-jobs/7add6ea0-b241-4d17-ad90-1eae5aa955f0 {"type": "usd", "usd": 0.0}
2026-09-30 10:09:55 /background-jobs/7eeff09d-9175-4e30-8cb3-93106bcd4d8e {"type": "usd", "usd": 0.0}
2026-09-30 10:09:56 /background-jobs/7f3f6fb8-cfe0-429b-a8fb-d09e6c4bdaa1 {"type": "usd", "usd": 0.0}
2026-09-30 10:10:01 /background-jobs/7eeff09d-9175-4e30-8cb3-93106bcd4d8e {"type": "usd", "usd": 0.0}
2026-09-30 10:10:01 /background-jobs/7add6ea0-b241-4d17-ad90-1eae5aa955f0 {"type": "usd", "usd": 0.0}
2026-09-30 10:10:01 /background-jobs/7f3f6fb8-cfe0-429b-a8fb-d09e6c4bdaa1 {"type": "usd", "usd": 0.0}
2026-09-30 10:10:06 /background-jobs/7eeff09d-9175-4e30-8cb3-93106bcd4d8e {"type": "usd", "usd": 0.0}
2026-09-30 10:10:06 /background-jobs/7add6ea0-b241-4d17-ad90-1eae5aa955f0 {"type": "usd", "usd": 0.0}
2026-09-30 10:10:07 /background-jobs/7f3f6fb8-cfe0-429b-a8fb-d09e6c4bdaa1 {"type": "usd", "usd": 0.0}
2026-09-30 10:10:12 /background-jobs/7eeff09d-9175-4e30-8cb3-93106bcd4d8e {"type": "usd", "usd": 0.0}
2026-09-30 10:10:12 /background-jobs/7add6ea0-b241-4d17-ad90-1eae5aa955f0 {"type": "usd", "usd": 0.0}
2026-09-30 10:10:13 /background-jobs/7f3f6fb8-cfe0-429b-a8fb-d09e6c4bdaa1 {"type": "usd", "usd": 0.0}
2026-09-30 10:10:18 /background-jobs/7eeff09d-9175-4e30-8cb3-93106bcd4d8e {"type": "usd", "usd": 0.0}
2026-09-30 10:10:18 /background-jobs/7add6ea0-b241-4d17-ad90-1eae5aa955f0 {"type": "usd", "usd": 0.0}
2026-09-30 10:10:19 /background-jobs/7f3f6fb8-cfe0-429b-a8fb-d09e6c4bdaa1 {"type": "usd", "usd": 0.0}
2026-09-30 10:10:23 /background-jobs/7eeff09d-9175-4e30-8cb3-93106bcd4d8e {"type": "usd", "usd": 0.0}
2026-09-30 10:10:24 /background-jobs/7add6ea0-b241-4d17-ad90-1eae5aa955f0 {"type": "usd", "usd": 0.0}
2026-09-30 10:10:25 /background-jobs/7f3f6fb8-cfe0-429b-a8fb-d09e6c4bdaa1 {"type": "usd", "usd": 0.0}
2026-09-30 10:10:29 /background-jobs/7eeff09d-9175-4e30-8cb3-93106bcd4d8e {"type": "usd", "usd": 0.0}
2026-09-30 10:10:29 /background-jobs/7add6ea0-b241-4d17-ad90-1eae5aa955f0 {"type": "usd", "usd": 0.0}
2026-09-30 10:10:30 /background-jobs/7f3f6fb8-cfe0-429b-a8fb-d09e6c4bdaa1 {"type": "usd", "usd": 0.0}
2026-09-30 10:10:35 /background-jobs/7eeff09d-9175-4e30-8cb3-93106bcd4d8e {"type": "usd", "usd": 0.0}
2026-09-30 10:10:36 /background-jobs/7f3f6fb8-cfe0-429b-a8fb-d09e6c4bdaa1 {"type": "usd", "usd": 0.0}
2026-09-30 10:10:42 /background-jobs/7add6ea0-b241-4d17-ad90-1eae5aa955f0 {"type": "usd", "usd": 0.0}
2026-09-30 10:10:43 /background-jobs/7eeff09d-9175-4e30-8cb3-93106bcd4d8e {"type": "usd", "usd": 0.0}
2026-09-30 10:10:46 /background-jobs/7f3f6fb8-cfe0-429b-a8fb-d09e6c4bdaa1 {"type": "usd", "usd": 0.0}
2026-09-30 10:10:48 /background-jobs/7add6ea0-b241-4d17-ad90-1eae5aa955f0 {"type": "usd", "usd": 0.0}
2026-09-30 10:10:48 /background-jobs/7eeff09d-9175-4e30-8cb3-93106bcd4d8e {"type": "usd", "usd": 0.0}
2026-09-30 10:10:53 /background-jobs/7add6ea0-b241-4d17-ad90-1eae5aa955f0 {"type": "usd", "usd": 0.0}
2026-09-30 10:10:54 /background-jobs/7f3f6fb8-cfe0-429b-a8fb-d09e6c4bdaa1 {"type": "usd", "usd": 0.0}
2026-09-30 10:10:54 /background-jobs/7eeff09d-9175-4e30-8cb3-93106bcd4d8e {"type": "usd", "usd": 0.0}
2026-09-30 10:10:59 /background-jobs/7add6ea0-b241-4d17-ad90-1eae5aa955f0 {"type": "usd", "usd": 0.0}
2026-09-30 10:10:59 /background-jobs/7f3f6fb8-cfe0-429b-a8fb-d09e6c4bdaa1 {"type": "usd", "usd": 0.0}
2026-09-30 10:11:00 /background-jobs/7eeff09d-9175-4e30-8cb3-93106bcd4d8e {"type": "usd", "usd": 0.0}
2026-09-30 10:11:05 /background-jobs/7add6ea0-b241-4d17-ad90-1eae5aa955f0 {"type": "usd", "usd": 0.0}
2026-09-30 10:11:05 /background-jobs/7f3f6fb8-cfe0-429b-a8fb-d09e6c4bdaa1 {"type": "usd", "usd": 0.0}
2026-09-30 10:11:05 /background-jobs/7eeff09d-9175-4e30-8cb3-93106bcd4d8e {"type": "usd", "usd": 0.0}
2026-09-30 10:11:10 /background-jobs/7add6ea0-b241-4d17-ad90-1eae5aa955f0 {"type": "usd", "usd": 0.0}
2026-09-30 10:11:11 /background-jobs/7f3f6fb8-cfe0-429b-a8fb-d09e6c4bdaa1 {"type": "usd", "usd": 0.0}
2026-09-30 10:11:11 /background-jobs/7eeff09d-9175-4e30-8cb3-93106bcd4d8e {"type": "usd", "usd": 0.0}
2026-09-30 10:11:16 /background-jobs/7add6ea0-b241-4d17-ad90-1eae5aa955f0 {"type": "usd", "usd": 0.0}
2026-09-30 10:11:16 /background-jobs/7f3f6fb8-cfe0-429b-a8fb-d09e6c4bdaa1 {"type": "usd", "usd": 0.0}
2026-09-30 10:11:17 /background-jobs/7eeff09d-9175-4e30-8cb3-93106bcd4d8e {"type": "usd", "usd": 0.0}
2026-09-30 10:11:22 /background-jobs/7add6ea0-b241-4d17-ad90-1eae5aa955f0 {"type": "usd", "usd": 0.0}
2026-09-30 10:11:22 /background-jobs/7f3f6fb8-cfe0-429b-a8fb-d09e6c4bdaa1 {"type": "usd", "usd": 0.0}
2026-09-30 10:11:22 /background-jobs/7eeff09d-9175-4e30-8cb3-93106bcd4d8e {"type": "usd", "usd": 0.0}
2026-09-30 10:11:27 /background-jobs/7add6ea0-b241-4d17-ad90-1eae5aa955f0 {"type": "usd", "usd": 0.0}
2026-09-30 10:11:28 /background-jobs/7f3f6fb8-cfe0-429b-a8fb-d09e6c4bdaa1 {"type": "usd", "usd": 0.0}
2026-09-30 10:11:28 /background-jobs/7eeff09d-9175-4e30-8cb3-93106bcd4d8e {"type": "usd", "usd": 0.0}
2026-09-30 10:11:33 /background-jobs/7add6ea0-b241-4d17-ad90-1eae5aa955f0 {"type": "usd", "usd": 0.0}
2026-09-30 10:11:33 /background-jobs/7f3f6fb8-cfe0-429b-a8fb-d09e6c4bdaa1 {"type": "usd", "usd": 0.0}
2026-09-30 10:11:34 /background-jobs/7eeff09d-9175-4e30-8cb3-93106bcd4d8e {"type": "usd", "usd": 0.0}
2026-09-30 10:11:39 /background-jobs/7add6ea0-b241-4d17-ad90-1eae5aa955f0 {"type": "usd", "usd": 0.0}
2026-09-30 10:11:39 /background-jobs/7f3f6fb8-cfe0-429b-a8fb-d09e6c4bdaa1 {"type": "usd", "usd": 0.0}
2026-09-30 10:11:40 /background-jobs/7eeff09d-9175-4e30-8cb3-93106bcd4d8e {"type": "usd", "usd": 0.0}
2026-09-30 10:11:45 /background-jobs/7add6ea0-b241-4d17-ad90-1eae5aa955f0 {"type": "usd", "usd": 0.0}
2026-09-30 10:11:45 /background-jobs/7eeff09d-9175-4e30-8cb3-93106bcd4d8e {"type": "usd", "usd": 0.0}
2026-09-30 10:11:46 /background-jobs/7f3f6fb8-cfe0-429b-a8fb-d09e6c4bdaa1 {"type": "usd", "usd": 0.0}
2026-09-30 10:11:50 /background-jobs/7add6ea0-b241-4d17-ad90-1eae5aa955f0 {"type": "usd", "usd": 0.0}
2026-09-30 10:11:51 /background-jobs/7eeff09d-9175-4e30-8cb3-93106bcd4d8e {"type": "usd", "usd": 0.0}
2026-09-30 10:11:51 /background-jobs/7f3f6fb8-cfe0-429b-a8fb-d09e6c4bdaa1 {"type": "usd", "usd": 0.0}
2026-09-30 10:11:56 /background-jobs/7add6ea0-b241-4d17-ad90-1eae5aa955f0 {"type": "usd", "usd": 0.0}
2026-09-30 10:11:57 /background-jobs/7eeff09d-9175-4e30-8cb3-93106bcd4d8e {"type": "usd", "usd": 0.0}
2026-09-30 10:11:57 /background-jobs/7f3f6fb8-cfe0-429b-a8fb-d09e6c4bdaa1 {"type": "usd", "usd": 0.0}
2026-09-30 10:12:02 /background-jobs/7add6ea0-b241-4d17-ad90-1eae5aa955f0 {"type": "usd", "usd": 0.0}
2026-09-30 10:12:02 /background-jobs/7eeff09d-9175-4e30-8cb3-93106bcd4d8e {"type": "usd", "usd": 0.0}
2026-09-30 10:12:03 /background-jobs/7f3f6fb8-cfe0-429b-a8fb-d09e6c4bdaa1 {"type": "usd", "usd": 0.0}
2026-09-30 10:12:07 /background-jobs/7add6ea0-b241-4d17-ad90-1eae5aa955f0 {"type": "usd", "usd": 0.0}
2026-09-30 10:12:08 /background-jobs/7eeff09d-9175-4e30-8cb3-93106bcd4d8e {"type": "usd", "usd": 0.0}
2026-09-30 10:12:08 /background-jobs/7f3f6fb8-cfe0-429b-a8fb-d09e6c4bdaa1 {"type": "usd", "usd": 0.0}
2026-09-30 10:12:13 /background-jobs/7add6ea0-b241-4d17-ad90-1eae5aa955f0 {"type": "usd", "usd": 0.0}
2026-09-30 10:12:14 /background-jobs/7eeff09d-9175-4e30-8cb3-93106bcd4d8e {"type": "usd", "usd": 0.0}
2026-09-30 10:12:14 /background-jobs/7f3f6fb8-cfe0-429b-a8fb-d09e6c4bdaa1 {"type": "usd", "usd": 0.0}
2026-09-30 10:12:19 /background-jobs/7add6ea0-b241-4d17-ad90-1eae5aa955f0 {"type": "usd", "usd": 0.0}
2026-09-30 10:12:19 /background-jobs/7eeff09d-9175-4e30-8cb3-93106bcd4d8e {"type": "usd", "usd": 0.0}
2026-09-30 10:12:20 /background-jobs/7f3f6fb8-cfe0-429b-a8fb-d09e6c4bdaa1 {"type": "usd", "usd": 0.0}
2026-09-30 10:12:25 /background-jobs/7add6ea0-b241-4d17-ad90-1eae5aa955f0 {"type": "usd", "usd": 0.0}
2026-09-30 10:12:25 /background-jobs/7eeff09d-9175-4e30-8cb3-93106bcd4d8e {"type": "usd", "usd": 0.0}
2026-09-30 10:12:25 /background-jobs/7f3f6fb8-cfe0-429b-a8fb-d09e6c4bdaa1 {"type": "usd", "usd": 0.0}
2026-09-30 10:12:31 /background-jobs/7add6ea0-b241-4d17-ad90-1eae5aa955f0 {"type": "usd", "usd": 0.0}
2026-09-30 10:12:31 /background-jobs/7eeff09d-9175-4e30-8cb3-93106bcd4d8e {"type": "usd", "usd": 0.0}
2026-09-30 10:12:31 /background-jobs/7f3f6fb8-cfe0-429b-a8fb-d09e6c4bdaa1 {"type": "usd", "usd": 0.0}
2026-09-30 10:12:36 /background-jobs/7add6ea0-b241-4d17-ad90-1eae5aa955f0 {"type": "usd", "usd": 0.0}
2026-09-30 10:12:36 /background-jobs/7eeff09d-9175-4e30-8cb3-93106bcd4d8e {"type": "usd", "usd": 0.0}
2026-09-30 10:12:37 /background-jobs/7f3f6fb8-cfe0-429b-a8fb-d09e6c4bdaa1 {"type": "usd", "usd": 0.0}
2026-09-30 10:12:42 /background-jobs/7add6ea0-b241-4d17-ad90-1eae5aa955f0 {"type": "usd", "usd": 0.0}
2026-09-30 10:12:42 /background-jobs/7eeff09d-9175-4e30-8cb3-93106bcd4d8e {"type": "usd", "usd": 0.0}
2026-09-30 10:12:42 /background-jobs/7f3f6fb8-cfe0-429b-a8fb-d09e6c4bdaa1 {"type": "usd", "usd": 0.0}
2026-09-30 10:12:48 /background-jobs/7eeff09d-9175-4e30-8cb3-93106bcd4d8e {"type": "usd", "usd": 0.0}
2026-09-30 10:12:48 /background-jobs/7add6ea0-b241-4d17-ad90-1eae5aa955f0 {"type": "usd", "usd": 0.0}
2026-09-30 10:12:48 /background-jobs/7f3f6fb8-cfe0-429b-a8fb-d09e6c4bdaa1 {"type": "usd", "usd": 0.0}
2026-09-30 10:12:54 /background-jobs/7f3f6fb8-cfe0-429b-a8fb-d09e6c4bdaa1 {"type": "usd", "usd": 0.0}
2026-09-30 10:12:55 /background-jobs/7eeff09d-9175-4e30-8cb3-93106bcd4d8e {"type": "usd", "usd": 0.0}
2026-09-30 10:13:03 /background-jobs/7eeff09d-9175-4e30-8cb3-93106bcd4d8e {"type": "usd", "usd": 0.0}
2026-09-30 10:13:04 /background-jobs/7f3f6fb8-cfe0-429b-a8fb-d09e6c4bdaa1 {"type": "usd", "usd": 0.0}
2026-09-30 10:13:09 /background-jobs/7add6ea0-b241-4d17-ad90-1eae5aa955f0 {"type": "usd", "usd": 0.0}
2026-09-30 10:13:10 /background-jobs/7f3f6fb8-cfe0-429b-a8fb-d09e6c4bdaa1 {"type": "usd", "usd": 0.0}
2026-09-30 10:13:12 /background-jobs/7eeff09d-9175-4e30-8cb3-93106bcd4d8e {"type": "usd", "usd": 0.0}
2026-09-30 10:13:16 /background-jobs/7add6ea0-b241-4d17-ad90-1eae5aa955f0 {"type": "usd", "usd": 0.0}
2026-09-30 10:13:16 /background-jobs/7f3f6fb8-cfe0-429b-a8fb-d09e6c4bdaa1 {"type": "usd", "usd": 0.0}
2026-09-30 10:13:18 /background-jobs/7eeff09d-9175-4e30-8cb3-93106bcd4d8e {"type": "usd", "usd": 0.0}
2026-09-30 10:13:22 /background-jobs/7add6ea0-b241-4d17-ad90-1eae5aa955f0 {"type": "usd", "usd": 0.0}
2026-09-30 10:13:22 /background-jobs/7f3f6fb8-cfe0-429b-a8fb-d09e6c4bdaa1 {"type": "usd", "usd": 0.0}
2026-09-30 10:13:26 /background-jobs/7eeff09d-9175-4e30-8cb3-93106bcd4d8e {"type": "usd", "usd": 0.0}
2026-09-30 10:13:28 /background-jobs/7f3f6fb8-cfe0-429b-a8fb-d09e6c4bdaa1 {"type": "usd", "usd": 0.0}
2026-09-30 10:13:28 /background-jobs/7add6ea0-b241-4d17-ad90-1eae5aa955f0 {"type": "usd", "usd": 0.0}
2026-09-30 10:13:33 /background-jobs/7eeff09d-9175-4e30-8cb3-93106bcd4d8e {"type": "usd", "usd": 0.0}
2026-09-30 10:13:34 /background-jobs/7add6ea0-b241-4d17-ad90-1eae5aa955f0 {"type": "usd", "usd": 0.0}
2026-09-30 10:13:35 /background-jobs/7f3f6fb8-cfe0-429b-a8fb-d09e6c4bdaa1 {"type": "usd", "usd": 0.0}
2026-09-30 10:13:39 /background-jobs/7eeff09d-9175-4e30-8cb3-93106bcd4d8e {"type": "usd", "usd": 0.0}
2026-09-30 10:13:41 /background-jobs/7f3f6fb8-cfe0-429b-a8fb-d09e6c4bdaa1 {"type": "usd", "usd": 0.0}
2026-09-30 10:13:41 /background-jobs/7add6ea0-b241-4d17-ad90-1eae5aa955f0 {"type": "usd", "usd": 0.0}
2026-09-30 10:13:47 /background-jobs/7add6ea0-b241-4d17-ad90-1eae5aa955f0 {"type": "usd", "usd": 0.0}
2026-09-30 10:13:47 /background-jobs/7eeff09d-9175-4e30-8cb3-93106bcd4d8e {"type": "usd", "usd": 0.0}
2026-09-30 10:13:50 /background-jobs/7f3f6fb8-cfe0-429b-a8fb-d09e6c4bdaa1 {"type": "usd", "usd": 0.0}
2026-09-30 10:13:53 /background-jobs/7add6ea0-b241-4d17-ad90-1eae5aa955f0 {"type": "generations", "generations": 1.0}
2026-09-30 10:13:53 /background-jobs/7eeff09d-9175-4e30-8cb3-93106bcd4d8e {"type": "usd", "usd": 0.0}
2026-09-30 10:13:56 /background-jobs/7f3f6fb8-cfe0-429b-a8fb-d09e6c4bdaa1 {"type": "usd", "usd": 0.0}
2026-09-30 10:14:01 /background-jobs/7eeff09d-9175-4e30-8cb3-93106bcd4d8e {"type": "usd", "usd": 0.0}
2026-09-30 10:14:02 /background-jobs/7f3f6fb8-cfe0-429b-a8fb-d09e6c4bdaa1 {"type": "usd", "usd": 0.0}
2026-09-30 10:14:08 /background-jobs/7eeff09d-9175-4e30-8cb3-93106bcd4d8e {"type": "usd", "usd": 0.0}
2026-09-30 10:14:09 /background-jobs/7f3f6fb8-cfe0-429b-a8fb-d09e6c4bdaa1 {"type": "usd", "usd": 0.0}
2026-09-30 10:14:15 /background-jobs/7f3f6fb8-cfe0-429b-a8fb-d09e6c4bdaa1 {"type": "usd", "usd": 0.0}
2026-09-30 10:14:15 /background-jobs/7eeff09d-9175-4e30-8cb3-93106bcd4d8e {"type": "usd", "usd": 0.0}
2026-09-30 10:14:21 /background-jobs/7f3f6fb8-cfe0-429b-a8fb-d09e6c4bdaa1 {"type": "usd", "usd": 0.0}
2026-09-30 10:14:21 /background-jobs/7eeff09d-9175-4e30-8cb3-93106bcd4d8e {"type": "usd", "usd": 0.0}
2026-09-30 10:14:27 /background-jobs/7eeff09d-9175-4e30-8cb3-93106bcd4d8e {"type": "usd", "usd": 0.0}
2026-09-30 10:14:27 /background-jobs/7f3f6fb8-cfe0-429b-a8fb-d09e6c4bdaa1 {"type": "usd", "usd": 0.0}
2026-09-30 10:14:32 /background-jobs/7eeff09d-9175-4e30-8cb3-93106bcd4d8e {"type": "usd", "usd": 0.0}
2026-09-30 10:14:33 /background-jobs/7f3f6fb8-cfe0-429b-a8fb-d09e6c4bdaa1 {"type": "usd", "usd": 0.0}
2026-09-30 10:14:39 /background-jobs/7f3f6fb8-cfe0-429b-a8fb-d09e6c4bdaa1 {"type": "usd", "usd": 0.0}
2026-09-30 10:14:39 /background-jobs/7eeff09d-9175-4e30-8cb3-93106bcd4d8e {"type": "usd", "usd": 0.0}
2026-09-30 10:14:44 /background-jobs/7f3f6fb8-cfe0-429b-a8fb-d09e6c4bdaa1 {"type": "usd", "usd": 0.0}
2026-09-30 10:14:45 /background-jobs/7eeff09d-9175-4e30-8cb3-93106bcd4d8e {"type": "usd", "usd": 0.0}
2026-09-30 10:14:50 /background-jobs/7f3f6fb8-cfe0-429b-a8fb-d09e6c4bdaa1 {"type": "usd", "usd": 0.0}
2026-09-30 10:14:50 /background-jobs/7eeff09d-9175-4e30-8cb3-93106bcd4d8e {"type": "usd", "usd": 0.0}
2026-09-30 10:14:56 /background-jobs/7f3f6fb8-cfe0-429b-a8fb-d09e6c4bdaa1 {"type": "usd", "usd": 0.0}
2026-09-30 10:14:56 /background-jobs/7eeff09d-9175-4e30-8cb3-93106bcd4d8e {"type": "usd", "usd": 0.0}
2026-09-30 10:15:02 /background-jobs/7eeff09d-9175-4e30-8cb3-93106bcd4d8e {"type": "usd", "usd": 0.0}
2026-09-30 10:15:02 /background-jobs/7f3f6fb8-cfe0-429b-a8fb-d09e6c4bdaa1 {"type": "usd", "usd": 0.0}
2026-09-30 10:15:08 /background-jobs/7eeff09d-9175-4e30-8cb3-93106bcd4d8e {"type": "usd", "usd": 0.0}
2026-09-30 10:15:08 /background-jobs/7f3f6fb8-cfe0-429b-a8fb-d09e6c4bdaa1 {"type": "usd", "usd": 0.0}
2026-09-30 10:15:13 /background-jobs/7eeff09d-9175-4e30-8cb3-93106bcd4d8e {"type": "usd", "usd": 0.0}
2026-09-30 10:15:14 /background-jobs/7f3f6fb8-cfe0-429b-a8fb-d09e6c4bdaa1 {"type": "usd", "usd": 0.0}
2026-09-30 10:15:19 /background-jobs/7eeff09d-9175-4e30-8cb3-93106bcd4d8e {"type": "usd", "usd": 0.0}
2026-09-30 10:15:20 /background-jobs/7f3f6fb8-cfe0-429b-a8fb-d09e6c4bdaa1 {"type": "usd", "usd": 0.0}
2026-09-30 10:15:25 /background-jobs/7eeff09d-9175-4e30-8cb3-93106bcd4d8e {"type": "usd", "usd": 0.0}
2026-09-30 10:15:26 /background-jobs/7f3f6fb8-cfe0-429b-a8fb-d09e6c4bdaa1 {"type": "usd", "usd": 0.0}
2026-09-30 10:15:30 /background-jobs/7eeff09d-9175-4e30-8cb3-93106bcd4d8e {"type": "usd", "usd": 0.0}
2026-09-30 10:15:32 /background-jobs/7f3f6fb8-cfe0-429b-a8fb-d09e6c4bdaa1 {"type": "usd", "usd": 0.0}
2026-09-30 10:15:36 /background-jobs/7eeff09d-9175-4e30-8cb3-93106bcd4d8e {"type": "usd", "usd": 0.0}
2026-09-30 10:15:37 /background-jobs/7f3f6fb8-cfe0-429b-a8fb-d09e6c4bdaa1 {"type": "usd", "usd": 0.0}
2026-09-30 10:15:42 /background-jobs/7eeff09d-9175-4e30-8cb3-93106bcd4d8e {"type": "usd", "usd": 0.0}
2026-09-30 10:15:44 /background-jobs/7f3f6fb8-cfe0-429b-a8fb-d09e6c4bdaa1 {"type": "usd", "usd": 0.0}
2026-09-30 10:15:48 /background-jobs/7eeff09d-9175-4e30-8cb3-93106bcd4d8e {"type": "usd", "usd": 0.0}
2026-09-30 10:15:50 /background-jobs/7f3f6fb8-cfe0-429b-a8fb-d09e6c4bdaa1 {"type": "usd", "usd": 0.0}
2026-09-30 10:15:53 /background-jobs/7eeff09d-9175-4e30-8cb3-93106bcd4d8e {"type": "usd", "usd": 0.0}
2026-09-30 10:15:55 /background-jobs/7f3f6fb8-cfe0-429b-a8fb-d09e6c4bdaa1 {"type": "usd", "usd": 0.0}
2026-09-30 10:15:59 /background-jobs/7eeff09d-9175-4e30-8cb3-93106bcd4d8e {"type": "usd", "usd": 0.0}
2026-09-30 10:16:01 /background-jobs/7f3f6fb8-cfe0-429b-a8fb-d09e6c4bdaa1 {"type": "usd", "usd": 0.0}
2026-09-30 10:16:05 /background-jobs/7eeff09d-9175-4e30-8cb3-93106bcd4d8e {"type": "usd", "usd": 0.0}
2026-09-30 10:16:07 /background-jobs/7f3f6fb8-cfe0-429b-a8fb-d09e6c4bdaa1 {"type": "usd", "usd": 0.0}
2026-09-30 10:16:11 /background-jobs/7eeff09d-9175-4e30-8cb3-93106bcd4d8e {"type": "usd", "usd": 0.0}
2026-09-30 10:16:13 /background-jobs/7f3f6fb8-cfe0-429b-a8fb-d09e6c4bdaa1 {"type": "usd", "usd": 0.0}
2026-09-30 10:16:16 /background-jobs/7eeff09d-9175-4e30-8cb3-93106bcd4d8e {"type": "usd", "usd": 0.0}
2026-09-30 10:16:19 /background-jobs/7f3f6fb8-cfe0-429b-a8fb-d09e6c4bdaa1 {"type": "usd", "usd": 0.0}
2026-09-30 10:16:22 /background-jobs/7eeff09d-9175-4e30-8cb3-93106bcd4d8e {"type": "usd", "usd": 0.0}
2026-09-30 10:16:24 /background-jobs/7f3f6fb8-cfe0-429b-a8fb-d09e6c4bdaa1 {"type": "usd", "usd": 0.0}
2026-09-30 10:16:28 /background-jobs/7eeff09d-9175-4e30-8cb3-93106bcd4d8e {"type": "usd", "usd": 0.0}
2026-09-30 10:16:30 /background-jobs/7f3f6fb8-cfe0-429b-a8fb-d09e6c4bdaa1 {"type": "usd", "usd": 0.0}
2026-09-30 10:16:34 /background-jobs/7eeff09d-9175-4e30-8cb3-93106bcd4d8e {"type": "usd", "usd": 0.0}
2026-09-30 10:16:36 /background-jobs/7f3f6fb8-cfe0-429b-a8fb-d09e6c4bdaa1 {"type": "usd", "usd": 0.0}
2026-09-30 10:16:40 /background-jobs/7eeff09d-9175-4e30-8cb3-93106bcd4d8e {"type": "usd", "usd": 0.0}
2026-09-30 10:16:41 /background-jobs/7f3f6fb8-cfe0-429b-a8fb-d09e6c4bdaa1 {"type": "usd", "usd": 0.0}
2026-09-30 10:16:45 /background-jobs/7eeff09d-9175-4e30-8cb3-93106bcd4d8e {"type": "usd", "usd": 0.0}
2026-09-30 10:16:47 /background-jobs/7f3f6fb8-cfe0-429b-a8fb-d09e6c4bdaa1 {"type": "usd", "usd": 0.0}
2026-09-30 10:16:51 /background-jobs/7eeff09d-9175-4e30-8cb3-93106bcd4d8e {"type": "usd", "usd": 0.0}
2026-09-30 10:16:53 /background-jobs/7f3f6fb8-cfe0-429b-a8fb-d09e6c4bdaa1 {"type": "usd", "usd": 0.0}
2026-09-30 10:16:57 /background-jobs/7eeff09d-9175-4e30-8cb3-93106bcd4d8e {"type": "usd", "usd": 0.0}
2026-09-30 10:16:58 /background-jobs/7f3f6fb8-cfe0-429b-a8fb-d09e6c4bdaa1 {"type": "usd", "usd": 0.0}
2026-09-30 10:17:03 /background-jobs/7eeff09d-9175-4e30-8cb3-93106bcd4d8e {"type": "usd", "usd": 0.0}
2026-09-30 10:17:04 /background-jobs/7f3f6fb8-cfe0-429b-a8fb-d09e6c4bdaa1 {"type": "usd", "usd": 0.0}
2026-09-30 10:17:08 /background-jobs/7eeff09d-9175-4e30-8cb3-93106bcd4d8e {"type": "usd", "usd": 0.0}
2026-09-30 10:17:10 /background-jobs/7f3f6fb8-cfe0-429b-a8fb-d09e6c4bdaa1 {"type": "usd", "usd": 0.0}
2026-09-30 10:17:14 /background-jobs/7eeff09d-9175-4e30-8cb3-93106bcd4d8e {"type": "usd", "usd": 0.0}
2026-09-30 10:17:15 /background-jobs/7f3f6fb8-cfe0-429b-a8fb-d09e6c4bdaa1 {"type": "usd", "usd": 0.0}
2026-09-30 10:17:20 /background-jobs/7eeff09d-9175-4e30-8cb3-93106bcd4d8e {"type": "usd", "usd": 0.0}
2026-09-30 10:17:21 /background-jobs/7f3f6fb8-cfe0-429b-a8fb-d09e6c4bdaa1 {"type": "usd", "usd": 0.0}
2026-09-30 10:17:25 /background-jobs/7eeff09d-9175-4e30-8cb3-93106bcd4d8e {"type": "usd", "usd": 0.0}
2026-09-30 10:17:27 /background-jobs/7f3f6fb8-cfe0-429b-a8fb-d09e6c4bdaa1 {"type": "usd", "usd": 0.0}
2026-09-30 10:17:31 /background-jobs/7eeff09d-9175-4e30-8cb3-93106bcd4d8e {"type": "usd", "usd": 0.0}
2026-09-30 10:17:32 /background-jobs/7f3f6fb8-cfe0-429b-a8fb-d09e6c4bdaa1 {"type": "usd", "usd": 0.0}
2026-09-30 10:17:36 /background-jobs/7eeff09d-9175-4e30-8cb3-93106bcd4d8e {"type": "usd", "usd": 0.0}
2026-09-30 10:17:38 /background-jobs/7f3f6fb8-cfe0-429b-a8fb-d09e6c4bdaa1 {"type": "usd", "usd": 0.0}
2026-09-30 10:17:42 /background-jobs/7eeff09d-9175-4e30-8cb3-93106bcd4d8e {"type": "usd", "usd": 0.0}
2026-09-30 10:17:43 /background-jobs/7f3f6fb8-cfe0-429b-a8fb-d09e6c4bdaa1 {"type": "usd", "usd": 0.0}
2026-09-30 10:17:48 /background-jobs/7eeff09d-9175-4e30-8cb3-93106bcd4d8e {"type": "usd", "usd": 0.0}
2026-09-30 10:17:49 /background-jobs/7f3f6fb8-cfe0-429b-a8fb-d09e6c4bdaa1 {"type": "usd", "usd": 0.0}
2026-09-30 10:17:53 /background-jobs/7eeff09d-9175-4e30-8cb3-93106bcd4d8e {"type": "usd", "usd": 0.0}
2026-09-30 10:17:55 /background-jobs/7f3f6fb8-cfe0-429b-a8fb-d09e6c4bdaa1 {"type": "usd", "usd": 0.0}
2026-09-30 10:17:59 /background-jobs/7eeff09d-9175-4e30-8cb3-93106bcd4d8e {"type": "usd", "usd": 0.0}
2026-09-30 10:18:00 /background-jobs/7f3f6fb8-cfe0-429b-a8fb-d09e6c4bdaa1 {"type": "usd", "usd": 0.0}
2026-09-30 10:18:05 /background-jobs/7eeff09d-9175-4e30-8cb3-93106bcd4d8e {"type": "usd", "usd": 0.0}
2026-09-30 10:18:06 /background-jobs/7f3f6fb8-cfe0-429b-a8fb-d09e6c4bdaa1 {"type": "usd", "usd": 0.0}
2026-09-30 10:18:11 /background-jobs/7eeff09d-9175-4e30-8cb3-93106bcd4d8e {"type": "usd", "usd": 0.0}
2026-09-30 10:18:12 /background-jobs/7f3f6fb8-cfe0-429b-a8fb-d09e6c4bdaa1 {"type": "usd", "usd": 0.0}
2026-09-30 10:18:17 /background-jobs/7eeff09d-9175-4e30-8cb3-93106bcd4d8e {"type": "usd", "usd": 0.0}
2026-09-30 10:18:17 /background-jobs/7f3f6fb8-cfe0-429b-a8fb-d09e6c4bdaa1 {"type": "usd", "usd": 0.0}
2026-09-30 10:18:23 /background-jobs/7eeff09d-9175-4e30-8cb3-93106bcd4d8e {"type": "usd", "usd": 0.0}
2026-09-30 10:18:23 /background-jobs/7f3f6fb8-cfe0-429b-a8fb-d09e6c4bdaa1 {"type": "usd", "usd": 0.0}
2026-09-30 10:18:29 /background-jobs/7eeff09d-9175-4e30-8cb3-93106bcd4d8e {"type": "usd", "usd": 0.0}
2026-09-30 10:18:29 /background-jobs/7f3f6fb8-cfe0-429b-a8fb-d09e6c4bdaa1 {"type": "usd", "usd": 0.0}
2026-09-30 10:18:34 /background-jobs/7eeff09d-9175-4e30-8cb3-93106bcd4d8e {"type": "usd", "usd": 0.0}
2026-09-30 10:18:34 /background-jobs/7f3f6fb8-cfe0-429b-a8fb-d09e6c4bdaa1 {"type": "usd", "usd": 0.0}
2026-09-30 10:18:41 /background-jobs/7f3f6fb8-cfe0-429b-a8fb-d09e6c4bdaa1 {"type": "usd", "usd": 0.0}
2026-09-30 10:18:41 /background-jobs/7eeff09d-9175-4e30-8cb3-93106bcd4d8e {"type": "usd", "usd": 0.0}
2026-09-30 10:18:47 /background-jobs/7f3f6fb8-cfe0-429b-a8fb-d09e6c4bdaa1 {"type": "usd", "usd": 0.0}
2026-09-30 10:18:47 /background-jobs/7eeff09d-9175-4e30-8cb3-93106bcd4d8e {"type": "usd", "usd": 0.0}
2026-09-30 10:18:52 /background-jobs/7f3f6fb8-cfe0-429b-a8fb-d09e6c4bdaa1 {"type": "usd", "usd": 0.0}
2026-09-30 10:18:52 /background-jobs/7eeff09d-9175-4e30-8cb3-93106bcd4d8e {"type": "usd", "usd": 0.0}
2026-09-30 10:18:58 /background-jobs/7f3f6fb8-cfe0-429b-a8fb-d09e6c4bdaa1 {"type": "usd", "usd": 0.0}
2026-09-30 10:18:58 /background-jobs/7eeff09d-9175-4e30-8cb3-93106bcd4d8e {"type": "usd", "usd": 0.0}
2026-09-30 10:19:04 /background-jobs/7f3f6fb8-cfe0-429b-a8fb-d09e6c4bdaa1 {"type": "generations", "generations": 1.0}
2026-09-30 10:19:04 /background-jobs/7eeff09d-9175-4e30-8cb3-93106bcd4d8e {"type": "usd", "usd": 0.0}
2026-09-30 10:19:09 /background-jobs/7f3f6fb8-cfe0-429b-a8fb-d09e6c4bdaa1 {"type": "generations", "generations": 1.0}
2026-09-30 10:19:09 /background-jobs/7eeff09d-9175-4e30-8cb3-93106bcd4d8e {"type": "usd", "usd": 0.0}
2026-09-30 10:19:15 /background-jobs/7eeff09d-9175-4e30-8cb3-93106bcd4d8e {"type": "usd", "usd": 0.0}
2026-09-30 10:19:21 /background-jobs/7eeff09d-9175-4e30-8cb3-93106bcd4d8e {"type": "usd", "usd": 0.0}
2026-09-30 10:19:28 /background-jobs/7eeff09d-9175-4e30-8cb3-93106bcd4d8e {"type": "usd", "usd": 0.0}
2026-09-30 10:19:34 /background-jobs/7eeff09d-9175-4e30-8cb3-93106bcd4d8e {"type": "usd", "usd": 0.0}
2026-09-30 10:19:40 /background-jobs/7eeff09d-9175-4e30-8cb3-93106bcd4d8e {"type": "usd", "usd": 0.0}
2026-09-30 10:19:45 /background-jobs/7eeff09d-9175-4e30-8cb3-93106bcd4d8e {"type": "usd", "usd": 0.0}
2026-09-30 10:19:51 /background-jobs/7eeff09d-9175-4e30-8cb3-93106bcd4d8e {"type": "usd", "usd": 0.0}
2026-09-30 10:19:57 /background-jobs/7eeff09d-9175-4e30-8cb3-93106bcd4d8e {"type": "usd", "usd": 0.0}
2026-09-30 10:20:03 /background-jobs/7eeff09d-9175-4e30-8cb3-93106bcd4d8e {"type": "usd", "usd": 0.0}
2026-09-30 10:20:09 /background-jobs/7eeff09d-9175-4e30-8cb3-93106bcd4d8e {"type": "usd", "usd": 0.0}
2026-09-30 10:20:18 /background-jobs/7eeff09d-9175-4e30-8cb3-93106bcd4d8e {"type": "usd", "usd": 0.0}
2026-09-30 10:20:23 /background-jobs/7eeff09d-9175-4e30-8cb3-93106bcd4d8e {"type": "usd", "usd": 0.0}
2026-09-30 10:20:29 /background-jobs/7eeff09d-9175-4e30-8cb3-93106bcd4d8e {"type": "usd", "usd": 0.0}
2026-09-30 10:20:35 /background-jobs/7eeff09d-9175-4e30-8cb3-93106bcd4d8e {"type": "usd", "usd": 0.0}
2026-09-30 10:20:41 /background-jobs/7eeff09d-9175-4e30-8cb3-93106bcd4d8e {"type": "usd", "usd": 0.0}
2026-09-30 10:20:47 /background-jobs/7eeff09d-9175-4e30-8cb3-93106bcd4d8e {"type": "usd", "usd": 0.0}
2026-09-30 10:20:53 /background-jobs/7eeff09d-9175-4e30-8cb3-93106bcd4d8e {"type": "usd", "usd": 0.0}
2026-09-30 10:20:59 /background-jobs/7eeff09d-9175-4e30-8cb3-93106bcd4d8e {"type": "usd", "usd": 0.0}
2026-09-30 10:21:05 /background-jobs/7eeff09d-9175-4e30-8cb3-93106bcd4d8e {"type": "usd", "usd": 0.0}
2026-09-30 10:21:11 /background-jobs/7eeff09d-9175-4e30-8cb3-93106bcd4d8e {"type": "usd", "usd": 0.0}
2026-09-30 10:21:17 /background-jobs/7eeff09d-9175-4e30-8cb3-93106bcd4d8e {"type": "usd", "usd": 0.0}
2026-09-30 10:21:23 /background-jobs/7eeff09d-9175-4e30-8cb3-93106bcd4d8e {"type": "usd", "usd": 0.0}
2026-09-30 10:21:28 /background-jobs/7eeff09d-9175-4e30-8cb3-93106bcd4d8e {"type": "usd", "usd": 0.0}
2026-09-30 10:21:34 /background-jobs/7eeff09d-9175-4e30-8cb3-93106bcd4d8e {"type": "usd", "usd": 0.0}
2026-09-30 10:21:40 /background-jobs/7eeff09d-9175-4e30-8cb3-93106bcd4d8e {"type": "usd", "usd": 0.0}
2026-09-30 10:21:46 /background-jobs/7eeff09d-9175-4e30-8cb3-93106bcd4d8e {"type": "usd", "usd": 0.0}
2026-09-30 10:21:51 /background-jobs/7eeff09d-9175-4e30-8cb3-93106bcd4d8e {"type": "usd", "usd": 0.0}
2026-09-30 10:21:57 /background-jobs/7eeff09d-9175-4e30-8cb3-93106bcd4d8e {"type": "usd", "usd": 0.0}
2026-09-30 10:22:03 /background-jobs/7eeff09d-9175-4e30-8cb3-93106bcd4d8e {"type": "usd", "usd": 0.0}
2026-09-30 10:22:09 /background-jobs/7eeff09d-9175-4e30-8cb3-93106bcd4d8e {"type": "usd", "usd": 0.0}
2026-09-30 10:22:15 /background-jobs/7eeff09d-9175-4e30-8cb3-93106bcd4d8e {"type": "usd", "usd": 0.0}
2026-09-30 10:22:21 /background-jobs/7eeff09d-9175-4e30-8cb3-93106bcd4d8e {"type": "usd", "usd": 0.0}
2026-09-30 10:22:26 /background-jobs/7eeff09d-9175-4e30-8cb3-93106bcd4d8e {"type": "usd", "usd": 0.0}
2026-09-30 10:22:32 /background-jobs/7eeff09d-9175-4e30-8cb3-93106bcd4d8e {"type": "usd", "usd": 0.0}
2026-09-30 10:22:38 /background-jobs/7eeff09d-9175-4e30-8cb3-93106bcd4d8e {"type": "usd", "usd": 0.0}
2026-09-30 10:22:43 /background-jobs/7eeff09d-9175-4e30-8cb3-93106bcd4d8e {"type": "usd", "usd": 0.0}
2026-09-30 10:22:49 /background-jobs/7eeff09d-9175-4e30-8cb3-93106bcd4d8e {"type": "usd", "usd": 0.0}
2026-09-30 10:22:55 /background-jobs/7eeff09d-9175-4e30-8cb3-93106bcd4d8e {"type": "usd", "usd": 0.0}
2026-09-30 10:23:01 /background-jobs/7eeff09d-9175-4e30-8cb3-93106bcd4d8e {"type": "usd", "usd": 0.0}
2026-09-30 10:23:06 /background-jobs/7eeff09d-9175-4e30-8cb3-93106bcd4d8e {"type": "usd", "usd": 0.0}
2026-09-30 10:23:12 /background-jobs/7eeff09d-9175-4e30-8cb3-93106bcd4d8e {"type": "usd", "usd": 0.0}
2026-09-30 10:23:18 /background-jobs/7eeff09d-9175-4e30-8cb3-93106bcd4d8e {"type": "usd", "usd": 0.0}
2026-09-30 10:23:23 /background-jobs/7eeff09d-9175-4e30-8cb3-93106bcd4d8e {"type": "usd", "usd": 0.0}
2026-09-30 10:23:29 /background-jobs/7eeff09d-9175-4e30-8cb3-93106bcd4d8e {"type": "usd", "usd": 0.0}
2026-09-30 10:23:35 /background-jobs/7eeff09d-9175-4e30-8cb3-93106bcd4d8e {"type": "usd", "usd": 0.0}
2026-09-30 10:23:41 /background-jobs/7eeff09d-9175-4e30-8cb3-93106bcd4d8e {"type": "usd", "usd": 0.0}
2026-09-30 10:23:46 /background-jobs/7eeff09d-9175-4e30-8cb3-93106bcd4d8e {"type": "usd", "usd": 0.0}
2026-09-30 10:23:52 /background-jobs/7eeff09d-9175-4e30-8cb3-93106bcd4d8e {"type": "usd", "usd": 0.0}
2026-09-30 10:23:58 /background-jobs/7eeff09d-9175-4e30-8cb3-93106bcd4d8e {"type": "usd", "usd": 0.0}
2026-09-30 10:24:03 /background-jobs/7eeff09d-9175-4e30-8cb3-93106bcd4d8e {"type": "usd", "usd": 0.0}
2026-09-30 10:24:09 /background-jobs/7eeff09d-9175-4e30-8cb3-93106bcd4d8e {"type": "usd", "usd": 0.0}
2026-09-30 10:24:15 /background-jobs/7eeff09d-9175-4e30-8cb3-93106bcd4d8e {"type": "usd", "usd": 0.0}
2026-09-30 10:24:23 /background-jobs/7eeff09d-9175-4e30-8cb3-93106bcd4d8e {"type": "usd", "usd": 0.0}
2026-09-30 10:24:29 /background-jobs/7eeff09d-9175-4e30-8cb3-93106bcd4d8e {"type": "usd", "usd": 0.0}
2026-09-30 10:24:34 /background-jobs/7eeff09d-9175-4e30-8cb3-93106bcd4d8e {"type": "usd", "usd": 0.0}
2026-09-30 10:24:40 /background-jobs/7eeff09d-9175-4e30-8cb3-93106bcd4d8e {"type": "usd", "usd": 0.0}
2026-09-30 10:24:45 /background-jobs/7eeff09d-9175-4e30-8cb3-93106bcd4d8e {"type": "usd", "usd": 0.0}
2026-09-30 10:24:51 /background-jobs/7eeff09d-9175-4e30-8cb3-93106bcd4d8e {"type": "generations", "generations": 1.0}
2026-09-30 10:24:57 /background-jobs/7eeff09d-9175-4e30-8cb3-93106bcd4d8e {"type": "generations", "generations": 1.0}
2026-09-30 10:26:17 /background-jobs/41d66c7b-5fed-42ff-99e8-de0be7ea46a8 {"type": "usd", "usd": 0.0}
2026-09-30 10:26:23 /background-jobs/41d66c7b-5fed-42ff-99e8-de0be7ea46a8 {"type": "usd", "usd": 0.0}
2026-09-30 10:26:29 /background-jobs/41d66c7b-5fed-42ff-99e8-de0be7ea46a8 {"type": "usd", "usd": 0.0}
2026-09-30 10:26:34 /background-jobs/41d66c7b-5fed-42ff-99e8-de0be7ea46a8 {"type": "usd", "usd": 0.0}
2026-09-30 10:26:40 /background-jobs/41d66c7b-5fed-42ff-99e8-de0be7ea46a8 {"type": "usd", "usd": 0.0}
2026-09-30 10:26:46 /background-jobs/41d66c7b-5fed-42ff-99e8-de0be7ea46a8 {"type": "usd", "usd": 0.0}
2026-09-30 10:26:52 /background-jobs/41d66c7b-5fed-42ff-99e8-de0be7ea46a8 {"type": "usd", "usd": 0.0}
2026-09-30 10:26:57 /background-jobs/41d66c7b-5fed-42ff-99e8-de0be7ea46a8 {"type": "usd", "usd": 0.0}
2026-09-30 10:27:03 /background-jobs/41d66c7b-5fed-42ff-99e8-de0be7ea46a8 {"type": "usd", "usd": 0.0}
2026-09-30 10:27:09 /background-jobs/41d66c7b-5fed-42ff-99e8-de0be7ea46a8 {"type": "usd", "usd": 0.0}
2026-09-30 10:27:14 /background-jobs/41d66c7b-5fed-42ff-99e8-de0be7ea46a8 {"type": "usd", "usd": 0.0}
2026-09-30 10:27:21 /background-jobs/41d66c7b-5fed-42ff-99e8-de0be7ea46a8 {"type": "usd", "usd": 0.0}
2026-09-30 10:27:26 /background-jobs/41d66c7b-5fed-42ff-99e8-de0be7ea46a8 {"type": "usd", "usd": 0.0}
2026-09-30 10:27:32 /background-jobs/41d66c7b-5fed-42ff-99e8-de0be7ea46a8 {"type": "usd", "usd": 0.0}
2026-09-30 10:27:38 /background-jobs/41d66c7b-5fed-42ff-99e8-de0be7ea46a8 {"type": "usd", "usd": 0.0}
2026-09-30 10:27:43 /background-jobs/41d66c7b-5fed-42ff-99e8-de0be7ea46a8 {"type": "usd", "usd": 0.0}
2026-09-30 10:27:49 /background-jobs/41d66c7b-5fed-42ff-99e8-de0be7ea46a8 {"type": "usd", "usd": 0.0}
2026-09-30 10:27:56 /background-jobs/41d66c7b-5fed-42ff-99e8-de0be7ea46a8 {"type": "usd", "usd": 0.0}
2026-09-30 10:28:02 /background-jobs/41d66c7b-5fed-42ff-99e8-de0be7ea46a8 {"type": "usd", "usd": 0.0}
2026-09-30 10:28:11 /background-jobs/41d66c7b-5fed-42ff-99e8-de0be7ea46a8 {"type": "usd", "usd": 0.0}
2026-09-30 10:28:17 /background-jobs/41d66c7b-5fed-42ff-99e8-de0be7ea46a8 {"type": "usd", "usd": 0.0}
2026-09-30 10:28:23 /background-jobs/41d66c7b-5fed-42ff-99e8-de0be7ea46a8 {"type": "usd", "usd": 0.0}
2026-09-30 10:28:29 /background-jobs/41d66c7b-5fed-42ff-99e8-de0be7ea46a8 {"type": "usd", "usd": 0.0}
2026-09-30 10:28:35 /background-jobs/41d66c7b-5fed-42ff-99e8-de0be7ea46a8 {"type": "usd", "usd": 0.0}
2026-09-30 10:28:40 /background-jobs/41d66c7b-5fed-42ff-99e8-de0be7ea46a8 {"type": "usd", "usd": 0.0}
2026-09-30 10:28:46 /background-jobs/41d66c7b-5fed-42ff-99e8-de0be7ea46a8 {"type": "usd", "usd": 0.0}
2026-09-30 10:28:52 /background-jobs/41d66c7b-5fed-42ff-99e8-de0be7ea46a8 {"type": "usd", "usd": 0.0}
2026-09-30 10:28:58 /background-jobs/41d66c7b-5fed-42ff-99e8-de0be7ea46a8 {"type": "usd", "usd": 0.0}
2026-09-30 10:29:05 /background-jobs/41d66c7b-5fed-42ff-99e8-de0be7ea46a8 {"type": "usd", "usd": 0.0}
2026-09-30 10:29:12 /background-jobs/41d66c7b-5fed-42ff-99e8-de0be7ea46a8 {"type": "usd", "usd": 0.0}
2026-09-30 10:29:18 /background-jobs/41d66c7b-5fed-42ff-99e8-de0be7ea46a8 {"type": "usd", "usd": 0.0}
2026-09-30 10:29:24 /background-jobs/41d66c7b-5fed-42ff-99e8-de0be7ea46a8 {"type": "usd", "usd": 0.0}
2026-09-30 10:29:30 /background-jobs/41d66c7b-5fed-42ff-99e8-de0be7ea46a8 {"type": "usd", "usd": 0.0}
2026-09-30 10:29:35 /background-jobs/41d66c7b-5fed-42ff-99e8-de0be7ea46a8 {"type": "usd", "usd": 0.0}
2026-09-30 10:29:41 /background-jobs/41d66c7b-5fed-42ff-99e8-de0be7ea46a8 {"type": "usd", "usd": 0.0}
2026-09-30 10:29:47 /background-jobs/41d66c7b-5fed-42ff-99e8-de0be7ea46a8 {"type": "usd", "usd": 0.0}
2026-09-30 10:29:53 /background-jobs/41d66c7b-5fed-42ff-99e8-de0be7ea46a8 {"type": "usd", "usd": 0.0}
2026-09-30 10:29:58 /background-jobs/41d66c7b-5fed-42ff-99e8-de0be7ea46a8 {"type": "usd", "usd": 0.0}
2026-09-30 10:30:04 /background-jobs/41d66c7b-5fed-42ff-99e8-de0be7ea46a8 {"type": "usd", "usd": 0.0}
2026-09-30 10:30:10 /background-jobs/41d66c7b-5fed-42ff-99e8-de0be7ea46a8 {"type": "usd", "usd": 0.0}
2026-09-30 10:30:15 /background-jobs/41d66c7b-5fed-42ff-99e8-de0be7ea46a8 {"type": "usd", "usd": 0.0}
2026-09-30 10:30:21 /background-jobs/41d66c7b-5fed-42ff-99e8-de0be7ea46a8 {"type": "usd", "usd": 0.0}
2026-09-30 10:30:27 /background-jobs/41d66c7b-5fed-42ff-99e8-de0be7ea46a8 {"type": "usd", "usd": 0.0}
2026-09-30 10:30:32 /background-jobs/41d66c7b-5fed-42ff-99e8-de0be7ea46a8 {"type": "usd", "usd": 0.0}
2026-09-30 10:30:40 /background-jobs/41d66c7b-5fed-42ff-99e8-de0be7ea46a8 {"type": "usd", "usd": 0.0}
2026-09-30 10:30:45 /background-jobs/41d66c7b-5fed-42ff-99e8-de0be7ea46a8 {"type": "usd", "usd": 0.0}
2026-09-30 10:30:51 /background-jobs/41d66c7b-5fed-42ff-99e8-de0be7ea46a8 {"type": "usd", "usd": 0.0}
2026-09-30 10:30:57 /background-jobs/41d66c7b-5fed-42ff-99e8-de0be7ea46a8 {"type": "generations", "generations": 1.0}
2026-09-30 10:31:03 /background-jobs/41d66c7b-5fed-42ff-99e8-de0be7ea46a8 {"type": "generations", "generations": 1.0}
2026-09-30 10:31:10 /background-jobs/b32f89c4-6d73-42a7-9b6b-ce576a6f8a84 {"type": "usd", "usd": 0.0}
2026-09-30 10:31:15 /background-jobs/b32f89c4-6d73-42a7-9b6b-ce576a6f8a84 {"type": "usd", "usd": 0.0}
2026-09-30 10:31:23 /background-jobs/b32f89c4-6d73-42a7-9b6b-ce576a6f8a84 {"type": "usd", "usd": 0.0}
2026-09-30 10:31:29 /background-jobs/b32f89c4-6d73-42a7-9b6b-ce576a6f8a84 {"type": "usd", "usd": 0.0}
2026-09-30 10:31:34 /background-jobs/b32f89c4-6d73-42a7-9b6b-ce576a6f8a84 {"type": "usd", "usd": 0.0}
2026-09-30 10:31:40 /background-jobs/b32f89c4-6d73-42a7-9b6b-ce576a6f8a84 {"type": "usd", "usd": 0.0}
2026-09-30 10:31:46 /background-jobs/b32f89c4-6d73-42a7-9b6b-ce576a6f8a84 {"type": "usd", "usd": 0.0}
2026-09-30 10:31:51 /background-jobs/b32f89c4-6d73-42a7-9b6b-ce576a6f8a84 {"type": "usd", "usd": 0.0}
2026-09-30 10:31:57 /background-jobs/b32f89c4-6d73-42a7-9b6b-ce576a6f8a84 {"type": "usd", "usd": 0.0}
2026-09-30 10:32:03 /background-jobs/b32f89c4-6d73-42a7-9b6b-ce576a6f8a84 {"type": "usd", "usd": 0.0}
2026-09-30 10:32:08 /background-jobs/b32f89c4-6d73-42a7-9b6b-ce576a6f8a84 {"type": "usd", "usd": 0.0}
2026-09-30 10:32:14 /background-jobs/b32f89c4-6d73-42a7-9b6b-ce576a6f8a84 {"type": "usd", "usd": 0.0}
2026-09-30 10:32:21 /background-jobs/b32f89c4-6d73-42a7-9b6b-ce576a6f8a84 {"type": "usd", "usd": 0.0}
2026-09-30 10:32:26 /background-jobs/b32f89c4-6d73-42a7-9b6b-ce576a6f8a84 {"type": "usd", "usd": 0.0}
2026-09-30 10:32:32 /background-jobs/b32f89c4-6d73-42a7-9b6b-ce576a6f8a84 {"type": "usd", "usd": 0.0}
2026-09-30 10:32:38 /background-jobs/b32f89c4-6d73-42a7-9b6b-ce576a6f8a84 {"type": "usd", "usd": 0.0}
2026-09-30 10:32:44 /background-jobs/b32f89c4-6d73-42a7-9b6b-ce576a6f8a84 {"type": "usd", "usd": 0.0}
2026-09-30 10:32:49 /background-jobs/b32f89c4-6d73-42a7-9b6b-ce576a6f8a84 {"type": "usd", "usd": 0.0}
2026-09-30 10:32:55 /background-jobs/b32f89c4-6d73-42a7-9b6b-ce576a6f8a84 {"type": "usd", "usd": 0.0}
2026-09-30 10:33:03 /background-jobs/b32f89c4-6d73-42a7-9b6b-ce576a6f8a84 {"type": "usd", "usd": 0.0}
2026-09-30 10:33:08 /background-jobs/b32f89c4-6d73-42a7-9b6b-ce576a6f8a84 {"type": "usd", "usd": 0.0}
2026-09-30 10:33:14 /background-jobs/b32f89c4-6d73-42a7-9b6b-ce576a6f8a84 {"type": "generations", "generations": 1.0}
2026-09-30 10:33:20 /background-jobs/b32f89c4-6d73-42a7-9b6b-ce576a6f8a84 {"type": "generations", "generations": 1.0}
2026-09-30 10:33:42 /background-jobs/ba4cd621-19a6-4b3e-9e54-c0bfbecf7e2d {"type": "usd", "usd": 0.0}
2026-09-30 10:33:42 /background-jobs/c607060c-abd8-4bba-9d29-a461ce5e3899 {"type": "usd", "usd": 0.0}
2026-09-30 10:33:44 /background-jobs/b80324ed-2a24-4865-92d2-131ae2b62fb6 {"type": "usd", "usd": 0.0}
2026-09-30 10:33:44 /background-jobs/154cae27-c93f-4c4f-8cbe-84b62bdd0013 {"type": "usd", "usd": 0.0}
2026-09-30 10:33:44 /background-jobs/3862c947-46d8-4763-8b9b-d8091da2c4b4 {"type": "usd", "usd": 0.0}
2026-09-30 10:33:44 /background-jobs/3e7b0061-99ae-4031-91ce-e04d86f5a0d7 {"type": "usd", "usd": 0.0}
2026-09-30 10:33:45 /background-jobs/8e8d4c68-4dc5-40f7-a210-cef5c2029398 {"type": "usd", "usd": 0.0}
2026-09-30 10:33:47 /background-jobs/c607060c-abd8-4bba-9d29-a461ce5e3899 {"type": "usd", "usd": 0.0}
2026-09-30 10:33:49 /background-jobs/b80324ed-2a24-4865-92d2-131ae2b62fb6 {"type": "usd", "usd": 0.0}
2026-09-30 10:33:50 /background-jobs/154cae27-c93f-4c4f-8cbe-84b62bdd0013 {"type": "usd", "usd": 0.0}
2026-09-30 10:33:50 /background-jobs/3862c947-46d8-4763-8b9b-d8091da2c4b4 {"type": "usd", "usd": 0.0}
2026-09-30 10:33:50 /background-jobs/3e7b0061-99ae-4031-91ce-e04d86f5a0d7 {"type": "usd", "usd": 0.0}
2026-09-30 10:33:50 /background-jobs/8e8d4c68-4dc5-40f7-a210-cef5c2029398 {"type": "usd", "usd": 0.0}
2026-09-30 10:33:54 /background-jobs/c607060c-abd8-4bba-9d29-a461ce5e3899 {"type": "usd", "usd": 0.0}
2026-09-30 10:33:55 /background-jobs/154cae27-c93f-4c4f-8cbe-84b62bdd0013 {"type": "usd", "usd": 0.0}
2026-09-30 10:33:56 /background-jobs/3e7b0061-99ae-4031-91ce-e04d86f5a0d7 {"type": "usd", "usd": 0.0}
2026-09-30 10:33:56 /background-jobs/8e8d4c68-4dc5-40f7-a210-cef5c2029398 {"type": "usd", "usd": 0.0}
2026-09-30 10:33:56 /background-jobs/b80324ed-2a24-4865-92d2-131ae2b62fb6 {"type": "usd", "usd": 0.0}
2026-09-30 10:33:56 /background-jobs/3862c947-46d8-4763-8b9b-d8091da2c4b4 {"type": "usd", "usd": 0.0}
2026-09-30 10:34:00 /background-jobs/ba4cd621-19a6-4b3e-9e54-c0bfbecf7e2d {"type": "usd", "usd": 0.0}
2026-09-30 10:34:00 /background-jobs/c607060c-abd8-4bba-9d29-a461ce5e3899 {"type": "usd", "usd": 0.0}
2026-09-30 10:34:01 /background-jobs/3e7b0061-99ae-4031-91ce-e04d86f5a0d7 {"type": "usd", "usd": 0.0}
2026-09-30 10:34:01 /background-jobs/154cae27-c93f-4c4f-8cbe-84b62bdd0013 {"type": "usd", "usd": 0.0}
2026-09-30 10:34:02 /background-jobs/8e8d4c68-4dc5-40f7-a210-cef5c2029398 {"type": "usd", "usd": 0.0}
2026-09-30 10:34:02 /background-jobs/b80324ed-2a24-4865-92d2-131ae2b62fb6 {"type": "usd", "usd": 0.0}
2026-09-30 10:34:05 /background-jobs/3862c947-46d8-4763-8b9b-d8091da2c4b4 {"type": "usd", "usd": 0.0}
2026-09-30 10:34:06 /background-jobs/ba4cd621-19a6-4b3e-9e54-c0bfbecf7e2d {"type": "usd", "usd": 0.0}
2026-09-30 10:34:06 /background-jobs/c607060c-abd8-4bba-9d29-a461ce5e3899 {"type": "usd", "usd": 0.0}
2026-09-30 10:34:07 /background-jobs/3e7b0061-99ae-4031-91ce-e04d86f5a0d7 {"type": "usd", "usd": 0.0}
2026-09-30 10:34:07 /background-jobs/154cae27-c93f-4c4f-8cbe-84b62bdd0013 {"type": "usd", "usd": 0.0}
2026-09-30 10:34:07 /background-jobs/8e8d4c68-4dc5-40f7-a210-cef5c2029398 {"type": "usd", "usd": 0.0}
2026-09-30 10:34:08 /background-jobs/b80324ed-2a24-4865-92d2-131ae2b62fb6 {"type": "usd", "usd": 0.0}
2026-09-30 10:34:11 /background-jobs/3862c947-46d8-4763-8b9b-d8091da2c4b4 {"type": "usd", "usd": 0.0}
2026-09-30 10:34:11 /background-jobs/ba4cd621-19a6-4b3e-9e54-c0bfbecf7e2d {"type": "usd", "usd": 0.0}
2026-09-30 10:34:12 /background-jobs/c607060c-abd8-4bba-9d29-a461ce5e3899 {"type": "usd", "usd": 0.0}
2026-09-30 10:34:13 /background-jobs/3e7b0061-99ae-4031-91ce-e04d86f5a0d7 {"type": "usd", "usd": 0.0}
2026-09-30 10:34:13 /background-jobs/154cae27-c93f-4c4f-8cbe-84b62bdd0013 {"type": "usd", "usd": 0.0}
2026-09-30 10:34:14 /background-jobs/8e8d4c68-4dc5-40f7-a210-cef5c2029398 {"type": "usd", "usd": 0.0}
2026-09-30 10:34:14 /background-jobs/b80324ed-2a24-4865-92d2-131ae2b62fb6 {"type": "usd", "usd": 0.0}
2026-09-30 10:34:18 /background-jobs/3862c947-46d8-4763-8b9b-d8091da2c4b4 {"type": "usd", "usd": 0.0}
2026-09-30 10:34:18 /background-jobs/ba4cd621-19a6-4b3e-9e54-c0bfbecf7e2d {"type": "usd", "usd": 0.0}
2026-09-30 10:34:18 /background-jobs/c607060c-abd8-4bba-9d29-a461ce5e3899 {"type": "usd", "usd": 0.0}
2026-09-30 10:34:18 /background-jobs/3e7b0061-99ae-4031-91ce-e04d86f5a0d7 {"type": "usd", "usd": 0.0}
2026-09-30 10:34:19 /background-jobs/154cae27-c93f-4c4f-8cbe-84b62bdd0013 {"type": "usd", "usd": 0.0}
2026-09-30 10:34:19 /background-jobs/8e8d4c68-4dc5-40f7-a210-cef5c2029398 {"type": "usd", "usd": 0.0}
2026-09-30 10:34:20 /background-jobs/b80324ed-2a24-4865-92d2-131ae2b62fb6 {"type": "usd", "usd": 0.0}
2026-09-30 10:34:24 /background-jobs/3862c947-46d8-4763-8b9b-d8091da2c4b4 {"type": "usd", "usd": 0.0}
2026-09-30 10:34:24 /background-jobs/3e7b0061-99ae-4031-91ce-e04d86f5a0d7 {"type": "usd", "usd": 0.0}
2026-09-30 10:34:24 /background-jobs/c607060c-abd8-4bba-9d29-a461ce5e3899 {"type": "usd", "usd": 0.0}
2026-09-30 10:34:24 /background-jobs/ba4cd621-19a6-4b3e-9e54-c0bfbecf7e2d {"type": "usd", "usd": 0.0}
2026-09-30 10:34:24 /background-jobs/154cae27-c93f-4c4f-8cbe-84b62bdd0013 {"type": "usd", "usd": 0.0}
2026-09-30 10:34:25 /background-jobs/8e8d4c68-4dc5-40f7-a210-cef5c2029398 {"type": "usd", "usd": 0.0}
2026-09-30 10:34:26 /background-jobs/b80324ed-2a24-4865-92d2-131ae2b62fb6 {"type": "usd", "usd": 0.0}
2026-09-30 10:34:30 /background-jobs/3e7b0061-99ae-4031-91ce-e04d86f5a0d7 {"type": "usd", "usd": 0.0}
2026-09-30 10:34:30 /background-jobs/154cae27-c93f-4c4f-8cbe-84b62bdd0013 {"type": "usd", "usd": 0.0}
2026-09-30 10:34:30 /background-jobs/ba4cd621-19a6-4b3e-9e54-c0bfbecf7e2d {"type": "usd", "usd": 0.0}
2026-09-30 10:34:30 /background-jobs/3862c947-46d8-4763-8b9b-d8091da2c4b4 {"type": "usd", "usd": 0.0}
2026-09-30 10:34:30 /background-jobs/c607060c-abd8-4bba-9d29-a461ce5e3899 {"type": "usd", "usd": 0.0}
2026-09-30 10:34:31 /background-jobs/8e8d4c68-4dc5-40f7-a210-cef5c2029398 {"type": "usd", "usd": 0.0}
2026-09-30 10:34:32 /background-jobs/b80324ed-2a24-4865-92d2-131ae2b62fb6 {"type": "usd", "usd": 0.0}
2026-09-30 10:34:35 /background-jobs/3e7b0061-99ae-4031-91ce-e04d86f5a0d7 {"type": "usd", "usd": 0.0}
2026-09-30 10:34:36 /background-jobs/154cae27-c93f-4c4f-8cbe-84b62bdd0013 {"type": "usd", "usd": 0.0}
2026-09-30 10:34:36 /background-jobs/3862c947-46d8-4763-8b9b-d8091da2c4b4 {"type": "usd", "usd": 0.0}
2026-09-30 10:34:36 /background-jobs/ba4cd621-19a6-4b3e-9e54-c0bfbecf7e2d {"type": "usd", "usd": 0.0}
2026-09-30 10:34:37 /background-jobs/c607060c-abd8-4bba-9d29-a461ce5e3899 {"type": "usd", "usd": 0.0}
2026-09-30 10:34:37 /background-jobs/8e8d4c68-4dc5-40f7-a210-cef5c2029398 {"type": "usd", "usd": 0.0}
2026-09-30 10:34:37 /background-jobs/b80324ed-2a24-4865-92d2-131ae2b62fb6 {"type": "usd", "usd": 0.0}
2026-09-30 10:34:41 /background-jobs/3e7b0061-99ae-4031-91ce-e04d86f5a0d7 {"type": "usd", "usd": 0.0}
2026-09-30 10:34:41 /background-jobs/154cae27-c93f-4c4f-8cbe-84b62bdd0013 {"type": "usd", "usd": 0.0}
2026-09-30 10:34:42 /background-jobs/3862c947-46d8-4763-8b9b-d8091da2c4b4 {"type": "usd", "usd": 0.0}
2026-09-30 10:34:42 /background-jobs/ba4cd621-19a6-4b3e-9e54-c0bfbecf7e2d {"type": "usd", "usd": 0.0}
2026-09-30 10:34:42 /background-jobs/c607060c-abd8-4bba-9d29-a461ce5e3899 {"type": "usd", "usd": 0.0}
2026-09-30 10:34:43 /background-jobs/8e8d4c68-4dc5-40f7-a210-cef5c2029398 {"type": "usd", "usd": 0.0}
2026-09-30 10:34:43 /background-jobs/b80324ed-2a24-4865-92d2-131ae2b62fb6 {"type": "usd", "usd": 0.0}
2026-09-30 10:34:47 /background-jobs/3e7b0061-99ae-4031-91ce-e04d86f5a0d7 {"type": "usd", "usd": 0.0}
2026-09-30 10:34:47 /background-jobs/154cae27-c93f-4c4f-8cbe-84b62bdd0013 {"type": "usd", "usd": 0.0}
2026-09-30 10:34:48 /background-jobs/ba4cd621-19a6-4b3e-9e54-c0bfbecf7e2d {"type": "usd", "usd": 0.0}
2026-09-30 10:34:48 /background-jobs/c607060c-abd8-4bba-9d29-a461ce5e3899 {"type": "usd", "usd": 0.0}
2026-09-30 10:34:48 /background-jobs/8e8d4c68-4dc5-40f7-a210-cef5c2029398 {"type": "usd", "usd": 0.0}
2026-09-30 10:34:49 /background-jobs/b80324ed-2a24-4865-92d2-131ae2b62fb6 {"type": "usd", "usd": 0.0}
2026-09-30 10:34:49 /background-jobs/3862c947-46d8-4763-8b9b-d8091da2c4b4 {"type": "usd", "usd": 0.0}
2026-09-30 10:34:52 /background-jobs/3e7b0061-99ae-4031-91ce-e04d86f5a0d7 {"type": "usd", "usd": 0.0}
2026-09-30 10:34:53 /background-jobs/154cae27-c93f-4c4f-8cbe-84b62bdd0013 {"type": "usd", "usd": 0.0}
2026-09-30 10:34:54 /background-jobs/ba4cd621-19a6-4b3e-9e54-c0bfbecf7e2d {"type": "usd", "usd": 0.0}
2026-09-30 10:34:54 /background-jobs/c607060c-abd8-4bba-9d29-a461ce5e3899 {"type": "usd", "usd": 0.0}
2026-09-30 10:34:54 /background-jobs/8e8d4c68-4dc5-40f7-a210-cef5c2029398 {"type": "usd", "usd": 0.0}
2026-09-30 10:34:54 /background-jobs/b80324ed-2a24-4865-92d2-131ae2b62fb6 {"type": "usd", "usd": 0.0}
2026-09-30 10:34:54 /background-jobs/3862c947-46d8-4763-8b9b-d8091da2c4b4 {"type": "usd", "usd": 0.0}
2026-09-30 10:34:58 /background-jobs/3e7b0061-99ae-4031-91ce-e04d86f5a0d7 {"type": "usd", "usd": 0.0}
2026-09-30 10:34:59 /background-jobs/154cae27-c93f-4c4f-8cbe-84b62bdd0013 {"type": "usd", "usd": 0.0}
2026-09-30 10:35:00 /background-jobs/c607060c-abd8-4bba-9d29-a461ce5e3899 {"type": "usd", "usd": 0.0}
2026-09-30 10:35:00 /background-jobs/ba4cd621-19a6-4b3e-9e54-c0bfbecf7e2d {"type": "usd", "usd": 0.0}
2026-09-30 10:35:00 /background-jobs/8e8d4c68-4dc5-40f7-a210-cef5c2029398 {"type": "usd", "usd": 0.0}
2026-09-30 10:35:00 /background-jobs/b80324ed-2a24-4865-92d2-131ae2b62fb6 {"type": "usd", "usd": 0.0}
2026-09-30 10:35:00 /background-jobs/3862c947-46d8-4763-8b9b-d8091da2c4b4 {"type": "usd", "usd": 0.0}
2026-09-30 10:35:04 /background-jobs/3e7b0061-99ae-4031-91ce-e04d86f5a0d7 {"type": "usd", "usd": 0.0}
2026-09-30 10:35:05 /background-jobs/154cae27-c93f-4c4f-8cbe-84b62bdd0013 {"type": "usd", "usd": 0.0}
2026-09-30 10:35:05 /background-jobs/c607060c-abd8-4bba-9d29-a461ce5e3899 {"type": "usd", "usd": 0.0}
2026-09-30 10:35:05 /background-jobs/ba4cd621-19a6-4b3e-9e54-c0bfbecf7e2d {"type": "usd", "usd": 0.0}
2026-09-30 10:35:06 /background-jobs/8e8d4c68-4dc5-40f7-a210-cef5c2029398 {"type": "usd", "usd": 0.0}
2026-09-30 10:35:06 /background-jobs/b80324ed-2a24-4865-92d2-131ae2b62fb6 {"type": "usd", "usd": 0.0}
2026-09-30 10:35:06 /background-jobs/3862c947-46d8-4763-8b9b-d8091da2c4b4 {"type": "usd", "usd": 0.0}
2026-09-30 10:35:10 /background-jobs/3e7b0061-99ae-4031-91ce-e04d86f5a0d7 {"type": "usd", "usd": 0.0}
2026-09-30 10:35:10 /background-jobs/154cae27-c93f-4c4f-8cbe-84b62bdd0013 {"type": "usd", "usd": 0.0}
2026-09-30 10:35:11 /background-jobs/ba4cd621-19a6-4b3e-9e54-c0bfbecf7e2d {"type": "usd", "usd": 0.0}
2026-09-30 10:35:11 /background-jobs/c607060c-abd8-4bba-9d29-a461ce5e3899 {"type": "usd", "usd": 0.0}
2026-09-30 10:35:11 /background-jobs/b80324ed-2a24-4865-92d2-131ae2b62fb6 {"type": "usd", "usd": 0.0}
2026-09-30 10:35:11 /background-jobs/8e8d4c68-4dc5-40f7-a210-cef5c2029398 {"type": "usd", "usd": 0.0}
2026-09-30 10:35:11 /background-jobs/3862c947-46d8-4763-8b9b-d8091da2c4b4 {"type": "usd", "usd": 0.0}
2026-09-30 10:35:15 /background-jobs/3e7b0061-99ae-4031-91ce-e04d86f5a0d7 {"type": "usd", "usd": 0.0}
2026-09-30 10:35:16 /background-jobs/154cae27-c93f-4c4f-8cbe-84b62bdd0013 {"type": "usd", "usd": 0.0}
2026-09-30 10:35:17 /background-jobs/c607060c-abd8-4bba-9d29-a461ce5e3899 {"type": "usd", "usd": 0.0}
2026-09-30 10:35:17 /background-jobs/ba4cd621-19a6-4b3e-9e54-c0bfbecf7e2d {"type": "usd", "usd": 0.0}
2026-09-30 10:35:17 /background-jobs/b80324ed-2a24-4865-92d2-131ae2b62fb6 {"type": "usd", "usd": 0.0}
2026-09-30 10:35:17 /background-jobs/8e8d4c68-4dc5-40f7-a210-cef5c2029398 {"type": "usd", "usd": 0.0}
2026-09-30 10:35:18 /background-jobs/3862c947-46d8-4763-8b9b-d8091da2c4b4 {"type": "usd", "usd": 0.0}
2026-09-30 10:35:21 /background-jobs/3e7b0061-99ae-4031-91ce-e04d86f5a0d7 {"type": "usd", "usd": 0.0}
2026-09-30 10:35:22 /background-jobs/154cae27-c93f-4c4f-8cbe-84b62bdd0013 {"type": "usd", "usd": 0.0}
2026-09-30 10:35:23 /background-jobs/8e8d4c68-4dc5-40f7-a210-cef5c2029398 {"type": "usd", "usd": 0.0}
2026-09-30 10:35:23 /background-jobs/b80324ed-2a24-4865-92d2-131ae2b62fb6 {"type": "usd", "usd": 0.0}
2026-09-30 10:35:23 /background-jobs/c607060c-abd8-4bba-9d29-a461ce5e3899 {"type": "usd", "usd": 0.0}
2026-09-30 10:35:23 /background-jobs/ba4cd621-19a6-4b3e-9e54-c0bfbecf7e2d {"type": "usd", "usd": 0.0}
2026-09-30 10:35:23 /background-jobs/3862c947-46d8-4763-8b9b-d8091da2c4b4 {"type": "usd", "usd": 0.0}
2026-09-30 10:35:27 /background-jobs/3e7b0061-99ae-4031-91ce-e04d86f5a0d7 {"type": "usd", "usd": 0.0}
2026-09-30 10:35:27 /background-jobs/154cae27-c93f-4c4f-8cbe-84b62bdd0013 {"type": "usd", "usd": 0.0}
2026-09-30 10:35:28 /background-jobs/b80324ed-2a24-4865-92d2-131ae2b62fb6 {"type": "usd", "usd": 0.0}
2026-09-30 10:35:28 /background-jobs/8e8d4c68-4dc5-40f7-a210-cef5c2029398 {"type": "usd", "usd": 0.0}
2026-09-30 10:35:28 /background-jobs/c607060c-abd8-4bba-9d29-a461ce5e3899 {"type": "usd", "usd": 0.0}
2026-09-30 10:35:28 /background-jobs/ba4cd621-19a6-4b3e-9e54-c0bfbecf7e2d {"type": "usd", "usd": 0.0}
2026-09-30 10:35:29 /background-jobs/3862c947-46d8-4763-8b9b-d8091da2c4b4 {"type": "usd", "usd": 0.0}
2026-09-30 10:35:33 /background-jobs/3e7b0061-99ae-4031-91ce-e04d86f5a0d7 {"type": "usd", "usd": 0.0}
2026-09-30 10:35:33 /background-jobs/154cae27-c93f-4c4f-8cbe-84b62bdd0013 {"type": "usd", "usd": 0.0}
2026-09-30 10:35:34 /background-jobs/b80324ed-2a24-4865-92d2-131ae2b62fb6 {"type": "usd", "usd": 0.0}
2026-09-30 10:35:34 /background-jobs/8e8d4c68-4dc5-40f7-a210-cef5c2029398 {"type": "usd", "usd": 0.0}
2026-09-30 10:35:34 /background-jobs/c607060c-abd8-4bba-9d29-a461ce5e3899 {"type": "usd", "usd": 0.0}
2026-09-30 10:35:34 /background-jobs/ba4cd621-19a6-4b3e-9e54-c0bfbecf7e2d {"type": "usd", "usd": 0.0}
2026-09-30 10:35:35 /background-jobs/3862c947-46d8-4763-8b9b-d8091da2c4b4 {"type": "usd", "usd": 0.0}
2026-09-30 10:35:39 /background-jobs/154cae27-c93f-4c4f-8cbe-84b62bdd0013 {"type": "usd", "usd": 0.0}
2026-09-30 10:35:39 /background-jobs/b80324ed-2a24-4865-92d2-131ae2b62fb6 {"type": "usd", "usd": 0.0}
2026-09-30 10:35:40 /background-jobs/c607060c-abd8-4bba-9d29-a461ce5e3899 {"type": "usd", "usd": 0.0}
2026-09-30 10:35:40 /background-jobs/3e7b0061-99ae-4031-91ce-e04d86f5a0d7 {"type": "usd", "usd": 0.0}
2026-09-30 10:35:40 /background-jobs/8e8d4c68-4dc5-40f7-a210-cef5c2029398 {"type": "usd", "usd": 0.0}
2026-09-30 10:35:40 /background-jobs/ba4cd621-19a6-4b3e-9e54-c0bfbecf7e2d {"type": "usd", "usd": 0.0}
2026-09-30 10:35:40 /background-jobs/3862c947-46d8-4763-8b9b-d8091da2c4b4 {"type": "usd", "usd": 0.0}
2026-09-30 10:35:45 /background-jobs/154cae27-c93f-4c4f-8cbe-84b62bdd0013 {"type": "usd", "usd": 0.0}
2026-09-30 10:35:45 /background-jobs/3e7b0061-99ae-4031-91ce-e04d86f5a0d7 {"type": "usd", "usd": 0.0}
2026-09-30 10:35:45 /background-jobs/c607060c-abd8-4bba-9d29-a461ce5e3899 {"type": "usd", "usd": 0.0}
2026-09-30 10:35:45 /background-jobs/8e8d4c68-4dc5-40f7-a210-cef5c2029398 {"type": "usd", "usd": 0.0}
2026-09-30 10:35:46 /background-jobs/b80324ed-2a24-4865-92d2-131ae2b62fb6 {"type": "usd", "usd": 0.0}
2026-09-30 10:35:46 /background-jobs/3862c947-46d8-4763-8b9b-d8091da2c4b4 {"type": "usd", "usd": 0.0}
2026-09-30 10:35:47 /background-jobs/ba4cd621-19a6-4b3e-9e54-c0bfbecf7e2d {"type": "usd", "usd": 0.0}
2026-09-30 10:35:51 /background-jobs/154cae27-c93f-4c4f-8cbe-84b62bdd0013 {"type": "usd", "usd": 0.0}
2026-09-30 10:35:51 /background-jobs/3e7b0061-99ae-4031-91ce-e04d86f5a0d7 {"type": "usd", "usd": 0.0}
2026-09-30 10:35:51 /background-jobs/c607060c-abd8-4bba-9d29-a461ce5e3899 {"type": "usd", "usd": 0.0}
2026-09-30 10:35:52 /background-jobs/8e8d4c68-4dc5-40f7-a210-cef5c2029398 {"type": "usd", "usd": 0.0}
2026-09-30 10:35:52 /background-jobs/3862c947-46d8-4763-8b9b-d8091da2c4b4 {"type": "generations", "generations": 1.0}
2026-09-30 10:35:52 /background-jobs/b80324ed-2a24-4865-92d2-131ae2b62fb6 {"type": "usd", "usd": 0.0}
2026-09-30 10:35:53 /background-jobs/ba4cd621-19a6-4b3e-9e54-c0bfbecf7e2d {"type": "usd", "usd": 0.0}
2026-09-30 10:35:57 /background-jobs/154cae27-c93f-4c4f-8cbe-84b62bdd0013 {"type": "usd", "usd": 0.0}
2026-09-30 10:35:57 /background-jobs/3e7b0061-99ae-4031-91ce-e04d86f5a0d7 {"type": "usd", "usd": 0.0}
2026-09-30 10:35:57 /background-jobs/c607060c-abd8-4bba-9d29-a461ce5e3899 {"type": "usd", "usd": 0.0}
2026-09-30 10:35:58 /background-jobs/b80324ed-2a24-4865-92d2-131ae2b62fb6 {"type": "usd", "usd": 0.0}
2026-09-30 10:35:59 /background-jobs/3862c947-46d8-4763-8b9b-d8091da2c4b4 {"type": "generations", "generations": 1.0}
2026-09-30 10:35:59 /background-jobs/ba4cd621-19a6-4b3e-9e54-c0bfbecf7e2d {"type": "usd", "usd": 0.0}
2026-09-30 10:36:00 /background-jobs/8e8d4c68-4dc5-40f7-a210-cef5c2029398 {"type": "usd", "usd": 0.0}
2026-09-30 10:36:02 /background-jobs/154cae27-c93f-4c4f-8cbe-84b62bdd0013 {"type": "usd", "usd": 0.0}
2026-09-30 10:36:03 /background-jobs/3e7b0061-99ae-4031-91ce-e04d86f5a0d7 {"type": "usd", "usd": 0.0}
2026-09-30 10:36:03 /background-jobs/c607060c-abd8-4bba-9d29-a461ce5e3899 {"type": "usd", "usd": 0.0}
2026-09-30 10:36:05 /background-jobs/ba4cd621-19a6-4b3e-9e54-c0bfbecf7e2d {"type": "usd", "usd": 0.0}
2026-09-30 10:36:05 /background-jobs/b80324ed-2a24-4865-92d2-131ae2b62fb6 {"type": "usd", "usd": 0.0}
2026-09-30 10:36:05 /background-jobs/8e8d4c68-4dc5-40f7-a210-cef5c2029398 {"type": "usd", "usd": 0.0}
2026-09-30 10:36:08 /background-jobs/7c98dc23-280a-40b8-829d-8a3bb34f5d53 {"type": "usd", "usd": 0.0}
2026-09-30 10:36:08 /background-jobs/154cae27-c93f-4c4f-8cbe-84b62bdd0013 {"type": "usd", "usd": 0.0}
2026-09-30 10:36:08 /background-jobs/3e7b0061-99ae-4031-91ce-e04d86f5a0d7 {"type": "usd", "usd": 0.0}
2026-09-30 10:36:09 /background-jobs/c607060c-abd8-4bba-9d29-a461ce5e3899 {"type": "usd", "usd": 0.0}
2026-09-30 10:36:10 /background-jobs/ba4cd621-19a6-4b3e-9e54-c0bfbecf7e2d {"type": "usd", "usd": 0.0}
2026-09-30 10:36:11 /background-jobs/b80324ed-2a24-4865-92d2-131ae2b62fb6 {"type": "usd", "usd": 0.0}
2026-09-30 10:36:11 /background-jobs/8e8d4c68-4dc5-40f7-a210-cef5c2029398 {"type": "usd", "usd": 0.0}
2026-09-30 10:36:13 /background-jobs/7c98dc23-280a-40b8-829d-8a3bb34f5d53 {"type": "usd", "usd": 0.0}
2026-09-30 10:36:14 /background-jobs/154cae27-c93f-4c4f-8cbe-84b62bdd0013 {"type": "usd", "usd": 0.0}
2026-09-30 10:36:14 /background-jobs/3e7b0061-99ae-4031-91ce-e04d86f5a0d7 {"type": "usd", "usd": 0.0}
2026-09-30 10:36:15 /background-jobs/c607060c-abd8-4bba-9d29-a461ce5e3899 {"type": "usd", "usd": 0.0}
2026-09-30 10:36:16 /background-jobs/ba4cd621-19a6-4b3e-9e54-c0bfbecf7e2d {"type": "usd", "usd": 0.0}
2026-09-30 10:36:17 /background-jobs/b80324ed-2a24-4865-92d2-131ae2b62fb6 {"type": "usd", "usd": 0.0}
2026-09-30 10:36:17 /background-jobs/8e8d4c68-4dc5-40f7-a210-cef5c2029398 {"type": "usd", "usd": 0.0}
2026-09-30 10:36:20 /background-jobs/154cae27-c93f-4c4f-8cbe-84b62bdd0013 {"type": "usd", "usd": 0.0}
2026-09-30 10:36:20 /background-jobs/3e7b0061-99ae-4031-91ce-e04d86f5a0d7 {"type": "usd", "usd": 0.0}
2026-09-30 10:36:20 /background-jobs/7c98dc23-280a-40b8-829d-8a3bb34f5d53 {"type": "usd", "usd": 0.0}
2026-09-30 10:36:20 /background-jobs/c607060c-abd8-4bba-9d29-a461ce5e3899 {"type": "usd", "usd": 0.0}
2026-09-30 10:36:22 /background-jobs/ba4cd621-19a6-4b3e-9e54-c0bfbecf7e2d {"type": "usd", "usd": 0.0}
2026-09-30 10:36:23 /background-jobs/8e8d4c68-4dc5-40f7-a210-cef5c2029398 {"type": "usd", "usd": 0.0}
2026-09-30 10:36:23 /background-jobs/b80324ed-2a24-4865-92d2-131ae2b62fb6 {"type": "usd", "usd": 0.0}
2026-09-30 10:36:25 /background-jobs/154cae27-c93f-4c4f-8cbe-84b62bdd0013 {"type": "usd", "usd": 0.0}
2026-09-30 10:36:26 /background-jobs/3e7b0061-99ae-4031-91ce-e04d86f5a0d7 {"type": "usd", "usd": 0.0}
2026-09-30 10:36:26 /background-jobs/c607060c-abd8-4bba-9d29-a461ce5e3899 {"type": "usd", "usd": 0.0}
2026-09-30 10:36:27 /background-jobs/7c98dc23-280a-40b8-829d-8a3bb34f5d53 {"type": "usd", "usd": 0.0}
2026-09-30 10:36:27 /background-jobs/ba4cd621-19a6-4b3e-9e54-c0bfbecf7e2d {"type": "usd", "usd": 0.0}
2026-09-30 10:36:28 /background-jobs/8e8d4c68-4dc5-40f7-a210-cef5c2029398 {"type": "usd", "usd": 0.0}
2026-09-30 10:36:29 /background-jobs/b80324ed-2a24-4865-92d2-131ae2b62fb6 {"type": "usd", "usd": 0.0}
2026-09-30 10:36:31 /background-jobs/154cae27-c93f-4c4f-8cbe-84b62bdd0013 {"type": "usd", "usd": 0.0}
2026-09-30 10:36:31 /background-jobs/3e7b0061-99ae-4031-91ce-e04d86f5a0d7 {"type": "usd", "usd": 0.0}
2026-09-30 10:36:32 /background-jobs/c607060c-abd8-4bba-9d29-a461ce5e3899 {"type": "usd", "usd": 0.0}
2026-09-30 10:36:32 /background-jobs/7c98dc23-280a-40b8-829d-8a3bb34f5d53 {"type": "usd", "usd": 0.0}
2026-09-30 10:36:33 /background-jobs/ba4cd621-19a6-4b3e-9e54-c0bfbecf7e2d {"type": "usd", "usd": 0.0}
2026-09-30 10:36:34 /background-jobs/8e8d4c68-4dc5-40f7-a210-cef5c2029398 {"type": "usd", "usd": 0.0}
2026-09-30 10:36:34 /background-jobs/b80324ed-2a24-4865-92d2-131ae2b62fb6 {"type": "usd", "usd": 0.0}
2026-09-30 10:36:37 /background-jobs/154cae27-c93f-4c4f-8cbe-84b62bdd0013 {"type": "usd", "usd": 0.0}
2026-09-30 10:36:37 /background-jobs/3e7b0061-99ae-4031-91ce-e04d86f5a0d7 {"type": "usd", "usd": 0.0}
2026-09-30 10:36:38 /background-jobs/c607060c-abd8-4bba-9d29-a461ce5e3899 {"type": "usd", "usd": 0.0}
2026-09-30 10:36:38 /background-jobs/7c98dc23-280a-40b8-829d-8a3bb34f5d53 {"type": "usd", "usd": 0.0}
2026-09-30 10:36:39 /background-jobs/ba4cd621-19a6-4b3e-9e54-c0bfbecf7e2d {"type": "usd", "usd": 0.0}
2026-09-30 10:36:40 /background-jobs/8e8d4c68-4dc5-40f7-a210-cef5c2029398 {"type": "usd", "usd": 0.0}
2026-09-30 10:36:40 /background-jobs/b80324ed-2a24-4865-92d2-131ae2b62fb6 {"type": "usd", "usd": 0.0}
2026-09-30 10:36:42 /background-jobs/154cae27-c93f-4c4f-8cbe-84b62bdd0013 {"type": "usd", "usd": 0.0}
2026-09-30 10:36:43 /background-jobs/3e7b0061-99ae-4031-91ce-e04d86f5a0d7 {"type": "usd", "usd": 0.0}
2026-09-30 10:36:44 /background-jobs/c607060c-abd8-4bba-9d29-a461ce5e3899 {"type": "usd", "usd": 0.0}
2026-09-30 10:36:44 /background-jobs/7c98dc23-280a-40b8-829d-8a3bb34f5d53 {"type": "usd", "usd": 0.0}
2026-09-30 10:36:44 /background-jobs/ba4cd621-19a6-4b3e-9e54-c0bfbecf7e2d {"type": "usd", "usd": 0.0}
2026-09-30 10:36:46 /background-jobs/b80324ed-2a24-4865-92d2-131ae2b62fb6 {"type": "usd", "usd": 0.0}
2026-09-30 10:36:46 /background-jobs/8e8d4c68-4dc5-40f7-a210-cef5c2029398 {"type": "usd", "usd": 0.0}
2026-09-30 10:36:48 /background-jobs/154cae27-c93f-4c4f-8cbe-84b62bdd0013 {"type": "usd", "usd": 0.0}
2026-09-30 10:36:49 /background-jobs/3e7b0061-99ae-4031-91ce-e04d86f5a0d7 {"type": "usd", "usd": 0.0}
2026-09-30 10:36:49 /background-jobs/c607060c-abd8-4bba-9d29-a461ce5e3899 {"type": "usd", "usd": 0.0}
2026-09-30 10:36:50 /background-jobs/7c98dc23-280a-40b8-829d-8a3bb34f5d53 {"type": "usd", "usd": 0.0}
2026-09-30 10:36:50 /background-jobs/ba4cd621-19a6-4b3e-9e54-c0bfbecf7e2d {"type": "usd", "usd": 0.0}
2026-09-30 10:36:51 /background-jobs/b80324ed-2a24-4865-92d2-131ae2b62fb6 {"type": "usd", "usd": 0.0}
2026-09-30 10:36:51 /background-jobs/8e8d4c68-4dc5-40f7-a210-cef5c2029398 {"type": "usd", "usd": 0.0}
2026-09-30 10:36:54 /background-jobs/154cae27-c93f-4c4f-8cbe-84b62bdd0013 {"type": "usd", "usd": 0.0}
2026-09-30 10:36:55 /background-jobs/c607060c-abd8-4bba-9d29-a461ce5e3899 {"type": "usd", "usd": 0.0}
2026-09-30 10:36:55 /background-jobs/3e7b0061-99ae-4031-91ce-e04d86f5a0d7 {"type": "usd", "usd": 0.0}
2026-09-30 10:36:55 /background-jobs/7c98dc23-280a-40b8-829d-8a3bb34f5d53 {"type": "usd", "usd": 0.0}
2026-09-30 10:36:56 /background-jobs/ba4cd621-19a6-4b3e-9e54-c0bfbecf7e2d {"type": "usd", "usd": 0.0}
2026-09-30 10:36:57 /background-jobs/b80324ed-2a24-4865-92d2-131ae2b62fb6 {"type": "usd", "usd": 0.0}
2026-09-30 10:36:57 /background-jobs/8e8d4c68-4dc5-40f7-a210-cef5c2029398 {"type": "usd", "usd": 0.0}
2026-09-30 10:37:00 /background-jobs/154cae27-c93f-4c4f-8cbe-84b62bdd0013 {"type": "usd", "usd": 0.0}
2026-09-30 10:37:01 /background-jobs/c607060c-abd8-4bba-9d29-a461ce5e3899 {"type": "usd", "usd": 0.0}
2026-09-30 10:37:01 /background-jobs/3e7b0061-99ae-4031-91ce-e04d86f5a0d7 {"type": "usd", "usd": 0.0}
2026-09-30 10:37:01 /background-jobs/7c98dc23-280a-40b8-829d-8a3bb34f5d53 {"type": "usd", "usd": 0.0}
2026-09-30 10:37:02 /background-jobs/ba4cd621-19a6-4b3e-9e54-c0bfbecf7e2d {"type": "usd", "usd": 0.0}
2026-09-30 10:37:02 /background-jobs/b80324ed-2a24-4865-92d2-131ae2b62fb6 {"type": "usd", "usd": 0.0}
2026-09-30 10:37:03 /background-jobs/8e8d4c68-4dc5-40f7-a210-cef5c2029398 {"type": "usd", "usd": 0.0}
2026-09-30 10:37:05 /background-jobs/154cae27-c93f-4c4f-8cbe-84b62bdd0013 {"type": "usd", "usd": 0.0}
2026-09-30 10:37:06 /background-jobs/3e7b0061-99ae-4031-91ce-e04d86f5a0d7 {"type": "usd", "usd": 0.0}
2026-09-30 10:37:07 /background-jobs/7c98dc23-280a-40b8-829d-8a3bb34f5d53 {"type": "usd", "usd": 0.0}
2026-09-30 10:37:07 /background-jobs/c607060c-abd8-4bba-9d29-a461ce5e3899 {"type": "usd", "usd": 0.0}
2026-09-30 10:37:08 /background-jobs/ba4cd621-19a6-4b3e-9e54-c0bfbecf7e2d {"type": "usd", "usd": 0.0}
2026-09-30 10:37:08 /background-jobs/b80324ed-2a24-4865-92d2-131ae2b62fb6 {"type": "usd", "usd": 0.0}
2026-09-30 10:37:08 /background-jobs/8e8d4c68-4dc5-40f7-a210-cef5c2029398 {"type": "usd", "usd": 0.0}
2026-09-30 10:37:12 /background-jobs/154cae27-c93f-4c4f-8cbe-84b62bdd0013 {"type": "usd", "usd": 0.0}
2026-09-30 10:37:12 /background-jobs/3e7b0061-99ae-4031-91ce-e04d86f5a0d7 {"type": "usd", "usd": 0.0}
2026-09-30 10:37:12 /background-jobs/7c98dc23-280a-40b8-829d-8a3bb34f5d53 {"type": "usd", "usd": 0.0}
2026-09-30 10:37:13 /background-jobs/ba4cd621-19a6-4b3e-9e54-c0bfbecf7e2d {"type": "usd", "usd": 0.0}
2026-09-30 10:37:13 /background-jobs/c607060c-abd8-4bba-9d29-a461ce5e3899 {"type": "usd", "usd": 0.0}
2026-09-30 10:37:14 /background-jobs/8e8d4c68-4dc5-40f7-a210-cef5c2029398 {"type": "usd", "usd": 0.0}
2026-09-30 10:37:14 /background-jobs/b80324ed-2a24-4865-92d2-131ae2b62fb6 {"type": "usd", "usd": 0.0}
2026-09-30 10:37:18 /background-jobs/154cae27-c93f-4c4f-8cbe-84b62bdd0013 {"type": "usd", "usd": 0.0}
2026-09-30 10:37:18 /background-jobs/3e7b0061-99ae-4031-91ce-e04d86f5a0d7 {"type": "usd", "usd": 0.0}
2026-09-30 10:37:18 /background-jobs/7c98dc23-280a-40b8-829d-8a3bb34f5d53 {"type": "usd", "usd": 0.0}
2026-09-30 10:37:19 /background-jobs/ba4cd621-19a6-4b3e-9e54-c0bfbecf7e2d {"type": "usd", "usd": 0.0}
2026-09-30 10:37:19 /background-jobs/c607060c-abd8-4bba-9d29-a461ce5e3899 {"type": "usd", "usd": 0.0}
2026-09-30 10:37:20 /background-jobs/8e8d4c68-4dc5-40f7-a210-cef5c2029398 {"type": "usd", "usd": 0.0}
2026-09-30 10:37:20 /background-jobs/b80324ed-2a24-4865-92d2-131ae2b62fb6 {"type": "usd", "usd": 0.0}
2026-09-30 10:37:23 /background-jobs/154cae27-c93f-4c4f-8cbe-84b62bdd0013 {"type": "usd", "usd": 0.0}
2026-09-30 10:37:23 /background-jobs/3e7b0061-99ae-4031-91ce-e04d86f5a0d7 {"type": "usd", "usd": 0.0}
2026-09-30 10:37:24 /background-jobs/7c98dc23-280a-40b8-829d-8a3bb34f5d53 {"type": "usd", "usd": 0.0}
2026-09-30 10:37:25 /background-jobs/c607060c-abd8-4bba-9d29-a461ce5e3899 {"type": "usd", "usd": 0.0}
2026-09-30 10:37:25 /background-jobs/ba4cd621-19a6-4b3e-9e54-c0bfbecf7e2d {"type": "usd", "usd": 0.0}
2026-09-30 10:37:25 /background-jobs/b80324ed-2a24-4865-92d2-131ae2b62fb6 {"type": "usd", "usd": 0.0}
2026-09-30 10:37:26 /background-jobs/8e8d4c68-4dc5-40f7-a210-cef5c2029398 {"type": "usd", "usd": 0.0}
2026-09-30 10:37:29 /background-jobs/3e7b0061-99ae-4031-91ce-e04d86f5a0d7 {"type": "usd", "usd": 0.0}
2026-09-30 10:37:29 /background-jobs/154cae27-c93f-4c4f-8cbe-84b62bdd0013 {"type": "usd", "usd": 0.0}
2026-09-30 10:37:29 /background-jobs/7c98dc23-280a-40b8-829d-8a3bb34f5d53 {"type": "usd", "usd": 0.0}
2026-09-30 10:37:30 /background-jobs/c607060c-abd8-4bba-9d29-a461ce5e3899 {"type": "usd", "usd": 0.0}
2026-09-30 10:37:32 /background-jobs/8e8d4c68-4dc5-40f7-a210-cef5c2029398 {"type": "usd", "usd": 0.0}
2026-09-30 10:37:35 /background-jobs/3e7b0061-99ae-4031-91ce-e04d86f5a0d7 {"type": "usd", "usd": 0.0}
2026-09-30 10:37:35 /background-jobs/154cae27-c93f-4c4f-8cbe-84b62bdd0013 {"type": "usd", "usd": 0.0}
2026-09-30 10:37:35 /background-jobs/7c98dc23-280a-40b8-829d-8a3bb34f5d53 {"type": "usd", "usd": 0.0}
2026-09-30 10:37:36 /background-jobs/c607060c-abd8-4bba-9d29-a461ce5e3899 {"type": "usd", "usd": 0.0}
2026-09-30 10:37:38 /background-jobs/8e8d4c68-4dc5-40f7-a210-cef5c2029398 {"type": "usd", "usd": 0.0}
2026-09-30 10:37:39 /background-jobs/ba4cd621-19a6-4b3e-9e54-c0bfbecf7e2d {"type": "usd", "usd": 0.0}
2026-09-30 10:37:40 /background-jobs/154cae27-c93f-4c4f-8cbe-84b62bdd0013 {"type": "usd", "usd": 0.0}
2026-09-30 10:37:40 /background-jobs/3e7b0061-99ae-4031-91ce-e04d86f5a0d7 {"type": "usd", "usd": 0.0}
2026-09-30 10:37:41 /background-jobs/7c98dc23-280a-40b8-829d-8a3bb34f5d53 {"type": "usd", "usd": 0.0}
2026-09-30 10:37:42 /background-jobs/c607060c-abd8-4bba-9d29-a461ce5e3899 {"type": "usd", "usd": 0.0}
2026-09-30 10:37:42 /background-jobs/b80324ed-2a24-4865-92d2-131ae2b62fb6 {"type": "usd", "usd": 0.0}
2026-09-30 10:37:43 /background-jobs/8e8d4c68-4dc5-40f7-a210-cef5c2029398 {"type": "usd", "usd": 0.0}
2026-09-30 10:37:45 /background-jobs/ba4cd621-19a6-4b3e-9e54-c0bfbecf7e2d {"type": "usd", "usd": 0.0}
2026-09-30 10:37:46 /background-jobs/154cae27-c93f-4c4f-8cbe-84b62bdd0013 {"type": "usd", "usd": 0.0}
2026-09-30 10:37:46 /background-jobs/3e7b0061-99ae-4031-91ce-e04d86f5a0d7 {"type": "usd", "usd": 0.0}
2026-09-30 10:37:46 /background-jobs/7c98dc23-280a-40b8-829d-8a3bb34f5d53 {"type": "usd", "usd": 0.0}
2026-09-30 10:37:47 /background-jobs/c607060c-abd8-4bba-9d29-a461ce5e3899 {"type": "usd", "usd": 0.0}
2026-09-30 10:37:47 /background-jobs/b80324ed-2a24-4865-92d2-131ae2b62fb6 {"type": "usd", "usd": 0.0}
2026-09-30 10:37:50 /background-jobs/8e8d4c68-4dc5-40f7-a210-cef5c2029398 {"type": "usd", "usd": 0.0}
2026-09-30 10:37:51 /background-jobs/ba4cd621-19a6-4b3e-9e54-c0bfbecf7e2d {"type": "usd", "usd": 0.0}
2026-09-30 10:37:52 /background-jobs/154cae27-c93f-4c4f-8cbe-84b62bdd0013 {"type": "usd", "usd": 0.0}
2026-09-30 10:37:52 /background-jobs/3e7b0061-99ae-4031-91ce-e04d86f5a0d7 {"type": "usd", "usd": 0.0}
2026-09-30 10:37:52 /background-jobs/7c98dc23-280a-40b8-829d-8a3bb34f5d53 {"type": "usd", "usd": 0.0}
2026-09-30 10:37:53 /background-jobs/c607060c-abd8-4bba-9d29-a461ce5e3899 {"type": "usd", "usd": 0.0}
2026-09-30 10:37:53 /background-jobs/b80324ed-2a24-4865-92d2-131ae2b62fb6 {"type": "usd", "usd": 0.0}
2026-09-30 10:37:56 /background-jobs/8e8d4c68-4dc5-40f7-a210-cef5c2029398 {"type": "usd", "usd": 0.0}
2026-09-30 10:37:57 /background-jobs/ba4cd621-19a6-4b3e-9e54-c0bfbecf7e2d {"type": "usd", "usd": 0.0}
2026-09-30 10:37:58 /background-jobs/154cae27-c93f-4c4f-8cbe-84b62bdd0013 {"type": "usd", "usd": 0.0}
2026-09-30 10:37:58 /background-jobs/3e7b0061-99ae-4031-91ce-e04d86f5a0d7 {"type": "usd", "usd": 0.0}
2026-09-30 10:37:58 /background-jobs/7c98dc23-280a-40b8-829d-8a3bb34f5d53 {"type": "usd", "usd": 0.0}
2026-09-30 10:37:59 /background-jobs/c607060c-abd8-4bba-9d29-a461ce5e3899 {"type": "usd", "usd": 0.0}
2026-09-30 10:37:59 /background-jobs/b80324ed-2a24-4865-92d2-131ae2b62fb6 {"type": "usd", "usd": 0.0}
2026-09-30 10:38:01 /background-jobs/8e8d4c68-4dc5-40f7-a210-cef5c2029398 {"type": "usd", "usd": 0.0}
2026-09-30 10:38:03 /background-jobs/ba4cd621-19a6-4b3e-9e54-c0bfbecf7e2d {"type": "usd", "usd": 0.0}
2026-09-30 10:38:03 /background-jobs/154cae27-c93f-4c4f-8cbe-84b62bdd0013 {"type": "usd", "usd": 0.0}
2026-09-30 10:38:04 /background-jobs/3e7b0061-99ae-4031-91ce-e04d86f5a0d7 {"type": "usd", "usd": 0.0}
2026-09-30 10:38:04 /background-jobs/7c98dc23-280a-40b8-829d-8a3bb34f5d53 {"type": "usd", "usd": 0.0}
2026-09-30 10:38:04 /background-jobs/c607060c-abd8-4bba-9d29-a461ce5e3899 {"type": "usd", "usd": 0.0}
2026-09-30 10:38:05 /background-jobs/b80324ed-2a24-4865-92d2-131ae2b62fb6 {"type": "usd", "usd": 0.0}
2026-09-30 10:38:07 /background-jobs/8e8d4c68-4dc5-40f7-a210-cef5c2029398 {"type": "usd", "usd": 0.0}
2026-09-30 10:38:08 /background-jobs/ba4cd621-19a6-4b3e-9e54-c0bfbecf7e2d {"type": "usd", "usd": 0.0}
2026-09-30 10:38:09 /background-jobs/154cae27-c93f-4c4f-8cbe-84b62bdd0013 {"type": "usd", "usd": 0.0}
2026-09-30 10:38:09 /background-jobs/7c98dc23-280a-40b8-829d-8a3bb34f5d53 {"type": "usd", "usd": 0.0}
2026-09-30 10:38:09 /background-jobs/3e7b0061-99ae-4031-91ce-e04d86f5a0d7 {"type": "usd", "usd": 0.0}
2026-09-30 10:38:10 /background-jobs/c607060c-abd8-4bba-9d29-a461ce5e3899 {"type": "usd", "usd": 0.0}
2026-09-30 10:38:10 /background-jobs/b80324ed-2a24-4865-92d2-131ae2b62fb6 {"type": "usd", "usd": 0.0}
2026-09-30 10:38:13 /background-jobs/8e8d4c68-4dc5-40f7-a210-cef5c2029398 {"type": "usd", "usd": 0.0}
2026-09-30 10:38:14 /background-jobs/ba4cd621-19a6-4b3e-9e54-c0bfbecf7e2d {"type": "usd", "usd": 0.0}
2026-09-30 10:38:15 /background-jobs/3e7b0061-99ae-4031-91ce-e04d86f5a0d7 {"type": "usd", "usd": 0.0}
2026-09-30 10:38:16 /background-jobs/154cae27-c93f-4c4f-8cbe-84b62bdd0013 {"type": "usd", "usd": 0.0}
2026-09-30 10:38:16 /background-jobs/c607060c-abd8-4bba-9d29-a461ce5e3899 {"type": "usd", "usd": 0.0}
2026-09-30 10:38:16 /background-jobs/7c98dc23-280a-40b8-829d-8a3bb34f5d53 {"type": "usd", "usd": 0.0}
2026-09-30 10:38:16 /background-jobs/b80324ed-2a24-4865-92d2-131ae2b62fb6 {"type": "usd", "usd": 0.0}
2026-09-30 10:38:19 /background-jobs/8e8d4c68-4dc5-40f7-a210-cef5c2029398 {"type": "usd", "usd": 0.0}
2026-09-30 10:38:20 /background-jobs/ba4cd621-19a6-4b3e-9e54-c0bfbecf7e2d {"type": "usd", "usd": 0.0}
2026-09-30 10:38:21 /background-jobs/3e7b0061-99ae-4031-91ce-e04d86f5a0d7 {"type": "usd", "usd": 0.0}
2026-09-30 10:38:21 /background-jobs/154cae27-c93f-4c4f-8cbe-84b62bdd0013 {"type": "usd", "usd": 0.0}
2026-09-30 10:38:21 /background-jobs/c607060c-abd8-4bba-9d29-a461ce5e3899 {"type": "usd", "usd": 0.0}
2026-09-30 10:38:21 /background-jobs/7c98dc23-280a-40b8-829d-8a3bb34f5d53 {"type": "usd", "usd": 0.0}
2026-09-30 10:38:22 /background-jobs/b80324ed-2a24-4865-92d2-131ae2b62fb6 {"type": "usd", "usd": 0.0}
2026-09-30 10:38:25 /background-jobs/8e8d4c68-4dc5-40f7-a210-cef5c2029398 {"type": "usd", "usd": 0.0}
2026-09-30 10:38:25 /background-jobs/ba4cd621-19a6-4b3e-9e54-c0bfbecf7e2d {"type": "usd", "usd": 0.0}
2026-09-30 10:38:26 /background-jobs/3e7b0061-99ae-4031-91ce-e04d86f5a0d7 {"type": "usd", "usd": 0.0}
2026-09-30 10:38:27 /background-jobs/154cae27-c93f-4c4f-8cbe-84b62bdd0013 {"type": "usd", "usd": 0.0}
2026-09-30 10:38:27 /background-jobs/c607060c-abd8-4bba-9d29-a461ce5e3899 {"type": "usd", "usd": 0.0}
2026-09-30 10:38:27 /background-jobs/7c98dc23-280a-40b8-829d-8a3bb34f5d53 {"type": "usd", "usd": 0.0}
2026-09-30 10:38:28 /background-jobs/b80324ed-2a24-4865-92d2-131ae2b62fb6 {"type": "usd", "usd": 0.0}
2026-09-30 10:38:30 /background-jobs/8e8d4c68-4dc5-40f7-a210-cef5c2029398 {"type": "usd", "usd": 0.0}
2026-09-30 10:38:31 /background-jobs/ba4cd621-19a6-4b3e-9e54-c0bfbecf7e2d {"type": "usd", "usd": 0.0}
2026-09-30 10:38:32 /background-jobs/3e7b0061-99ae-4031-91ce-e04d86f5a0d7 {"type": "usd", "usd": 0.0}
2026-09-30 10:38:33 /background-jobs/154cae27-c93f-4c4f-8cbe-84b62bdd0013 {"type": "usd", "usd": 0.0}
2026-09-30 10:38:33 /background-jobs/c607060c-abd8-4bba-9d29-a461ce5e3899 {"type": "usd", "usd": 0.0}
2026-09-30 10:38:33 /background-jobs/7c98dc23-280a-40b8-829d-8a3bb34f5d53 {"type": "usd", "usd": 0.0}
2026-09-30 10:38:33 /background-jobs/b80324ed-2a24-4865-92d2-131ae2b62fb6 {"type": "usd", "usd": 0.0}
2026-09-30 10:38:36 /background-jobs/8e8d4c68-4dc5-40f7-a210-cef5c2029398 {"type": "usd", "usd": 0.0}
2026-09-30 10:38:37 /background-jobs/ba4cd621-19a6-4b3e-9e54-c0bfbecf7e2d {"type": "usd", "usd": 0.0}
2026-09-30 10:38:38 /background-jobs/3e7b0061-99ae-4031-91ce-e04d86f5a0d7 {"type": "usd", "usd": 0.0}
2026-09-30 10:38:38 /background-jobs/154cae27-c93f-4c4f-8cbe-84b62bdd0013 {"type": "usd", "usd": 0.0}
2026-09-30 10:38:38 /background-jobs/c607060c-abd8-4bba-9d29-a461ce5e3899 {"type": "usd", "usd": 0.0}
2026-09-30 10:38:39 /background-jobs/7c98dc23-280a-40b8-829d-8a3bb34f5d53 {"type": "usd", "usd": 0.0}
2026-09-30 10:38:39 /background-jobs/b80324ed-2a24-4865-92d2-131ae2b62fb6 {"type": "usd", "usd": 0.0}
2026-09-30 10:38:42 /background-jobs/8e8d4c68-4dc5-40f7-a210-cef5c2029398 {"type": "usd", "usd": 0.0}
2026-09-30 10:38:42 /background-jobs/ba4cd621-19a6-4b3e-9e54-c0bfbecf7e2d {"type": "usd", "usd": 0.0}
2026-09-30 10:38:43 /background-jobs/3e7b0061-99ae-4031-91ce-e04d86f5a0d7 {"type": "usd", "usd": 0.0}
2026-09-30 10:38:44 /background-jobs/154cae27-c93f-4c4f-8cbe-84b62bdd0013 {"type": "usd", "usd": 0.0}
2026-09-30 10:38:44 /background-jobs/7c98dc23-280a-40b8-829d-8a3bb34f5d53 {"type": "usd", "usd": 0.0}
2026-09-30 10:38:45 /background-jobs/b80324ed-2a24-4865-92d2-131ae2b62fb6 {"type": "usd", "usd": 0.0}
2026-09-30 10:38:46 /background-jobs/c607060c-abd8-4bba-9d29-a461ce5e3899 {"type": "usd", "usd": 0.0}
2026-09-30 10:38:47 /background-jobs/8e8d4c68-4dc5-40f7-a210-cef5c2029398 {"type": "usd", "usd": 0.0}
2026-09-30 10:38:48 /background-jobs/ba4cd621-19a6-4b3e-9e54-c0bfbecf7e2d {"type": "usd", "usd": 0.0}
2026-09-30 10:38:49 /background-jobs/3e7b0061-99ae-4031-91ce-e04d86f5a0d7 {"type": "usd", "usd": 0.0}
2026-09-30 10:38:50 /background-jobs/154cae27-c93f-4c4f-8cbe-84b62bdd0013 {"type": "usd", "usd": 0.0}
2026-09-30 10:38:50 /background-jobs/7c98dc23-280a-40b8-829d-8a3bb34f5d53 {"type": "usd", "usd": 0.0}
2026-09-30 10:38:50 /background-jobs/b80324ed-2a24-4865-92d2-131ae2b62fb6 {"type": "usd", "usd": 0.0}
2026-09-30 10:38:51 /background-jobs/c607060c-abd8-4bba-9d29-a461ce5e3899 {"type": "usd", "usd": 0.0}
2026-09-30 10:38:53 /background-jobs/8e8d4c68-4dc5-40f7-a210-cef5c2029398 {"type": "usd", "usd": 0.0}
2026-09-30 10:38:54 /background-jobs/ba4cd621-19a6-4b3e-9e54-c0bfbecf7e2d {"type": "usd", "usd": 0.0}
2026-09-30 10:38:55 /background-jobs/3e7b0061-99ae-4031-91ce-e04d86f5a0d7 {"type": "usd", "usd": 0.0}
2026-09-30 10:38:55 /background-jobs/154cae27-c93f-4c4f-8cbe-84b62bdd0013 {"type": "usd", "usd": 0.0}
2026-09-30 10:38:56 /background-jobs/7c98dc23-280a-40b8-829d-8a3bb34f5d53 {"type": "usd", "usd": 0.0}
2026-09-30 10:38:56 /background-jobs/b80324ed-2a24-4865-92d2-131ae2b62fb6 {"type": "usd", "usd": 0.0}
2026-09-30 10:38:57 /background-jobs/c607060c-abd8-4bba-9d29-a461ce5e3899 {"type": "usd", "usd": 0.0}
2026-09-30 10:38:59 /background-jobs/8e8d4c68-4dc5-40f7-a210-cef5c2029398 {"type": "usd", "usd": 0.0}
2026-09-30 10:39:00 /background-jobs/ba4cd621-19a6-4b3e-9e54-c0bfbecf7e2d {"type": "usd", "usd": 0.0}
2026-09-30 10:39:01 /background-jobs/154cae27-c93f-4c4f-8cbe-84b62bdd0013 {"type": "usd", "usd": 0.0}
2026-09-30 10:39:02 /background-jobs/b80324ed-2a24-4865-92d2-131ae2b62fb6 {"type": "usd", "usd": 0.0}
2026-09-30 10:39:02 /background-jobs/7c98dc23-280a-40b8-829d-8a3bb34f5d53 {"type": "usd", "usd": 0.0}
2026-09-30 10:39:03 /background-jobs/3e7b0061-99ae-4031-91ce-e04d86f5a0d7 {"type": "usd", "usd": 0.0}
2026-09-30 10:39:04 /background-jobs/c607060c-abd8-4bba-9d29-a461ce5e3899 {"type": "usd", "usd": 0.0}
2026-09-30 10:39:05 /background-jobs/8e8d4c68-4dc5-40f7-a210-cef5c2029398 {"type": "usd", "usd": 0.0}
2026-09-30 10:39:05 /background-jobs/ba4cd621-19a6-4b3e-9e54-c0bfbecf7e2d {"type": "usd", "usd": 0.0}
2026-09-30 10:39:07 /background-jobs/154cae27-c93f-4c4f-8cbe-84b62bdd0013 {"type": "usd", "usd": 0.0}
2026-09-30 10:39:07 /background-jobs/b80324ed-2a24-4865-92d2-131ae2b62fb6 {"type": "usd", "usd": 0.0}
2026-09-30 10:39:08 /background-jobs/7c98dc23-280a-40b8-829d-8a3bb34f5d53 {"type": "usd", "usd": 0.0}
2026-09-30 10:39:09 /background-jobs/c607060c-abd8-4bba-9d29-a461ce5e3899 {"type": "generations", "generations": 1.0}
2026-09-30 10:39:10 /background-jobs/3e7b0061-99ae-4031-91ce-e04d86f5a0d7 {"type": "usd", "usd": 0.0}
2026-09-30 10:39:10 /background-jobs/8e8d4c68-4dc5-40f7-a210-cef5c2029398 {"type": "usd", "usd": 0.0}
2026-09-30 10:39:11 /background-jobs/ba4cd621-19a6-4b3e-9e54-c0bfbecf7e2d {"type": "usd", "usd": 0.0}
2026-09-30 10:39:13 /background-jobs/154cae27-c93f-4c4f-8cbe-84b62bdd0013 {"type": "usd", "usd": 0.0}
2026-09-30 10:39:13 /background-jobs/b80324ed-2a24-4865-92d2-131ae2b62fb6 {"type": "usd", "usd": 0.0}
2026-09-30 10:39:13 /background-jobs/7c98dc23-280a-40b8-829d-8a3bb34f5d53 {"type": "usd", "usd": 0.0}
2026-09-30 10:39:16 /background-jobs/c0214686-0781-4cee-a1b4-c9b9dd831a30 {"type": "usd", "usd": 0.0}
2026-09-30 10:39:16 /background-jobs/3e7b0061-99ae-4031-91ce-e04d86f5a0d7 {"type": "usd", "usd": 0.0}
2026-09-30 10:39:16 /background-jobs/8e8d4c68-4dc5-40f7-a210-cef5c2029398 {"type": "usd", "usd": 0.0}
2026-09-30 10:39:17 /background-jobs/ba4cd621-19a6-4b3e-9e54-c0bfbecf7e2d {"type": "usd", "usd": 0.0}
2026-09-30 10:39:18 /background-jobs/154cae27-c93f-4c4f-8cbe-84b62bdd0013 {"type": "usd", "usd": 0.0}
2026-09-30 10:39:19 /background-jobs/b80324ed-2a24-4865-92d2-131ae2b62fb6 {"type": "usd", "usd": 0.0}
2026-09-30 10:39:19 /background-jobs/7c98dc23-280a-40b8-829d-8a3bb34f5d53 {"type": "usd", "usd": 0.0}
2026-09-30 10:39:21 /background-jobs/c0214686-0781-4cee-a1b4-c9b9dd831a30 {"type": "usd", "usd": 0.0}
2026-09-30 10:39:22 /background-jobs/3e7b0061-99ae-4031-91ce-e04d86f5a0d7 {"type": "usd", "usd": 0.0}
2026-09-30 10:39:22 /background-jobs/8e8d4c68-4dc5-40f7-a210-cef5c2029398 {"type": "usd", "usd": 0.0}
2026-09-30 10:39:22 /background-jobs/ba4cd621-19a6-4b3e-9e54-c0bfbecf7e2d {"type": "usd", "usd": 0.0}
2026-09-30 10:39:24 /background-jobs/154cae27-c93f-4c4f-8cbe-84b62bdd0013 {"type": "usd", "usd": 0.0}
2026-09-30 10:39:25 /background-jobs/7c98dc23-280a-40b8-829d-8a3bb34f5d53 {"type": "usd", "usd": 0.0}
2026-09-30 10:39:25 /background-jobs/b80324ed-2a24-4865-92d2-131ae2b62fb6 {"type": "usd", "usd": 0.0}
2026-09-30 10:39:27 /background-jobs/c0214686-0781-4cee-a1b4-c9b9dd831a30 {"type": "usd", "usd": 0.0}
2026-09-30 10:39:27 /background-jobs/3e7b0061-99ae-4031-91ce-e04d86f5a0d7 {"type": "usd", "usd": 0.0}
2026-09-30 10:39:28 /background-jobs/8e8d4c68-4dc5-40f7-a210-cef5c2029398 {"type": "usd", "usd": 0.0}
2026-09-30 10:39:28 /background-jobs/ba4cd621-19a6-4b3e-9e54-c0bfbecf7e2d {"type": "usd", "usd": 0.0}
2026-09-30 10:39:31 /background-jobs/7c98dc23-280a-40b8-829d-8a3bb34f5d53 {"type": "usd", "usd": 0.0}
2026-09-30 10:39:31 /background-jobs/154cae27-c93f-4c4f-8cbe-84b62bdd0013 {"type": "usd", "usd": 0.0}
2026-09-30 10:39:32 /background-jobs/b80324ed-2a24-4865-92d2-131ae2b62fb6 {"type": "usd", "usd": 0.0}
2026-09-30 10:39:33 /background-jobs/c0214686-0781-4cee-a1b4-c9b9dd831a30 {"type": "usd", "usd": 0.0}
2026-09-30 10:39:33 /background-jobs/3e7b0061-99ae-4031-91ce-e04d86f5a0d7 {"type": "usd", "usd": 0.0}
2026-09-30 10:39:33 /background-jobs/8e8d4c68-4dc5-40f7-a210-cef5c2029398 {"type": "usd", "usd": 0.0}
2026-09-30 10:39:34 /background-jobs/ba4cd621-19a6-4b3e-9e54-c0bfbecf7e2d {"type": "usd", "usd": 0.0}
2026-09-30 10:39:37 /background-jobs/7c98dc23-280a-40b8-829d-8a3bb34f5d53 {"type": "usd", "usd": 0.0}
2026-09-30 10:39:37 /background-jobs/b80324ed-2a24-4865-92d2-131ae2b62fb6 {"type": "usd", "usd": 0.0}
2026-09-30 10:39:37 /background-jobs/154cae27-c93f-4c4f-8cbe-84b62bdd0013 {"type": "usd", "usd": 0.0}
2026-09-30 10:39:38 /background-jobs/c0214686-0781-4cee-a1b4-c9b9dd831a30 {"type": "usd", "usd": 0.0}
2026-09-30 10:39:39 /background-jobs/3e7b0061-99ae-4031-91ce-e04d86f5a0d7 {"type": "usd", "usd": 0.0}
2026-09-30 10:39:39 /background-jobs/8e8d4c68-4dc5-40f7-a210-cef5c2029398 {"type": "usd", "usd": 0.0}
2026-09-30 10:39:40 /background-jobs/ba4cd621-19a6-4b3e-9e54-c0bfbecf7e2d {"type": "usd", "usd": 0.0}
2026-09-30 10:39:42 /background-jobs/7c98dc23-280a-40b8-829d-8a3bb34f5d53 {"type": "usd", "usd": 0.0}
2026-09-30 10:39:43 /background-jobs/b80324ed-2a24-4865-92d2-131ae2b62fb6 {"type": "usd", "usd": 0.0}
2026-09-30 10:39:43 /background-jobs/154cae27-c93f-4c4f-8cbe-84b62bdd0013 {"type": "usd", "usd": 0.0}
2026-09-30 10:39:44 /background-jobs/c0214686-0781-4cee-a1b4-c9b9dd831a30 {"type": "usd", "usd": 0.0}
2026-09-30 10:39:45 /background-jobs/3e7b0061-99ae-4031-91ce-e04d86f5a0d7 {"type": "usd", "usd": 0.0}
2026-09-30 10:39:45 /background-jobs/8e8d4c68-4dc5-40f7-a210-cef5c2029398 {"type": "usd", "usd": 0.0}
2026-09-30 10:39:47 /background-jobs/ba4cd621-19a6-4b3e-9e54-c0bfbecf7e2d {"type": "usd", "usd": 0.0}
2026-09-30 10:39:49 /background-jobs/7c98dc23-280a-40b8-829d-8a3bb34f5d53 {"type": "usd", "usd": 0.0}
2026-09-30 10:39:49 /background-jobs/b80324ed-2a24-4865-92d2-131ae2b62fb6 {"type": "usd", "usd": 0.0}
2026-09-30 10:39:49 /background-jobs/154cae27-c93f-4c4f-8cbe-84b62bdd0013 {"type": "usd", "usd": 0.0}
2026-09-30 10:39:50 /background-jobs/c0214686-0781-4cee-a1b4-c9b9dd831a30 {"type": "usd", "usd": 0.0}
2026-09-30 10:39:50 /background-jobs/3e7b0061-99ae-4031-91ce-e04d86f5a0d7 {"type": "usd", "usd": 0.0}
2026-09-30 10:39:51 /background-jobs/8e8d4c68-4dc5-40f7-a210-cef5c2029398 {"type": "usd", "usd": 0.0}
2026-09-30 10:39:53 /background-jobs/ba4cd621-19a6-4b3e-9e54-c0bfbecf7e2d {"type": "usd", "usd": 0.0}
2026-09-30 10:39:55 /background-jobs/7c98dc23-280a-40b8-829d-8a3bb34f5d53 {"type": "usd", "usd": 0.0}
2026-09-30 10:39:55 /background-jobs/b80324ed-2a24-4865-92d2-131ae2b62fb6 {"type": "usd", "usd": 0.0}
2026-09-30 10:39:55 /background-jobs/154cae27-c93f-4c4f-8cbe-84b62bdd0013 {"type": "usd", "usd": 0.0}
2026-09-30 10:39:55 /background-jobs/c0214686-0781-4cee-a1b4-c9b9dd831a30 {"type": "usd", "usd": 0.0}
2026-09-30 10:39:56 /background-jobs/3e7b0061-99ae-4031-91ce-e04d86f5a0d7 {"type": "usd", "usd": 0.0}
2026-09-30 10:39:56 /background-jobs/8e8d4c68-4dc5-40f7-a210-cef5c2029398 {"type": "usd", "usd": 0.0}
2026-09-30 10:39:59 /background-jobs/ba4cd621-19a6-4b3e-9e54-c0bfbecf7e2d {"type": "usd", "usd": 0.0}
2026-09-30 10:40:01 /background-jobs/154cae27-c93f-4c4f-8cbe-84b62bdd0013 {"type": "usd", "usd": 0.0}
2026-09-30 10:40:01 /background-jobs/7c98dc23-280a-40b8-829d-8a3bb34f5d53 {"type": "usd", "usd": 0.0}
2026-09-30 10:40:01 /background-jobs/b80324ed-2a24-4865-92d2-131ae2b62fb6 {"type": "usd", "usd": 0.0}
2026-09-30 10:40:01 /background-jobs/c0214686-0781-4cee-a1b4-c9b9dd831a30 {"type": "usd", "usd": 0.0}
2026-09-30 10:40:02 /background-jobs/3e7b0061-99ae-4031-91ce-e04d86f5a0d7 {"type": "usd", "usd": 0.0}
2026-09-30 10:40:02 /background-jobs/8e8d4c68-4dc5-40f7-a210-cef5c2029398 {"type": "usd", "usd": 0.0}
2026-09-30 10:40:04 /background-jobs/ba4cd621-19a6-4b3e-9e54-c0bfbecf7e2d {"type": "usd", "usd": 0.0}
2026-09-30 10:40:06 /background-jobs/154cae27-c93f-4c4f-8cbe-84b62bdd0013 {"type": "usd", "usd": 0.0}
2026-09-30 10:40:07 /background-jobs/7c98dc23-280a-40b8-829d-8a3bb34f5d53 {"type": "usd", "usd": 0.0}
2026-09-30 10:40:07 /background-jobs/c0214686-0781-4cee-a1b4-c9b9dd831a30 {"type": "usd", "usd": 0.0}
2026-09-30 10:40:07 /background-jobs/b80324ed-2a24-4865-92d2-131ae2b62fb6 {"type": "usd", "usd": 0.0}
2026-09-30 10:40:07 /background-jobs/3e7b0061-99ae-4031-91ce-e04d86f5a0d7 {"type": "usd", "usd": 0.0}
2026-09-30 10:40:08 /background-jobs/8e8d4c68-4dc5-40f7-a210-cef5c2029398 {"type": "usd", "usd": 0.0}
2026-09-30 10:40:10 /background-jobs/ba4cd621-19a6-4b3e-9e54-c0bfbecf7e2d {"type": "usd", "usd": 0.0}
2026-09-30 10:40:12 /background-jobs/154cae27-c93f-4c4f-8cbe-84b62bdd0013 {"type": "usd", "usd": 0.0}
2026-09-30 10:40:12 /background-jobs/7c98dc23-280a-40b8-829d-8a3bb34f5d53 {"type": "usd", "usd": 0.0}
2026-09-30 10:40:13 /background-jobs/c0214686-0781-4cee-a1b4-c9b9dd831a30 {"type": "usd", "usd": 0.0}
2026-09-30 10:40:13 /background-jobs/b80324ed-2a24-4865-92d2-131ae2b62fb6 {"type": "usd", "usd": 0.0}
2026-09-30 10:40:13 /background-jobs/3e7b0061-99ae-4031-91ce-e04d86f5a0d7 {"type": "usd", "usd": 0.0}
2026-09-30 10:40:13 /background-jobs/8e8d4c68-4dc5-40f7-a210-cef5c2029398 {"type": "usd", "usd": 0.0}
2026-09-30 10:40:17 /background-jobs/ba4cd621-19a6-4b3e-9e54-c0bfbecf7e2d {"type": "usd", "usd": 0.0}
2026-09-30 10:40:18 /background-jobs/154cae27-c93f-4c4f-8cbe-84b62bdd0013 {"type": "usd", "usd": 0.0}
2026-09-30 10:40:18 /background-jobs/7c98dc23-280a-40b8-829d-8a3bb34f5d53 {"type": "usd", "usd": 0.0}
2026-09-30 10:40:19 /background-jobs/c0214686-0781-4cee-a1b4-c9b9dd831a30 {"type": "usd", "usd": 0.0}
2026-09-30 10:40:19 /background-jobs/b80324ed-2a24-4865-92d2-131ae2b62fb6 {"type": "usd", "usd": 0.0}
2026-09-30 10:40:19 /background-jobs/8e8d4c68-4dc5-40f7-a210-cef5c2029398 {"type": "usd", "usd": 0.0}
2026-09-30 10:40:19 /background-jobs/3e7b0061-99ae-4031-91ce-e04d86f5a0d7 {"type": "usd", "usd": 0.0}
2026-09-30 10:40:23 /background-jobs/ba4cd621-19a6-4b3e-9e54-c0bfbecf7e2d {"type": "usd", "usd": 0.0}
2026-09-30 10:40:24 /background-jobs/7c98dc23-280a-40b8-829d-8a3bb34f5d53 {"type": "usd", "usd": 0.0}
2026-09-30 10:40:24 /background-jobs/154cae27-c93f-4c4f-8cbe-84b62bdd0013 {"type": "usd", "usd": 0.0}
2026-09-30 10:40:24 /background-jobs/c0214686-0781-4cee-a1b4-c9b9dd831a30 {"type": "usd", "usd": 0.0}
2026-09-30 10:40:24 /background-jobs/b80324ed-2a24-4865-92d2-131ae2b62fb6 {"type": "usd", "usd": 0.0}
2026-09-30 10:40:25 /background-jobs/8e8d4c68-4dc5-40f7-a210-cef5c2029398 {"type": "usd", "usd": 0.0}
2026-09-30 10:40:25 /background-jobs/3e7b0061-99ae-4031-91ce-e04d86f5a0d7 {"type": "usd", "usd": 0.0}
2026-09-30 10:40:29 /background-jobs/ba4cd621-19a6-4b3e-9e54-c0bfbecf7e2d {"type": "usd", "usd": 0.0}
2026-09-30 10:40:30 /background-jobs/7c98dc23-280a-40b8-829d-8a3bb34f5d53 {"type": "usd", "usd": 0.0}
2026-09-30 10:40:30 /background-jobs/c0214686-0781-4cee-a1b4-c9b9dd831a30 {"type": "usd", "usd": 0.0}
2026-09-30 10:40:30 /background-jobs/b80324ed-2a24-4865-92d2-131ae2b62fb6 {"type": "usd", "usd": 0.0}
2026-09-30 10:40:31 /background-jobs/3e7b0061-99ae-4031-91ce-e04d86f5a0d7 {"type": "usd", "usd": 0.0}
2026-09-30 10:40:31 /background-jobs/154cae27-c93f-4c4f-8cbe-84b62bdd0013 {"type": "usd", "usd": 0.0}
2026-09-30 10:40:32 /background-jobs/8e8d4c68-4dc5-40f7-a210-cef5c2029398 {"type": "usd", "usd": 0.0}
2026-09-30 10:40:35 /background-jobs/ba4cd621-19a6-4b3e-9e54-c0bfbecf7e2d {"type": "usd", "usd": 0.0}
2026-09-30 10:40:35 /background-jobs/7c98dc23-280a-40b8-829d-8a3bb34f5d53 {"type": "usd", "usd": 0.0}
2026-09-30 10:40:36 /background-jobs/b80324ed-2a24-4865-92d2-131ae2b62fb6 {"type": "usd", "usd": 0.0}
2026-09-30 10:40:37 /background-jobs/3e7b0061-99ae-4031-91ce-e04d86f5a0d7 {"type": "usd", "usd": 0.0}
2026-09-30 10:40:38 /background-jobs/154cae27-c93f-4c4f-8cbe-84b62bdd0013 {"type": "usd", "usd": 0.0}
2026-09-30 10:40:38 /background-jobs/8e8d4c68-4dc5-40f7-a210-cef5c2029398 {"type": "usd", "usd": 0.0}
2026-09-30 10:40:39 /background-jobs/c0214686-0781-4cee-a1b4-c9b9dd831a30 {"type": "usd", "usd": 0.0}
2026-09-30 10:40:41 /background-jobs/ba4cd621-19a6-4b3e-9e54-c0bfbecf7e2d {"type": "usd", "usd": 0.0}
2026-09-30 10:40:42 /background-jobs/7c98dc23-280a-40b8-829d-8a3bb34f5d53 {"type": "usd", "usd": 0.0}
2026-09-30 10:40:43 /background-jobs/b80324ed-2a24-4865-92d2-131ae2b62fb6 {"type": "usd", "usd": 0.0}
2026-09-30 10:40:44 /background-jobs/8e8d4c68-4dc5-40f7-a210-cef5c2029398 {"type": "usd", "usd": 0.0}
2026-09-30 10:40:44 /background-jobs/154cae27-c93f-4c4f-8cbe-84b62bdd0013 {"type": "usd", "usd": 0.0}
2026-09-30 10:40:44 /background-jobs/3e7b0061-99ae-4031-91ce-e04d86f5a0d7 {"type": "usd", "usd": 0.0}
2026-09-30 10:40:45 /background-jobs/c0214686-0781-4cee-a1b4-c9b9dd831a30 {"type": "usd", "usd": 0.0}
2026-09-30 10:40:47 /background-jobs/ba4cd621-19a6-4b3e-9e54-c0bfbecf7e2d {"type": "usd", "usd": 0.0}
2026-09-30 10:40:47 /background-jobs/7c98dc23-280a-40b8-829d-8a3bb34f5d53 {"type": "usd", "usd": 0.0}
2026-09-30 10:40:49 /background-jobs/b80324ed-2a24-4865-92d2-131ae2b62fb6 {"type": "usd", "usd": 0.0}
2026-09-30 10:40:50 /background-jobs/8e8d4c68-4dc5-40f7-a210-cef5c2029398 {"type": "usd", "usd": 0.0}
2026-09-30 10:40:50 /background-jobs/154cae27-c93f-4c4f-8cbe-84b62bdd0013 {"type": "usd", "usd": 0.0}
2026-09-30 10:40:50 /background-jobs/3e7b0061-99ae-4031-91ce-e04d86f5a0d7 {"type": "usd", "usd": 0.0}
2026-09-30 10:40:50 /background-jobs/c0214686-0781-4cee-a1b4-c9b9dd831a30 {"type": "usd", "usd": 0.0}
2026-09-30 10:40:53 /background-jobs/ba4cd621-19a6-4b3e-9e54-c0bfbecf7e2d {"type": "usd", "usd": 0.0}
2026-09-30 10:40:53 /background-jobs/7c98dc23-280a-40b8-829d-8a3bb34f5d53 {"type": "usd", "usd": 0.0}
2026-09-30 10:40:54 /background-jobs/b80324ed-2a24-4865-92d2-131ae2b62fb6 {"type": "usd", "usd": 0.0}
2026-09-30 10:40:55 /background-jobs/8e8d4c68-4dc5-40f7-a210-cef5c2029398 {"type": "usd", "usd": 0.0}
2026-09-30 10:40:56 /background-jobs/3e7b0061-99ae-4031-91ce-e04d86f5a0d7 {"type": "usd", "usd": 0.0}
2026-09-30 10:40:56 /background-jobs/c0214686-0781-4cee-a1b4-c9b9dd831a30 {"type": "usd", "usd": 0.0}
2026-09-30 10:40:58 /background-jobs/154cae27-c93f-4c4f-8cbe-84b62bdd0013 {"type": "usd", "usd": 0.0}
2026-09-30 10:40:59 /background-jobs/7c98dc23-280a-40b8-829d-8a3bb34f5d53 {"type": "usd", "usd": 0.0}
2026-09-30 10:41:00 /background-jobs/b80324ed-2a24-4865-92d2-131ae2b62fb6 {"type": "usd", "usd": 0.0}
2026-09-30 10:41:01 /background-jobs/ba4cd621-19a6-4b3e-9e54-c0bfbecf7e2d {"type": "usd", "usd": 0.0}
2026-09-30 10:41:01 /background-jobs/8e8d4c68-4dc5-40f7-a210-cef5c2029398 {"type": "usd", "usd": 0.0}
2026-09-30 10:41:02 /background-jobs/3e7b0061-99ae-4031-91ce-e04d86f5a0d7 {"type": "usd", "usd": 0.0}
2026-09-30 10:41:02 /background-jobs/c0214686-0781-4cee-a1b4-c9b9dd831a30 {"type": "usd", "usd": 0.0}
2026-09-30 10:41:04 /background-jobs/154cae27-c93f-4c4f-8cbe-84b62bdd0013 {"type": "usd", "usd": 0.0}
2026-09-30 10:41:05 /background-jobs/7c98dc23-280a-40b8-829d-8a3bb34f5d53 {"type": "usd", "usd": 0.0}
2026-09-30 10:41:06 /background-jobs/ba4cd621-19a6-4b3e-9e54-c0bfbecf7e2d {"type": "usd", "usd": 0.0}
2026-09-30 10:41:07 /background-jobs/8e8d4c68-4dc5-40f7-a210-cef5c2029398 {"type": "usd", "usd": 0.0}
2026-09-30 10:41:07 /background-jobs/b80324ed-2a24-4865-92d2-131ae2b62fb6 {"type": "usd", "usd": 0.0}
2026-09-30 10:41:07 /background-jobs/3e7b0061-99ae-4031-91ce-e04d86f5a0d7 {"type": "usd", "usd": 0.0}
2026-09-30 10:41:07 /background-jobs/c0214686-0781-4cee-a1b4-c9b9dd831a30 {"type": "usd", "usd": 0.0}
2026-09-30 10:41:10 /background-jobs/154cae27-c93f-4c4f-8cbe-84b62bdd0013 {"type": "usd", "usd": 0.0}
2026-09-30 10:41:10 /background-jobs/7c98dc23-280a-40b8-829d-8a3bb34f5d53 {"type": "usd", "usd": 0.0}
2026-09-30 10:41:13 /background-jobs/8e8d4c68-4dc5-40f7-a210-cef5c2029398 {"type": "usd", "usd": 0.0}
2026-09-30 10:41:13 /background-jobs/ba4cd621-19a6-4b3e-9e54-c0bfbecf7e2d {"type": "usd", "usd": 0.0}
2026-09-30 10:41:13 /background-jobs/3e7b0061-99ae-4031-91ce-e04d86f5a0d7 {"type": "usd", "usd": 0.0}
2026-09-30 10:41:13 /background-jobs/b80324ed-2a24-4865-92d2-131ae2b62fb6 {"type": "usd", "usd": 0.0}
2026-09-30 10:41:15 /background-jobs/c0214686-0781-4cee-a1b4-c9b9dd831a30 {"type": "usd", "usd": 0.0}
2026-09-30 10:41:15 /background-jobs/154cae27-c93f-4c4f-8cbe-84b62bdd0013 {"type": "usd", "usd": 0.0}
2026-09-30 10:41:16 /background-jobs/7c98dc23-280a-40b8-829d-8a3bb34f5d53 {"type": "usd", "usd": 0.0}
2026-09-30 10:41:18 /background-jobs/8e8d4c68-4dc5-40f7-a210-cef5c2029398 {"type": "usd", "usd": 0.0}
2026-09-30 10:41:19 /background-jobs/3e7b0061-99ae-4031-91ce-e04d86f5a0d7 {"type": "usd", "usd": 0.0}
2026-09-30 10:41:19 /background-jobs/b80324ed-2a24-4865-92d2-131ae2b62fb6 {"type": "usd", "usd": 0.0}
2026-09-30 10:41:20 /background-jobs/ba4cd621-19a6-4b3e-9e54-c0bfbecf7e2d {"type": "usd", "usd": 0.0}
2026-09-30 10:41:21 /background-jobs/154cae27-c93f-4c4f-8cbe-84b62bdd0013 {"type": "usd", "usd": 0.0}
2026-09-30 10:41:22 /background-jobs/c0214686-0781-4cee-a1b4-c9b9dd831a30 {"type": "usd", "usd": 0.0}
2026-09-30 10:41:22 /background-jobs/7c98dc23-280a-40b8-829d-8a3bb34f5d53 {"type": "usd", "usd": 0.0}
2026-09-30 10:41:25 /background-jobs/3e7b0061-99ae-4031-91ce-e04d86f5a0d7 {"type": "usd", "usd": 0.0}
2026-09-30 10:41:25 /background-jobs/b80324ed-2a24-4865-92d2-131ae2b62fb6 {"type": "usd", "usd": 0.0}
2026-09-30 10:41:25 /background-jobs/8e8d4c68-4dc5-40f7-a210-cef5c2029398 {"type": "usd", "usd": 0.0}
2026-09-30 10:41:26 /background-jobs/ba4cd621-19a6-4b3e-9e54-c0bfbecf7e2d {"type": "usd", "usd": 0.0}
2026-09-30 10:41:27 /background-jobs/154cae27-c93f-4c4f-8cbe-84b62bdd0013 {"type": "usd", "usd": 0.0}
2026-09-30 10:41:28 /background-jobs/c0214686-0781-4cee-a1b4-c9b9dd831a30 {"type": "usd", "usd": 0.0}
2026-09-30 10:41:28 /background-jobs/7c98dc23-280a-40b8-829d-8a3bb34f5d53 {"type": "usd", "usd": 0.0}
2026-09-30 10:41:31 /background-jobs/3e7b0061-99ae-4031-91ce-e04d86f5a0d7 {"type": "usd", "usd": 0.0}
2026-09-30 10:41:31 /background-jobs/b80324ed-2a24-4865-92d2-131ae2b62fb6 {"type": "usd", "usd": 0.0}
2026-09-30 10:41:31 /background-jobs/8e8d4c68-4dc5-40f7-a210-cef5c2029398 {"type": "usd", "usd": 0.0}
2026-09-30 10:41:32 /background-jobs/ba4cd621-19a6-4b3e-9e54-c0bfbecf7e2d {"type": "usd", "usd": 0.0}
2026-09-30 10:41:33 /background-jobs/c0214686-0781-4cee-a1b4-c9b9dd831a30 {"type": "usd", "usd": 0.0}
2026-09-30 10:41:33 /background-jobs/7c98dc23-280a-40b8-829d-8a3bb34f5d53 {"type": "usd", "usd": 0.0}
2026-09-30 10:41:34 /background-jobs/154cae27-c93f-4c4f-8cbe-84b62bdd0013 {"type": "usd", "usd": 0.0}
2026-09-30 10:41:36 /background-jobs/3e7b0061-99ae-4031-91ce-e04d86f5a0d7 {"type": "usd", "usd": 0.0}
2026-09-30 10:41:37 /background-jobs/b80324ed-2a24-4865-92d2-131ae2b62fb6 {"type": "usd", "usd": 0.0}
2026-09-30 10:41:37 /background-jobs/8e8d4c68-4dc5-40f7-a210-cef5c2029398 {"type": "usd", "usd": 0.0}
2026-09-30 10:41:38 /background-jobs/ba4cd621-19a6-4b3e-9e54-c0bfbecf7e2d {"type": "usd", "usd": 0.0}
2026-09-30 10:41:39 /background-jobs/7c98dc23-280a-40b8-829d-8a3bb34f5d53 {"type": "usd", "usd": 0.0}
2026-09-30 10:41:40 /background-jobs/154cae27-c93f-4c4f-8cbe-84b62bdd0013 {"type": "usd", "usd": 0.0}
2026-09-30 10:41:40 /background-jobs/c0214686-0781-4cee-a1b4-c9b9dd831a30 {"type": "usd", "usd": 0.0}
2026-09-30 10:41:42 /background-jobs/3e7b0061-99ae-4031-91ce-e04d86f5a0d7 {"type": "usd", "usd": 0.0}
2026-09-30 10:41:42 /background-jobs/b80324ed-2a24-4865-92d2-131ae2b62fb6 {"type": "usd", "usd": 0.0}
2026-09-30 10:41:42 /background-jobs/8e8d4c68-4dc5-40f7-a210-cef5c2029398 {"type": "usd", "usd": 0.0}
2026-09-30 10:41:44 /background-jobs/ba4cd621-19a6-4b3e-9e54-c0bfbecf7e2d {"type": "usd", "usd": 0.0}
2026-09-30 10:41:45 /background-jobs/7c98dc23-280a-40b8-829d-8a3bb34f5d53 {"type": "usd", "usd": 0.0}
2026-09-30 10:41:46 /background-jobs/154cae27-c93f-4c4f-8cbe-84b62bdd0013 {"type": "usd", "usd": 0.0}
2026-09-30 10:41:46 /background-jobs/c0214686-0781-4cee-a1b4-c9b9dd831a30 {"type": "usd", "usd": 0.0}
2026-09-30 10:41:48 /background-jobs/b80324ed-2a24-4865-92d2-131ae2b62fb6 {"type": "usd", "usd": 0.0}
2026-09-30 10:41:48 /background-jobs/3e7b0061-99ae-4031-91ce-e04d86f5a0d7 {"type": "usd", "usd": 0.0}
2026-09-30 10:41:48 /background-jobs/8e8d4c68-4dc5-40f7-a210-cef5c2029398 {"type": "usd", "usd": 0.0}
2026-09-30 10:41:50 /background-jobs/ba4cd621-19a6-4b3e-9e54-c0bfbecf7e2d {"type": "usd", "usd": 0.0}
2026-09-30 10:41:50 /background-jobs/7c98dc23-280a-40b8-829d-8a3bb34f5d53 {"type": "usd", "usd": 0.0}
2026-09-30 10:41:52 /background-jobs/c0214686-0781-4cee-a1b4-c9b9dd831a30 {"type": "usd", "usd": 0.0}
2026-09-30 10:41:52 /background-jobs/154cae27-c93f-4c4f-8cbe-84b62bdd0013 {"type": "usd", "usd": 0.0}
2026-09-30 10:41:54 /background-jobs/b80324ed-2a24-4865-92d2-131ae2b62fb6 {"type": "usd", "usd": 0.0}
2026-09-30 10:41:54 /background-jobs/3e7b0061-99ae-4031-91ce-e04d86f5a0d7 {"type": "usd", "usd": 0.0}
2026-09-30 10:41:54 /background-jobs/8e8d4c68-4dc5-40f7-a210-cef5c2029398 {"type": "usd", "usd": 0.0}
2026-09-30 10:41:56 /background-jobs/7c98dc23-280a-40b8-829d-8a3bb34f5d53 {"type": "usd", "usd": 0.0}
2026-09-30 10:41:56 /background-jobs/ba4cd621-19a6-4b3e-9e54-c0bfbecf7e2d {"type": "usd", "usd": 0.0}
2026-09-30 10:41:57 /background-jobs/c0214686-0781-4cee-a1b4-c9b9dd831a30 {"type": "usd", "usd": 0.0}
2026-09-30 10:41:57 /background-jobs/154cae27-c93f-4c4f-8cbe-84b62bdd0013 {"type": "usd", "usd": 0.0}
2026-09-30 10:42:02 /background-jobs/b80324ed-2a24-4865-92d2-131ae2b62fb6 {"type": "usd", "usd": 0.0}
2026-09-30 10:42:02 /background-jobs/3e7b0061-99ae-4031-91ce-e04d86f5a0d7 {"type": "usd", "usd": 0.0}
2026-09-30 10:42:02 /background-jobs/8e8d4c68-4dc5-40f7-a210-cef5c2029398 {"type": "usd", "usd": 0.0}
2026-09-30 10:42:02 /background-jobs/ba4cd621-19a6-4b3e-9e54-c0bfbecf7e2d {"type": "usd", "usd": 0.0}
2026-09-30 10:42:02 /background-jobs/7c98dc23-280a-40b8-829d-8a3bb34f5d53 {"type": "usd", "usd": 0.0}
2026-09-30 10:42:03 /background-jobs/154cae27-c93f-4c4f-8cbe-84b62bdd0013 {"type": "usd", "usd": 0.0}
2026-09-30 10:42:07 /background-jobs/b80324ed-2a24-4865-92d2-131ae2b62fb6 {"type": "usd", "usd": 0.0}
2026-09-30 10:42:07 /background-jobs/3e7b0061-99ae-4031-91ce-e04d86f5a0d7 {"type": "usd", "usd": 0.0}
2026-09-30 10:42:08 /background-jobs/8e8d4c68-4dc5-40f7-a210-cef5c2029398 {"type": "usd", "usd": 0.0}
2026-09-30 10:42:08 /background-jobs/7c98dc23-280a-40b8-829d-8a3bb34f5d53 {"type": "usd", "usd": 0.0}
2026-09-30 10:42:09 /background-jobs/154cae27-c93f-4c4f-8cbe-84b62bdd0013 {"type": "usd", "usd": 0.0}
2026-09-30 10:42:10 /background-jobs/ba4cd621-19a6-4b3e-9e54-c0bfbecf7e2d {"type": "usd", "usd": 0.0}
2026-09-30 10:42:14 /background-jobs/8e8d4c68-4dc5-40f7-a210-cef5c2029398 {"type": "usd", "usd": 0.0}
2026-09-30 10:42:14 /background-jobs/3e7b0061-99ae-4031-91ce-e04d86f5a0d7 {"type": "usd", "usd": 0.0}
2026-09-30 10:42:14 /background-jobs/7c98dc23-280a-40b8-829d-8a3bb34f5d53 {"type": "usd", "usd": 0.0}
2026-09-30 10:42:15 /background-jobs/154cae27-c93f-4c4f-8cbe-84b62bdd0013 {"type": "usd", "usd": 0.0}
2026-09-30 10:42:15 /background-jobs/b80324ed-2a24-4865-92d2-131ae2b62fb6 {"type": "usd", "usd": 0.0}
2026-09-30 10:42:15 /background-jobs/c0214686-0781-4cee-a1b4-c9b9dd831a30 {"type": "usd", "usd": 0.0}
2026-09-30 10:42:17 /background-jobs/ba4cd621-19a6-4b3e-9e54-c0bfbecf7e2d {"type": "usd", "usd": 0.0}
2026-09-30 10:42:19 /background-jobs/8e8d4c68-4dc5-40f7-a210-cef5c2029398 {"type": "usd", "usd": 0.0}
2026-09-30 10:42:20 /background-jobs/3e7b0061-99ae-4031-91ce-e04d86f5a0d7 {"type": "usd", "usd": 0.0}
2026-09-30 10:42:20 /background-jobs/7c98dc23-280a-40b8-829d-8a3bb34f5d53 {"type": "usd", "usd": 0.0}
2026-09-30 10:42:21 /background-jobs/c0214686-0781-4cee-a1b4-c9b9dd831a30 {"type": "usd", "usd": 0.0}
2026-09-30 10:42:21 /background-jobs/b80324ed-2a24-4865-92d2-131ae2b62fb6 {"type": "usd", "usd": 0.0}
2026-09-30 10:42:21 /background-jobs/154cae27-c93f-4c4f-8cbe-84b62bdd0013 {"type": "usd", "usd": 0.0}
2026-09-30 10:42:23 /background-jobs/ba4cd621-19a6-4b3e-9e54-c0bfbecf7e2d {"type": "usd", "usd": 0.0}
2026-09-30 10:42:25 /background-jobs/8e8d4c68-4dc5-40f7-a210-cef5c2029398 {"type": "usd", "usd": 0.0}
2026-09-30 10:42:25 /background-jobs/3e7b0061-99ae-4031-91ce-e04d86f5a0d7 {"type": "usd", "usd": 0.0}
2026-09-30 10:42:26 /background-jobs/7c98dc23-280a-40b8-829d-8a3bb34f5d53 {"type": "usd", "usd": 0.0}
2026-09-30 10:42:27 /background-jobs/b80324ed-2a24-4865-92d2-131ae2b62fb6 {"type": "usd", "usd": 0.0}
2026-09-30 10:42:27 /background-jobs/154cae27-c93f-4c4f-8cbe-84b62bdd0013 {"type": "usd", "usd": 0.0}
2026-09-30 10:42:27 /background-jobs/c0214686-0781-4cee-a1b4-c9b9dd831a30 {"type": "usd", "usd": 0.0}
2026-09-30 10:42:29 /background-jobs/ba4cd621-19a6-4b3e-9e54-c0bfbecf7e2d {"type": "usd", "usd": 0.0}
2026-09-30 10:42:31 /background-jobs/8e8d4c68-4dc5-40f7-a210-cef5c2029398 {"type": "usd", "usd": 0.0}
2026-09-30 10:42:31 /background-jobs/3e7b0061-99ae-4031-91ce-e04d86f5a0d7 {"type": "usd", "usd": 0.0}
2026-09-30 10:42:31 /background-jobs/7c98dc23-280a-40b8-829d-8a3bb34f5d53 {"type": "usd", "usd": 0.0}
2026-09-30 10:42:33 /background-jobs/154cae27-c93f-4c4f-8cbe-84b62bdd0013 {"type": "usd", "usd": 0.0}
2026-09-30 10:42:33 /background-jobs/b80324ed-2a24-4865-92d2-131ae2b62fb6 {"type": "usd", "usd": 0.0}
2026-09-30 10:42:33 /background-jobs/c0214686-0781-4cee-a1b4-c9b9dd831a30 {"type": "usd", "usd": 0.0}
2026-09-30 10:42:34 /background-jobs/ba4cd621-19a6-4b3e-9e54-c0bfbecf7e2d {"type": "usd", "usd": 0.0}
2026-09-30 10:42:36 /background-jobs/8e8d4c68-4dc5-40f7-a210-cef5c2029398 {"type": "usd", "usd": 0.0}
2026-09-30 10:42:37 /background-jobs/7c98dc23-280a-40b8-829d-8a3bb34f5d53 {"type": "usd", "usd": 0.0}
2026-09-30 10:42:37 /background-jobs/3e7b0061-99ae-4031-91ce-e04d86f5a0d7 {"type": "usd", "usd": 0.0}
2026-09-30 10:42:38 /background-jobs/154cae27-c93f-4c4f-8cbe-84b62bdd0013 {"type": "usd", "usd": 0.0}
2026-09-30 10:42:38 /background-jobs/b80324ed-2a24-4865-92d2-131ae2b62fb6 {"type": "usd", "usd": 0.0}
2026-09-30 10:42:39 /background-jobs/c0214686-0781-4cee-a1b4-c9b9dd831a30 {"type": "usd", "usd": 0.0}
2026-09-30 10:42:40 /background-jobs/ba4cd621-19a6-4b3e-9e54-c0bfbecf7e2d {"type": "usd", "usd": 0.0}
2026-09-30 10:42:42 /background-jobs/8e8d4c68-4dc5-40f7-a210-cef5c2029398 {"type": "usd", "usd": 0.0}
2026-09-30 10:42:42 /background-jobs/3e7b0061-99ae-4031-91ce-e04d86f5a0d7 {"type": "usd", "usd": 0.0}
2026-09-30 10:42:43 /background-jobs/7c98dc23-280a-40b8-829d-8a3bb34f5d53 {"type": "usd", "usd": 0.0}
2026-09-30 10:42:44 /background-jobs/154cae27-c93f-4c4f-8cbe-84b62bdd0013 {"type": "usd", "usd": 0.0}
2026-09-30 10:42:44 /background-jobs/b80324ed-2a24-4865-92d2-131ae2b62fb6 {"type": "usd", "usd": 0.0}
2026-09-30 10:42:44 /background-jobs/c0214686-0781-4cee-a1b4-c9b9dd831a30 {"type": "usd", "usd": 0.0}
2026-09-30 10:42:46 /background-jobs/ba4cd621-19a6-4b3e-9e54-c0bfbecf7e2d {"type": "usd", "usd": 0.0}
2026-09-30 10:42:47 /background-jobs/8e8d4c68-4dc5-40f7-a210-cef5c2029398 {"type": "usd", "usd": 0.0}
2026-09-30 10:42:48 /background-jobs/3e7b0061-99ae-4031-91ce-e04d86f5a0d7 {"type": "usd", "usd": 0.0}
2026-09-30 10:42:48 /background-jobs/7c98dc23-280a-40b8-829d-8a3bb34f5d53 {"type": "usd", "usd": 0.0}
2026-09-30 10:42:50 /background-jobs/154cae27-c93f-4c4f-8cbe-84b62bdd0013 {"type": "usd", "usd": 0.0}
2026-09-30 10:42:50 /background-jobs/b80324ed-2a24-4865-92d2-131ae2b62fb6 {"type": "usd", "usd": 0.0}
2026-09-30 10:42:50 /background-jobs/c0214686-0781-4cee-a1b4-c9b9dd831a30 {"type": "usd", "usd": 0.0}
2026-09-30 10:42:52 /background-jobs/ba4cd621-19a6-4b3e-9e54-c0bfbecf7e2d {"type": "usd", "usd": 0.0}
2026-09-30 10:42:53 /background-jobs/8e8d4c68-4dc5-40f7-a210-cef5c2029398 {"type": "usd", "usd": 0.0}
2026-09-30 10:42:54 /background-jobs/3e7b0061-99ae-4031-91ce-e04d86f5a0d7 {"type": "usd", "usd": 0.0}
2026-09-30 10:42:54 /background-jobs/7c98dc23-280a-40b8-829d-8a3bb34f5d53 {"type": "usd", "usd": 0.0}
2026-09-30 10:42:55 /background-jobs/b80324ed-2a24-4865-92d2-131ae2b62fb6 {"type": "generations", "generations": 1.0}
2026-09-30 10:42:56 /background-jobs/154cae27-c93f-4c4f-8cbe-84b62bdd0013 {"type": "usd", "usd": 0.0}
2026-09-30 10:42:56 /background-jobs/c0214686-0781-4cee-a1b4-c9b9dd831a30 {"type": "usd", "usd": 0.0}
2026-09-30 10:42:57 /background-jobs/ba4cd621-19a6-4b3e-9e54-c0bfbecf7e2d {"type": "usd", "usd": 0.0}
2026-09-30 10:42:59 /background-jobs/8e8d4c68-4dc5-40f7-a210-cef5c2029398 {"type": "usd", "usd": 0.0}
2026-09-30 10:42:59 /background-jobs/3e7b0061-99ae-4031-91ce-e04d86f5a0d7 {"type": "usd", "usd": 0.0}
2026-09-30 10:43:00 /background-jobs/7c98dc23-280a-40b8-829d-8a3bb34f5d53 {"type": "usd", "usd": 0.0}
2026-09-30 10:43:02 /background-jobs/c0214686-0781-4cee-a1b4-c9b9dd831a30 {"type": "usd", "usd": 0.0}
2026-09-30 10:43:02 /background-jobs/154cae27-c93f-4c4f-8cbe-84b62bdd0013 {"type": "usd", "usd": 0.0}
2026-09-30 10:43:04 /background-jobs/ba4cd621-19a6-4b3e-9e54-c0bfbecf7e2d {"type": "usd", "usd": 0.0}
2026-09-30 10:43:04 /background-jobs/99b2271b-1b48-4cec-92db-0f9e4e24e7d2 {"type": "usd", "usd": 0.0}
2026-09-30 10:43:05 /background-jobs/8e8d4c68-4dc5-40f7-a210-cef5c2029398 {"type": "usd", "usd": 0.0}
2026-09-30 10:43:05 /background-jobs/7c98dc23-280a-40b8-829d-8a3bb34f5d53 {"type": "usd", "usd": 0.0}
2026-09-30 10:43:06 /background-jobs/3e7b0061-99ae-4031-91ce-e04d86f5a0d7 {"type": "usd", "usd": 0.0}
2026-09-30 10:43:07 /background-jobs/c0214686-0781-4cee-a1b4-c9b9dd831a30 {"type": "usd", "usd": 0.0}
2026-09-30 10:43:08 /background-jobs/154cae27-c93f-4c4f-8cbe-84b62bdd0013 {"type": "usd", "usd": 0.0}
2026-09-30 10:43:09 /background-jobs/ba4cd621-19a6-4b3e-9e54-c0bfbecf7e2d {"type": "usd", "usd": 0.0}
2026-09-30 10:43:10 /background-jobs/99b2271b-1b48-4cec-92db-0f9e4e24e7d2 {"type": "usd", "usd": 0.0}
2026-09-30 10:43:10 /background-jobs/8e8d4c68-4dc5-40f7-a210-cef5c2029398 {"type": "usd", "usd": 0.0}
2026-09-30 10:43:11 /background-jobs/7c98dc23-280a-40b8-829d-8a3bb34f5d53 {"type": "usd", "usd": 0.0}
2026-09-30 10:43:11 /background-jobs/3e7b0061-99ae-4031-91ce-e04d86f5a0d7 {"type": "usd", "usd": 0.0}
2026-09-30 10:43:13 /background-jobs/c0214686-0781-4cee-a1b4-c9b9dd831a30 {"type": "usd", "usd": 0.0}
2026-09-30 10:43:13 /background-jobs/154cae27-c93f-4c4f-8cbe-84b62bdd0013 {"type": "usd", "usd": 0.0}
2026-09-30 10:43:16 /background-jobs/ba4cd621-19a6-4b3e-9e54-c0bfbecf7e2d {"type": "usd", "usd": 0.0}
2026-09-30 10:43:17 /background-jobs/8e8d4c68-4dc5-40f7-a210-cef5c2029398 {"type": "usd", "usd": 0.0}
2026-09-30 10:43:18 /background-jobs/3e7b0061-99ae-4031-91ce-e04d86f5a0d7 {"type": "usd", "usd": 0.0}
2026-09-30 10:43:18 /background-jobs/7c98dc23-280a-40b8-829d-8a3bb34f5d53 {"type": "usd", "usd": 0.0}
2026-09-30 10:43:19 /background-jobs/99b2271b-1b48-4cec-92db-0f9e4e24e7d2 {"type": "usd", "usd": 0.0}
2026-09-30 10:43:19 /background-jobs/c0214686-0781-4cee-a1b4-c9b9dd831a30 {"type": "usd", "usd": 0.0}
2026-09-30 10:43:19 /background-jobs/154cae27-c93f-4c4f-8cbe-84b62bdd0013 {"type": "usd", "usd": 0.0}
2026-09-30 10:43:21 /background-jobs/ba4cd621-19a6-4b3e-9e54-c0bfbecf7e2d {"type": "usd", "usd": 0.0}
2026-09-30 10:43:23 /background-jobs/8e8d4c68-4dc5-40f7-a210-cef5c2029398 {"type": "usd", "usd": 0.0}
2026-09-30 10:43:23 /background-jobs/3e7b0061-99ae-4031-91ce-e04d86f5a0d7 {"type": "usd", "usd": 0.0}
2026-09-30 10:43:24 /background-jobs/7c98dc23-280a-40b8-829d-8a3bb34f5d53 {"type": "usd", "usd": 0.0}
2026-09-30 10:43:24 /background-jobs/99b2271b-1b48-4cec-92db-0f9e4e24e7d2 {"type": "usd", "usd": 0.0}
2026-09-30 10:43:25 /background-jobs/c0214686-0781-4cee-a1b4-c9b9dd831a30 {"type": "usd", "usd": 0.0}
2026-09-30 10:43:25 /background-jobs/154cae27-c93f-4c4f-8cbe-84b62bdd0013 {"type": "usd", "usd": 0.0}
2026-09-30 10:43:28 /background-jobs/ba4cd621-19a6-4b3e-9e54-c0bfbecf7e2d {"type": "usd", "usd": 0.0}
2026-09-30 10:43:29 /background-jobs/8e8d4c68-4dc5-40f7-a210-cef5c2029398 {"type": "usd", "usd": 0.0}
2026-09-30 10:43:29 /background-jobs/3e7b0061-99ae-4031-91ce-e04d86f5a0d7 {"type": "usd", "usd": 0.0}
2026-09-30 10:43:30 /background-jobs/7c98dc23-280a-40b8-829d-8a3bb34f5d53 {"type": "usd", "usd": 0.0}
2026-09-30 10:43:30 /background-jobs/99b2271b-1b48-4cec-92db-0f9e4e24e7d2 {"type": "usd", "usd": 0.0}
2026-09-30 10:43:30 /background-jobs/c0214686-0781-4cee-a1b4-c9b9dd831a30 {"type": "usd", "usd": 0.0}
2026-09-30 10:43:34 /background-jobs/ba4cd621-19a6-4b3e-9e54-c0bfbecf7e2d {"type": "usd", "usd": 0.0}
2026-09-30 10:43:34 /background-jobs/154cae27-c93f-4c4f-8cbe-84b62bdd0013 {"type": "usd", "usd": 0.0}
2026-09-30 10:43:35 /background-jobs/8e8d4c68-4dc5-40f7-a210-cef5c2029398 {"type": "usd", "usd": 0.0}
2026-09-30 10:43:35 /background-jobs/3e7b0061-99ae-4031-91ce-e04d86f5a0d7 {"type": "usd", "usd": 0.0}
2026-09-30 10:43:35 /background-jobs/7c98dc23-280a-40b8-829d-8a3bb34f5d53 {"type": "usd", "usd": 0.0}
2026-09-30 10:43:36 /background-jobs/99b2271b-1b48-4cec-92db-0f9e4e24e7d2 {"type": "usd", "usd": 0.0}
2026-09-30 10:43:36 /background-jobs/c0214686-0781-4cee-a1b4-c9b9dd831a30 {"type": "usd", "usd": 0.0}
2026-09-30 10:43:39 /background-jobs/ba4cd621-19a6-4b3e-9e54-c0bfbecf7e2d {"type": "usd", "usd": 0.0}
2026-09-30 10:43:40 /background-jobs/154cae27-c93f-4c4f-8cbe-84b62bdd0013 {"type": "usd", "usd": 0.0}
2026-09-30 10:43:41 /background-jobs/8e8d4c68-4dc5-40f7-a210-cef5c2029398 {"type": "usd", "usd": 0.0}
2026-09-30 10:43:41 /background-jobs/3e7b0061-99ae-4031-91ce-e04d86f5a0d7 {"type": "usd", "usd": 0.0}
2026-09-30 10:43:41 /background-jobs/99b2271b-1b48-4cec-92db-0f9e4e24e7d2 {"type": "usd", "usd": 0.0}
2026-09-30 10:43:41 /background-jobs/7c98dc23-280a-40b8-829d-8a3bb34f5d53 {"type": "usd", "usd": 0.0}
2026-09-30 10:43:42 /background-jobs/c0214686-0781-4cee-a1b4-c9b9dd831a30 {"type": "usd", "usd": 0.0}
2026-09-30 10:43:45 /background-jobs/ba4cd621-19a6-4b3e-9e54-c0bfbecf7e2d {"type": "usd", "usd": 0.0}
2026-09-30 10:43:46 /background-jobs/154cae27-c93f-4c4f-8cbe-84b62bdd0013 {"type": "usd", "usd": 0.0}
2026-09-30 10:43:46 /background-jobs/8e8d4c68-4dc5-40f7-a210-cef5c2029398 {"type": "usd", "usd": 0.0}
2026-09-30 10:43:47 /background-jobs/3e7b0061-99ae-4031-91ce-e04d86f5a0d7 {"type": "usd", "usd": 0.0}
2026-09-30 10:43:47 /background-jobs/7c98dc23-280a-40b8-829d-8a3bb34f5d53 {"type": "usd", "usd": 0.0}
2026-09-30 10:43:47 /background-jobs/99b2271b-1b48-4cec-92db-0f9e4e24e7d2 {"type": "usd", "usd": 0.0}
2026-09-30 10:43:47 /background-jobs/c0214686-0781-4cee-a1b4-c9b9dd831a30 {"type": "usd", "usd": 0.0}
2026-09-30 10:43:53 /background-jobs/8e8d4c68-4dc5-40f7-a210-cef5c2029398 {"type": "usd", "usd": 0.0}
2026-09-30 10:43:53 /background-jobs/7c98dc23-280a-40b8-829d-8a3bb34f5d53 {"type": "usd", "usd": 0.0}
2026-09-30 10:43:53 /background-jobs/c0214686-0781-4cee-a1b4-c9b9dd831a30 {"type": "usd", "usd": 0.0}
2026-09-30 10:43:53 /background-jobs/ba4cd621-19a6-4b3e-9e54-c0bfbecf7e2d {"type": "usd", "usd": 0.0}
2026-09-30 10:43:54 /background-jobs/3e7b0061-99ae-4031-91ce-e04d86f5a0d7 {"type": "usd", "usd": 0.0}
2026-09-30 10:43:54 /background-jobs/154cae27-c93f-4c4f-8cbe-84b62bdd0013 {"type": "usd", "usd": 0.0}
2026-09-30 10:43:55 /background-jobs/99b2271b-1b48-4cec-92db-0f9e4e24e7d2 {"type": "usd", "usd": 0.0}
2026-09-30 10:43:59 /background-jobs/c0214686-0781-4cee-a1b4-c9b9dd831a30 {"type": "usd", "usd": 0.0}
2026-09-30 10:43:59 /background-jobs/7c98dc23-280a-40b8-829d-8a3bb34f5d53 {"type": "usd", "usd": 0.0}
2026-09-30 10:43:59 /background-jobs/ba4cd621-19a6-4b3e-9e54-c0bfbecf7e2d {"type": "usd", "usd": 0.0}
2026-09-30 10:43:59 /background-jobs/3e7b0061-99ae-4031-91ce-e04d86f5a0d7 {"type": "usd", "usd": 0.0}
2026-09-30 10:44:00 /background-jobs/154cae27-c93f-4c4f-8cbe-84b62bdd0013 {"type": "usd", "usd": 0.0}
2026-09-30 10:44:00 /background-jobs/8e8d4c68-4dc5-40f7-a210-cef5c2029398 {"type": "usd", "usd": 0.0}
2026-09-30 10:44:01 /background-jobs/99b2271b-1b48-4cec-92db-0f9e4e24e7d2 {"type": "usd", "usd": 0.0}
2026-09-30 10:44:05 /background-jobs/c0214686-0781-4cee-a1b4-c9b9dd831a30 {"type": "usd", "usd": 0.0}
2026-09-30 10:44:05 /background-jobs/ba4cd621-19a6-4b3e-9e54-c0bfbecf7e2d {"type": "usd", "usd": 0.0}
2026-09-30 10:44:05 /background-jobs/154cae27-c93f-4c4f-8cbe-84b62bdd0013 {"type": "usd", "usd": 0.0}
2026-09-30 10:44:06 /background-jobs/3e7b0061-99ae-4031-91ce-e04d86f5a0d7 {"type": "usd", "usd": 0.0}
2026-09-30 10:44:06 /background-jobs/8e8d4c68-4dc5-40f7-a210-cef5c2029398 {"type": "usd", "usd": 0.0}
2026-09-30 10:44:07 /background-jobs/7c98dc23-280a-40b8-829d-8a3bb34f5d53 {"type": "usd", "usd": 0.0}
2026-09-30 10:44:07 /background-jobs/99b2271b-1b48-4cec-92db-0f9e4e24e7d2 {"type": "usd", "usd": 0.0}
2026-09-30 10:44:10 /background-jobs/c0214686-0781-4cee-a1b4-c9b9dd831a30 {"type": "usd", "usd": 0.0}
2026-09-30 10:44:11 /background-jobs/ba4cd621-19a6-4b3e-9e54-c0bfbecf7e2d {"type": "usd", "usd": 0.0}
2026-09-30 10:44:11 /background-jobs/154cae27-c93f-4c4f-8cbe-84b62bdd0013 {"type": "usd", "usd": 0.0}
2026-09-30 10:44:11 /background-jobs/3e7b0061-99ae-4031-91ce-e04d86f5a0d7 {"type": "usd", "usd": 0.0}
2026-09-30 10:44:12 /background-jobs/8e8d4c68-4dc5-40f7-a210-cef5c2029398 {"type": "usd", "usd": 0.0}
2026-09-30 10:44:12 /background-jobs/7c98dc23-280a-40b8-829d-8a3bb34f5d53 {"type": "usd", "usd": 0.0}
2026-09-30 10:44:13 /background-jobs/99b2271b-1b48-4cec-92db-0f9e4e24e7d2 {"type": "usd", "usd": 0.0}
2026-09-30 10:44:16 /background-jobs/c0214686-0781-4cee-a1b4-c9b9dd831a30 {"type": "usd", "usd": 0.0}
2026-09-30 10:44:17 /background-jobs/ba4cd621-19a6-4b3e-9e54-c0bfbecf7e2d {"type": "usd", "usd": 0.0}
2026-09-30 10:44:17 /background-jobs/154cae27-c93f-4c4f-8cbe-84b62bdd0013 {"type": "usd", "usd": 0.0}
2026-09-30 10:44:18 /background-jobs/8e8d4c68-4dc5-40f7-a210-cef5c2029398 {"type": "usd", "usd": 0.0}
2026-09-30 10:44:18 /background-jobs/3e7b0061-99ae-4031-91ce-e04d86f5a0d7 {"type": "usd", "usd": 0.0}
2026-09-30 10:44:18 /background-jobs/7c98dc23-280a-40b8-829d-8a3bb34f5d53 {"type": "usd", "usd": 0.0}
2026-09-30 10:44:18 /background-jobs/99b2271b-1b48-4cec-92db-0f9e4e24e7d2 {"type": "usd", "usd": 0.0}
2026-09-30 10:44:22 /background-jobs/c0214686-0781-4cee-a1b4-c9b9dd831a30 {"type": "usd", "usd": 0.0}
2026-09-30 10:44:22 /background-jobs/ba4cd621-19a6-4b3e-9e54-c0bfbecf7e2d {"type": "usd", "usd": 0.0}
2026-09-30 10:44:23 /background-jobs/154cae27-c93f-4c4f-8cbe-84b62bdd0013 {"type": "usd", "usd": 0.0}
2026-09-30 10:44:23 /background-jobs/8e8d4c68-4dc5-40f7-a210-cef5c2029398 {"type": "usd", "usd": 0.0}
2026-09-30 10:44:24 /background-jobs/3e7b0061-99ae-4031-91ce-e04d86f5a0d7 {"type": "usd", "usd": 0.0}
2026-09-30 10:44:24 /background-jobs/7c98dc23-280a-40b8-829d-8a3bb34f5d53 {"type": "usd", "usd": 0.0}
2026-09-30 10:44:24 /background-jobs/99b2271b-1b48-4cec-92db-0f9e4e24e7d2 {"type": "usd", "usd": 0.0}
2026-09-30 10:44:27 /background-jobs/c0214686-0781-4cee-a1b4-c9b9dd831a30 {"type": "usd", "usd": 0.0}
2026-09-30 10:44:28 /background-jobs/ba4cd621-19a6-4b3e-9e54-c0bfbecf7e2d {"type": "usd", "usd": 0.0}
2026-09-30 10:44:29 /background-jobs/8e8d4c68-4dc5-40f7-a210-cef5c2029398 {"type": "usd", "usd": 0.0}
2026-09-30 10:44:29 /background-jobs/154cae27-c93f-4c4f-8cbe-84b62bdd0013 {"type": "usd", "usd": 0.0}
2026-09-30 10:44:30 /background-jobs/7c98dc23-280a-40b8-829d-8a3bb34f5d53 {"type": "usd", "usd": 0.0}
2026-09-30 10:44:30 /background-jobs/3e7b0061-99ae-4031-91ce-e04d86f5a0d7 {"type": "usd", "usd": 0.0}
2026-09-30 10:44:30 /background-jobs/99b2271b-1b48-4cec-92db-0f9e4e24e7d2 {"type": "usd", "usd": 0.0}
2026-09-30 10:44:33 /background-jobs/c0214686-0781-4cee-a1b4-c9b9dd831a30 {"type": "usd", "usd": 0.0}
2026-09-30 10:44:34 /background-jobs/ba4cd621-19a6-4b3e-9e54-c0bfbecf7e2d {"type": "usd", "usd": 0.0}
2026-09-30 10:44:35 /background-jobs/8e8d4c68-4dc5-40f7-a210-cef5c2029398 {"type": "usd", "usd": 0.0}
2026-09-30 10:44:36 /background-jobs/7c98dc23-280a-40b8-829d-8a3bb34f5d53 {"type": "usd", "usd": 0.0}
2026-09-30 10:44:39 /background-jobs/3e7b0061-99ae-4031-91ce-e04d86f5a0d7 {"type": "usd", "usd": 0.0}
2026-09-30 10:44:40 /background-jobs/c0214686-0781-4cee-a1b4-c9b9dd831a30 {"type": "usd", "usd": 0.0}
2026-09-30 10:44:40 /background-jobs/ba4cd621-19a6-4b3e-9e54-c0bfbecf7e2d {"type": "usd", "usd": 0.0}
2026-09-30 10:44:41 /background-jobs/8e8d4c68-4dc5-40f7-a210-cef5c2029398 {"type": "usd", "usd": 0.0}
2026-09-30 10:44:41 /background-jobs/7c98dc23-280a-40b8-829d-8a3bb34f5d53 {"type": "usd", "usd": 0.0}
2026-09-30 10:44:43 /background-jobs/99b2271b-1b48-4cec-92db-0f9e4e24e7d2 {"type": "usd", "usd": 0.0}
2026-09-30 10:44:43 /background-jobs/154cae27-c93f-4c4f-8cbe-84b62bdd0013 {"type": "usd", "usd": 0.0}
2026-09-30 10:44:45 /background-jobs/3e7b0061-99ae-4031-91ce-e04d86f5a0d7 {"type": "usd", "usd": 0.0}
2026-09-30 10:44:46 /background-jobs/c0214686-0781-4cee-a1b4-c9b9dd831a30 {"type": "usd", "usd": 0.0}
2026-09-30 10:44:46 /background-jobs/ba4cd621-19a6-4b3e-9e54-c0bfbecf7e2d {"type": "usd", "usd": 0.0}
2026-09-30 10:44:47 /background-jobs/8e8d4c68-4dc5-40f7-a210-cef5c2029398 {"type": "usd", "usd": 0.0}
2026-09-30 10:44:47 /background-jobs/7c98dc23-280a-40b8-829d-8a3bb34f5d53 {"type": "usd", "usd": 0.0}
2026-09-30 10:44:49 /background-jobs/99b2271b-1b48-4cec-92db-0f9e4e24e7d2 {"type": "usd", "usd": 0.0}
2026-09-30 10:44:49 /background-jobs/154cae27-c93f-4c4f-8cbe-84b62bdd0013 {"type": "usd", "usd": 0.0}
2026-09-30 10:44:51 /background-jobs/3e7b0061-99ae-4031-91ce-e04d86f5a0d7 {"type": "usd", "usd": 0.0}
2026-09-30 10:44:51 /background-jobs/c0214686-0781-4cee-a1b4-c9b9dd831a30 {"type": "usd", "usd": 0.0}
2026-09-30 10:44:52 /background-jobs/ba4cd621-19a6-4b3e-9e54-c0bfbecf7e2d {"type": "usd", "usd": 0.0}
2026-09-30 10:44:53 /background-jobs/8e8d4c68-4dc5-40f7-a210-cef5c2029398 {"type": "usd", "usd": 0.0}
2026-09-30 10:44:53 /background-jobs/7c98dc23-280a-40b8-829d-8a3bb34f5d53 {"type": "usd", "usd": 0.0}
2026-09-30 10:44:54 /background-jobs/99b2271b-1b48-4cec-92db-0f9e4e24e7d2 {"type": "usd", "usd": 0.0}
2026-09-30 10:44:55 /background-jobs/154cae27-c93f-4c4f-8cbe-84b62bdd0013 {"type": "usd", "usd": 0.0}
2026-09-30 10:44:56 /background-jobs/3e7b0061-99ae-4031-91ce-e04d86f5a0d7 {"type": "usd", "usd": 0.0}
2026-09-30 10:44:57 /background-jobs/c0214686-0781-4cee-a1b4-c9b9dd831a30 {"type": "usd", "usd": 0.0}
2026-09-30 10:44:58 /background-jobs/ba4cd621-19a6-4b3e-9e54-c0bfbecf7e2d {"type": "usd", "usd": 0.0}
2026-09-30 10:44:58 /background-jobs/7c98dc23-280a-40b8-829d-8a3bb34f5d53 {"type": "usd", "usd": 0.0}
2026-09-30 10:44:58 /background-jobs/8e8d4c68-4dc5-40f7-a210-cef5c2029398 {"type": "usd", "usd": 0.0}
2026-09-30 10:45:00 /background-jobs/99b2271b-1b48-4cec-92db-0f9e4e24e7d2 {"type": "usd", "usd": 0.0}
2026-09-30 10:45:00 /background-jobs/154cae27-c93f-4c4f-8cbe-84b62bdd0013 {"type": "usd", "usd": 0.0}
2026-09-30 10:45:02 /background-jobs/3e7b0061-99ae-4031-91ce-e04d86f5a0d7 {"type": "usd", "usd": 0.0}
2026-09-30 10:45:03 /background-jobs/c0214686-0781-4cee-a1b4-c9b9dd831a30 {"type": "usd", "usd": 0.0}
2026-09-30 10:45:03 /background-jobs/ba4cd621-19a6-4b3e-9e54-c0bfbecf7e2d {"type": "usd", "usd": 0.0}
2026-09-30 10:45:04 /background-jobs/7c98dc23-280a-40b8-829d-8a3bb34f5d53 {"type": "usd", "usd": 0.0}
2026-09-30 10:45:04 /background-jobs/8e8d4c68-4dc5-40f7-a210-cef5c2029398 {"type": "usd", "usd": 0.0}
2026-09-30 10:45:06 /background-jobs/99b2271b-1b48-4cec-92db-0f9e4e24e7d2 {"type": "usd", "usd": 0.0}
2026-09-30 10:45:06 /background-jobs/154cae27-c93f-4c4f-8cbe-84b62bdd0013 {"type": "usd", "usd": 0.0}
2026-09-30 10:45:08 /background-jobs/3e7b0061-99ae-4031-91ce-e04d86f5a0d7 {"type": "usd", "usd": 0.0}
2026-09-30 10:45:08 /background-jobs/c0214686-0781-4cee-a1b4-c9b9dd831a30 {"type": "usd", "usd": 0.0}
2026-09-30 10:45:09 /background-jobs/ba4cd621-19a6-4b3e-9e54-c0bfbecf7e2d {"type": "usd", "usd": 0.0}
2026-09-30 10:45:10 /background-jobs/7c98dc23-280a-40b8-829d-8a3bb34f5d53 {"type": "usd", "usd": 0.0}
2026-09-30 10:45:10 /background-jobs/8e8d4c68-4dc5-40f7-a210-cef5c2029398 {"type": "usd", "usd": 0.0}
2026-09-30 10:45:12 /background-jobs/99b2271b-1b48-4cec-92db-0f9e4e24e7d2 {"type": "usd", "usd": 0.0}
2026-09-30 10:45:12 /background-jobs/154cae27-c93f-4c4f-8cbe-84b62bdd0013 {"type": "usd", "usd": 0.0}
2026-09-30 10:45:14 /background-jobs/3e7b0061-99ae-4031-91ce-e04d86f5a0d7 {"type": "usd", "usd": 0.0}
2026-09-30 10:45:15 /background-jobs/ba4cd621-19a6-4b3e-9e54-c0bfbecf7e2d {"type": "usd", "usd": 0.0}
2026-09-30 10:45:16 /background-jobs/8e8d4c68-4dc5-40f7-a210-cef5c2029398 {"type": "usd", "usd": 0.0}
2026-09-30 10:45:16 /background-jobs/7c98dc23-280a-40b8-829d-8a3bb34f5d53 {"type": "usd", "usd": 0.0}
2026-09-30 10:45:18 /background-jobs/154cae27-c93f-4c4f-8cbe-84b62bdd0013 {"type": "usd", "usd": 0.0}
2026-09-30 10:45:18 /background-jobs/c0214686-0781-4cee-a1b4-c9b9dd831a30 {"type": "usd", "usd": 0.0}
2026-09-30 10:45:19 /background-jobs/99b2271b-1b48-4cec-92db-0f9e4e24e7d2 {"type": "usd", "usd": 0.0}
2026-09-30 10:45:20 /background-jobs/3e7b0061-99ae-4031-91ce-e04d86f5a0d7 {"type": "usd", "usd": 0.0}
2026-09-30 10:45:21 /background-jobs/ba4cd621-19a6-4b3e-9e54-c0bfbecf7e2d {"type": "usd", "usd": 0.0}
2026-09-30 10:45:21 /background-jobs/8e8d4c68-4dc5-40f7-a210-cef5c2029398 {"type": "usd", "usd": 0.0}
2026-09-30 10:45:21 /background-jobs/7c98dc23-280a-40b8-829d-8a3bb34f5d53 {"type": "usd", "usd": 0.0}
2026-09-30 10:45:24 /background-jobs/154cae27-c93f-4c4f-8cbe-84b62bdd0013 {"type": "usd", "usd": 0.0}
2026-09-30 10:45:24 /background-jobs/c0214686-0781-4cee-a1b4-c9b9dd831a30 {"type": "usd", "usd": 0.0}
2026-09-30 10:45:25 /background-jobs/99b2271b-1b48-4cec-92db-0f9e4e24e7d2 {"type": "usd", "usd": 0.0}
2026-09-30 10:45:26 /background-jobs/3e7b0061-99ae-4031-91ce-e04d86f5a0d7 {"type": "usd", "usd": 0.0}
2026-09-30 10:45:27 /background-jobs/ba4cd621-19a6-4b3e-9e54-c0bfbecf7e2d {"type": "usd", "usd": 0.0}
2026-09-30 10:45:27 /background-jobs/8e8d4c68-4dc5-40f7-a210-cef5c2029398 {"type": "usd", "usd": 0.0}
2026-09-30 10:45:29 /background-jobs/7c98dc23-280a-40b8-829d-8a3bb34f5d53 {"type": "usd", "usd": 0.0}
2026-09-30 10:45:30 /background-jobs/c0214686-0781-4cee-a1b4-c9b9dd831a30 {"type": "usd", "usd": 0.0}
2026-09-30 10:45:30 /background-jobs/154cae27-c93f-4c4f-8cbe-84b62bdd0013 {"type": "usd", "usd": 0.0}
2026-09-30 10:45:30 /background-jobs/99b2271b-1b48-4cec-92db-0f9e4e24e7d2 {"type": "usd", "usd": 0.0}
2026-09-30 10:45:31 /background-jobs/3e7b0061-99ae-4031-91ce-e04d86f5a0d7 {"type": "usd", "usd": 0.0}
2026-09-30 10:45:32 /background-jobs/ba4cd621-19a6-4b3e-9e54-c0bfbecf7e2d {"type": "usd", "usd": 0.0}
2026-09-30 10:45:33 /background-jobs/8e8d4c68-4dc5-40f7-a210-cef5c2029398 {"type": "usd", "usd": 0.0}
2026-09-30 10:45:35 /background-jobs/7c98dc23-280a-40b8-829d-8a3bb34f5d53 {"type": "usd", "usd": 0.0}
2026-09-30 10:45:36 /background-jobs/99b2271b-1b48-4cec-92db-0f9e4e24e7d2 {"type": "usd", "usd": 0.0}
2026-09-30 10:45:36 /background-jobs/c0214686-0781-4cee-a1b4-c9b9dd831a30 {"type": "usd", "usd": 0.0}
2026-09-30 10:45:37 /background-jobs/154cae27-c93f-4c4f-8cbe-84b62bdd0013 {"type": "usd", "usd": 0.0}
2026-09-30 10:45:37 /background-jobs/3e7b0061-99ae-4031-91ce-e04d86f5a0d7 {"type": "usd", "usd": 0.0}
2026-09-30 10:45:38 /background-jobs/ba4cd621-19a6-4b3e-9e54-c0bfbecf7e2d {"type": "usd", "usd": 0.0}
2026-09-30 10:45:38 /background-jobs/8e8d4c68-4dc5-40f7-a210-cef5c2029398 {"type": "usd", "usd": 0.0}
2026-09-30 10:45:41 /background-jobs/7c98dc23-280a-40b8-829d-8a3bb34f5d53 {"type": "usd", "usd": 0.0}
2026-09-30 10:45:42 /background-jobs/c0214686-0781-4cee-a1b4-c9b9dd831a30 {"type": "usd", "usd": 0.0}
2026-09-30 10:45:43 /background-jobs/154cae27-c93f-4c4f-8cbe-84b62bdd0013 {"type": "usd", "usd": 0.0}
2026-09-30 10:45:43 /background-jobs/3e7b0061-99ae-4031-91ce-e04d86f5a0d7 {"type": "usd", "usd": 0.0}
2026-09-30 10:45:43 /background-jobs/99b2271b-1b48-4cec-92db-0f9e4e24e7d2 {"type": "usd", "usd": 0.0}
2026-09-30 10:45:44 /background-jobs/ba4cd621-19a6-4b3e-9e54-c0bfbecf7e2d {"type": "usd", "usd": 0.0}
2026-09-30 10:45:44 /background-jobs/8e8d4c68-4dc5-40f7-a210-cef5c2029398 {"type": "usd", "usd": 0.0}
2026-09-30 10:45:47 /background-jobs/7c98dc23-280a-40b8-829d-8a3bb34f5d53 {"type": "usd", "usd": 0.0}
2026-09-30 10:45:48 /background-jobs/c0214686-0781-4cee-a1b4-c9b9dd831a30 {"type": "usd", "usd": 0.0}
2026-09-30 10:45:48 /background-jobs/154cae27-c93f-4c4f-8cbe-84b62bdd0013 {"type": "usd", "usd": 0.0}
2026-09-30 10:45:48 /background-jobs/3e7b0061-99ae-4031-91ce-e04d86f5a0d7 {"type": "usd", "usd": 0.0}
2026-09-30 10:45:49 /background-jobs/99b2271b-1b48-4cec-92db-0f9e4e24e7d2 {"type": "usd", "usd": 0.0}
2026-09-30 10:45:49 /background-jobs/ba4cd621-19a6-4b3e-9e54-c0bfbecf7e2d {"type": "usd", "usd": 0.0}
2026-09-30 10:45:50 /background-jobs/8e8d4c68-4dc5-40f7-a210-cef5c2029398 {"type": "usd", "usd": 0.0}
2026-09-30 10:45:52 /background-jobs/7c98dc23-280a-40b8-829d-8a3bb34f5d53 {"type": "usd", "usd": 0.0}
2026-09-30 10:45:54 /background-jobs/c0214686-0781-4cee-a1b4-c9b9dd831a30 {"type": "usd", "usd": 0.0}
2026-09-30 10:45:54 /background-jobs/154cae27-c93f-4c4f-8cbe-84b62bdd0013 {"type": "usd", "usd": 0.0}
2026-09-30 10:45:54 /background-jobs/3e7b0061-99ae-4031-91ce-e04d86f5a0d7 {"type": "usd", "usd": 0.0}
2026-09-30 10:45:54 /background-jobs/99b2271b-1b48-4cec-92db-0f9e4e24e7d2 {"type": "usd", "usd": 0.0}
2026-09-30 10:45:55 /background-jobs/ba4cd621-19a6-4b3e-9e54-c0bfbecf7e2d {"type": "usd", "usd": 0.0}
2026-09-30 10:45:55 /background-jobs/8e8d4c68-4dc5-40f7-a210-cef5c2029398 {"type": "usd", "usd": 0.0}
2026-09-30 10:45:59 /background-jobs/c0214686-0781-4cee-a1b4-c9b9dd831a30 {"type": "usd", "usd": 0.0}
2026-09-30 10:46:00 /background-jobs/7c98dc23-280a-40b8-829d-8a3bb34f5d53 {"type": "usd", "usd": 0.0}
2026-09-30 10:46:00 /background-jobs/154cae27-c93f-4c4f-8cbe-84b62bdd0013 {"type": "usd", "usd": 0.0}
2026-09-30 10:46:00 /background-jobs/3e7b0061-99ae-4031-91ce-e04d86f5a0d7 {"type": "usd", "usd": 0.0}
2026-09-30 10:46:00 /background-jobs/99b2271b-1b48-4cec-92db-0f9e4e24e7d2 {"type": "usd", "usd": 0.0}
2026-09-30 10:46:01 /background-jobs/ba4cd621-19a6-4b3e-9e54-c0bfbecf7e2d {"type": "usd", "usd": 0.0}
2026-09-30 10:46:01 /background-jobs/8e8d4c68-4dc5-40f7-a210-cef5c2029398 {"type": "usd", "usd": 0.0}
2026-09-30 10:46:05 /background-jobs/c0214686-0781-4cee-a1b4-c9b9dd831a30 {"type": "usd", "usd": 0.0}
2026-09-30 10:46:05 /background-jobs/7c98dc23-280a-40b8-829d-8a3bb34f5d53 {"type": "usd", "usd": 0.0}
2026-09-30 10:46:05 /background-jobs/154cae27-c93f-4c4f-8cbe-84b62bdd0013 {"type": "usd", "usd": 0.0}
2026-09-30 10:46:06 /background-jobs/3e7b0061-99ae-4031-91ce-e04d86f5a0d7 {"type": "usd", "usd": 0.0}
2026-09-30 10:46:06 /background-jobs/99b2271b-1b48-4cec-92db-0f9e4e24e7d2 {"type": "usd", "usd": 0.0}
2026-09-30 10:46:06 /background-jobs/ba4cd621-19a6-4b3e-9e54-c0bfbecf7e2d {"type": "usd", "usd": 0.0}
2026-09-30 10:46:07 /background-jobs/8e8d4c68-4dc5-40f7-a210-cef5c2029398 {"type": "usd", "usd": 0.0}
2026-09-30 10:46:11 /background-jobs/7c98dc23-280a-40b8-829d-8a3bb34f5d53 {"type": "usd", "usd": 0.0}
2026-09-30 10:46:11 /background-jobs/154cae27-c93f-4c4f-8cbe-84b62bdd0013 {"type": "usd", "usd": 0.0}
2026-09-30 10:46:11 /background-jobs/99b2271b-1b48-4cec-92db-0f9e4e24e7d2 {"type": "usd", "usd": 0.0}
2026-09-30 10:46:11 /background-jobs/c0214686-0781-4cee-a1b4-c9b9dd831a30 {"type": "usd", "usd": 0.0}
2026-09-30 10:46:12 /background-jobs/3e7b0061-99ae-4031-91ce-e04d86f5a0d7 {"type": "usd", "usd": 0.0}
2026-09-30 10:46:12 /background-jobs/ba4cd621-19a6-4b3e-9e54-c0bfbecf7e2d {"type": "usd", "usd": 0.0}
2026-09-30 10:46:12 /background-jobs/8e8d4c68-4dc5-40f7-a210-cef5c2029398 {"type": "usd", "usd": 0.0}
2026-09-30 10:46:17 /background-jobs/7c98dc23-280a-40b8-829d-8a3bb34f5d53 {"type": "usd", "usd": 0.0}
2026-09-30 10:46:18 /background-jobs/3e7b0061-99ae-4031-91ce-e04d86f5a0d7 {"type": "usd", "usd": 0.0}
2026-09-30 10:46:18 /background-jobs/154cae27-c93f-4c4f-8cbe-84b62bdd0013 {"type": "usd", "usd": 0.0}
2026-09-30 10:46:18 /background-jobs/ba4cd621-19a6-4b3e-9e54-c0bfbecf7e2d {"type": "usd", "usd": 0.0}
2026-09-30 10:46:18 /background-jobs/8e8d4c68-4dc5-40f7-a210-cef5c2029398 {"type": "usd", "usd": 0.0}
2026-09-30 10:46:19 /background-jobs/c0214686-0781-4cee-a1b4-c9b9dd831a30 {"type": "usd", "usd": 0.0}
2026-09-30 10:46:23 /background-jobs/99b2271b-1b48-4cec-92db-0f9e4e24e7d2 {"type": "usd", "usd": 0.0}
2026-09-30 10:46:24 /background-jobs/ba4cd621-19a6-4b3e-9e54-c0bfbecf7e2d {"type": "usd", "usd": 0.0}
2026-09-30 10:46:24 /background-jobs/7c98dc23-280a-40b8-829d-8a3bb34f5d53 {"type": "usd", "usd": 0.0}
2026-09-30 10:46:24 /background-jobs/154cae27-c93f-4c4f-8cbe-84b62bdd0013 {"type": "usd", "usd": 0.0}
2026-09-30 10:46:24 /background-jobs/c0214686-0781-4cee-a1b4-c9b9dd831a30 {"type": "usd", "usd": 0.0}
2026-09-30 10:46:25 /background-jobs/8e8d4c68-4dc5-40f7-a210-cef5c2029398 {"type": "usd", "usd": 0.0}
2026-09-30 10:46:28 /background-jobs/3e7b0061-99ae-4031-91ce-e04d86f5a0d7 {"type": "usd", "usd": 0.0}
2026-09-30 10:46:29 /background-jobs/99b2271b-1b48-4cec-92db-0f9e4e24e7d2 {"type": "usd", "usd": 0.0}
2026-09-30 10:46:30 /background-jobs/7c98dc23-280a-40b8-829d-8a3bb34f5d53 {"type": "usd", "usd": 0.0}
2026-09-30 10:46:30 /background-jobs/ba4cd621-19a6-4b3e-9e54-c0bfbecf7e2d {"type": "usd", "usd": 0.0}
2026-09-30 10:46:30 /background-jobs/154cae27-c93f-4c4f-8cbe-84b62bdd0013 {"type": "usd", "usd": 0.0}
2026-09-30 10:46:30 /background-jobs/c0214686-0781-4cee-a1b4-c9b9dd831a30 {"type": "usd", "usd": 0.0}
2026-09-30 10:46:30 /background-jobs/8e8d4c68-4dc5-40f7-a210-cef5c2029398 {"type": "usd", "usd": 0.0}
2026-09-30 10:46:33 /background-jobs/3e7b0061-99ae-4031-91ce-e04d86f5a0d7 {"type": "usd", "usd": 0.0}
2026-09-30 10:46:34 /background-jobs/99b2271b-1b48-4cec-92db-0f9e4e24e7d2 {"type": "usd", "usd": 0.0}
2026-09-30 10:46:36 /background-jobs/c0214686-0781-4cee-a1b4-c9b9dd831a30 {"type": "usd", "usd": 0.0}
2026-09-30 10:46:36 /background-jobs/ba4cd621-19a6-4b3e-9e54-c0bfbecf7e2d {"type": "generations", "generations": 1.0}
2026-09-30 10:46:36 /background-jobs/7c98dc23-280a-40b8-829d-8a3bb34f5d53 {"type": "usd", "usd": 0.0}
2026-09-30 10:46:37 /background-jobs/154cae27-c93f-4c4f-8cbe-84b62bdd0013 {"type": "usd", "usd": 0.0}
2026-09-30 10:46:37 /background-jobs/8e8d4c68-4dc5-40f7-a210-cef5c2029398 {"type": "usd", "usd": 0.0}
2026-09-30 10:46:39 /background-jobs/3e7b0061-99ae-4031-91ce-e04d86f5a0d7 {"type": "usd", "usd": 0.0}
2026-09-30 10:46:40 /background-jobs/99b2271b-1b48-4cec-92db-0f9e4e24e7d2 {"type": "usd", "usd": 0.0}
2026-09-30 10:46:42 /background-jobs/c0214686-0781-4cee-a1b4-c9b9dd831a30 {"type": "usd", "usd": 0.0}
2026-09-30 10:46:42 /background-jobs/7c98dc23-280a-40b8-829d-8a3bb34f5d53 {"type": "usd", "usd": 0.0}
2026-09-30 10:46:43 /background-jobs/154cae27-c93f-4c4f-8cbe-84b62bdd0013 {"type": "usd", "usd": 0.0}
2026-09-30 10:46:44 /background-jobs/8e8d4c68-4dc5-40f7-a210-cef5c2029398 {"type": "usd", "usd": 0.0}
2026-09-30 10:46:45 /background-jobs/3e7b0061-99ae-4031-91ce-e04d86f5a0d7 {"type": "usd", "usd": 0.0}
2026-09-30 10:46:46 /background-jobs/99b2271b-1b48-4cec-92db-0f9e4e24e7d2 {"type": "usd", "usd": 0.0}
2026-09-30 10:46:47 /background-jobs/c0214686-0781-4cee-a1b4-c9b9dd831a30 {"type": "usd", "usd": 0.0}
2026-09-30 10:46:47 /background-jobs/7c98dc23-280a-40b8-829d-8a3bb34f5d53 {"type": "usd", "usd": 0.0}
2026-09-30 10:46:49 /background-jobs/154cae27-c93f-4c4f-8cbe-84b62bdd0013 {"type": "usd", "usd": 0.0}
2026-09-30 10:46:50 /background-jobs/8e8d4c68-4dc5-40f7-a210-cef5c2029398 {"type": "usd", "usd": 0.0}
2026-09-30 10:46:51 /background-jobs/99b2271b-1b48-4cec-92db-0f9e4e24e7d2 {"type": "usd", "usd": 0.0}
2026-09-30 10:46:52 /background-jobs/3e7b0061-99ae-4031-91ce-e04d86f5a0d7 {"type": "usd", "usd": 0.0}
2026-09-30 10:46:53 /background-jobs/c0214686-0781-4cee-a1b4-c9b9dd831a30 {"type": "usd", "usd": 0.0}
2026-09-30 10:46:53 /background-jobs/7c98dc23-280a-40b8-829d-8a3bb34f5d53 {"type": "usd", "usd": 0.0}
2026-09-30 10:46:55 /background-jobs/154cae27-c93f-4c4f-8cbe-84b62bdd0013 {"type": "usd", "usd": 0.0}
2026-09-30 10:46:55 /background-jobs/8e8d4c68-4dc5-40f7-a210-cef5c2029398 {"type": "usd", "usd": 0.0}
2026-09-30 10:46:57 /background-jobs/99b2271b-1b48-4cec-92db-0f9e4e24e7d2 {"type": "usd", "usd": 0.0}
2026-09-30 10:46:58 /background-jobs/3e7b0061-99ae-4031-91ce-e04d86f5a0d7 {"type": "usd", "usd": 0.0}
2026-09-30 10:46:59 /background-jobs/c0214686-0781-4cee-a1b4-c9b9dd831a30 {"type": "usd", "usd": 0.0}
2026-09-30 10:47:00 /background-jobs/7c98dc23-280a-40b8-829d-8a3bb34f5d53 {"type": "usd", "usd": 0.0}
2026-09-30 10:47:00 /background-jobs/154cae27-c93f-4c4f-8cbe-84b62bdd0013 {"type": "usd", "usd": 0.0}
2026-09-30 10:47:01 /background-jobs/8e8d4c68-4dc5-40f7-a210-cef5c2029398 {"type": "usd", "usd": 0.0}
2026-09-30 10:47:03 /background-jobs/99b2271b-1b48-4cec-92db-0f9e4e24e7d2 {"type": "usd", "usd": 0.0}
2026-09-30 10:47:03 /background-jobs/3e7b0061-99ae-4031-91ce-e04d86f5a0d7 {"type": "usd", "usd": 0.0}
2026-09-30 10:47:04 /background-jobs/c0214686-0781-4cee-a1b4-c9b9dd831a30 {"type": "usd", "usd": 0.0}
2026-09-30 10:47:06 /background-jobs/7c98dc23-280a-40b8-829d-8a3bb34f5d53 {"type": "usd", "usd": 0.0}
2026-09-30 10:47:06 /background-jobs/154cae27-c93f-4c4f-8cbe-84b62bdd0013 {"type": "usd", "usd": 0.0}
2026-09-30 10:47:07 /background-jobs/8e8d4c68-4dc5-40f7-a210-cef5c2029398 {"type": "usd", "usd": 0.0}
2026-09-30 10:47:08 /background-jobs/99b2271b-1b48-4cec-92db-0f9e4e24e7d2 {"type": "usd", "usd": 0.0}
2026-09-30 10:47:09 /background-jobs/3e7b0061-99ae-4031-91ce-e04d86f5a0d7 {"type": "usd", "usd": 0.0}
2026-09-30 10:47:10 /background-jobs/c0214686-0781-4cee-a1b4-c9b9dd831a30 {"type": "usd", "usd": 0.0}
2026-09-30 10:47:11 /background-jobs/7c98dc23-280a-40b8-829d-8a3bb34f5d53 {"type": "usd", "usd": 0.0}
2026-09-30 10:47:12 /background-jobs/154cae27-c93f-4c4f-8cbe-84b62bdd0013 {"type": "usd", "usd": 0.0}
2026-09-30 10:47:12 /background-jobs/8e8d4c68-4dc5-40f7-a210-cef5c2029398 {"type": "usd", "usd": 0.0}
2026-09-30 10:47:15 /background-jobs/3e7b0061-99ae-4031-91ce-e04d86f5a0d7 {"type": "usd", "usd": 0.0}
2026-09-30 10:47:16 /background-jobs/c0214686-0781-4cee-a1b4-c9b9dd831a30 {"type": "usd", "usd": 0.0}
2026-09-30 10:47:16 /background-jobs/99b2271b-1b48-4cec-92db-0f9e4e24e7d2 {"type": "usd", "usd": 0.0}
2026-09-30 10:47:17 /background-jobs/7c98dc23-280a-40b8-829d-8a3bb34f5d53 {"type": "usd", "usd": 0.0}
2026-09-30 10:47:17 /background-jobs/154cae27-c93f-4c4f-8cbe-84b62bdd0013 {"type": "usd", "usd": 0.0}
2026-09-30 10:47:18 /background-jobs/8e8d4c68-4dc5-40f7-a210-cef5c2029398 {"type": "usd", "usd": 0.0}
2026-09-30 10:47:20 /background-jobs/3e7b0061-99ae-4031-91ce-e04d86f5a0d7 {"type": "usd", "usd": 0.0}
2026-09-30 10:47:22 /background-jobs/99b2271b-1b48-4cec-92db-0f9e4e24e7d2 {"type": "usd", "usd": 0.0}
2026-09-30 10:47:22 /background-jobs/7c98dc23-280a-40b8-829d-8a3bb34f5d53 {"type": "usd", "usd": 0.0}
2026-09-30 10:47:23 /background-jobs/c0214686-0781-4cee-a1b4-c9b9dd831a30 {"type": "usd", "usd": 0.0}
2026-09-30 10:47:23 /background-jobs/154cae27-c93f-4c4f-8cbe-84b62bdd0013 {"type": "usd", "usd": 0.0}
2026-09-30 10:47:24 /background-jobs/8e8d4c68-4dc5-40f7-a210-cef5c2029398 {"type": "usd", "usd": 0.0}
2026-09-30 10:47:26 /background-jobs/3e7b0061-99ae-4031-91ce-e04d86f5a0d7 {"type": "usd", "usd": 0.0}
2026-09-30 10:47:28 /background-jobs/99b2271b-1b48-4cec-92db-0f9e4e24e7d2 {"type": "usd", "usd": 0.0}
2026-09-30 10:47:28 /background-jobs/7c98dc23-280a-40b8-829d-8a3bb34f5d53 {"type": "usd", "usd": 0.0}
2026-09-30 10:47:28 /background-jobs/c0214686-0781-4cee-a1b4-c9b9dd831a30 {"type": "usd", "usd": 0.0}
2026-09-30 10:47:29 /background-jobs/154cae27-c93f-4c4f-8cbe-84b62bdd0013 {"type": "usd", "usd": 0.0}
2026-09-30 10:47:29 /background-jobs/8e8d4c68-4dc5-40f7-a210-cef5c2029398 {"type": "usd", "usd": 0.0}
2026-09-30 10:47:32 /background-jobs/3e7b0061-99ae-4031-91ce-e04d86f5a0d7 {"type": "usd", "usd": 0.0}
2026-09-30 10:47:34 /background-jobs/99b2271b-1b48-4cec-92db-0f9e4e24e7d2 {"type": "usd", "usd": 0.0}
2026-09-30 10:47:34 /background-jobs/7c98dc23-280a-40b8-829d-8a3bb34f5d53 {"type": "usd", "usd": 0.0}
2026-09-30 10:47:34 /background-jobs/c0214686-0781-4cee-a1b4-c9b9dd831a30 {"type": "usd", "usd": 0.0}
2026-09-30 10:47:34 /background-jobs/154cae27-c93f-4c4f-8cbe-84b62bdd0013 {"type": "usd", "usd": 0.0}
2026-09-30 10:47:35 /background-jobs/8e8d4c68-4dc5-40f7-a210-cef5c2029398 {"type": "usd", "usd": 0.0}
2026-09-30 10:47:37 /background-jobs/3e7b0061-99ae-4031-91ce-e04d86f5a0d7 {"type": "usd", "usd": 0.0}
2026-09-30 10:47:39 /background-jobs/99b2271b-1b48-4cec-92db-0f9e4e24e7d2 {"type": "usd", "usd": 0.0}
2026-09-30 10:47:39 /background-jobs/7c98dc23-280a-40b8-829d-8a3bb34f5d53 {"type": "usd", "usd": 0.0}
2026-09-30 10:47:40 /background-jobs/154cae27-c93f-4c4f-8cbe-84b62bdd0013 {"type": "usd", "usd": 0.0}
2026-09-30 10:47:40 /background-jobs/c0214686-0781-4cee-a1b4-c9b9dd831a30 {"type": "usd", "usd": 0.0}
2026-09-30 10:47:41 /background-jobs/8e8d4c68-4dc5-40f7-a210-cef5c2029398 {"type": "usd", "usd": 0.0}
2026-09-30 10:47:43 /background-jobs/3e7b0061-99ae-4031-91ce-e04d86f5a0d7 {"type": "usd", "usd": 0.0}
2026-09-30 10:47:45 /background-jobs/7c98dc23-280a-40b8-829d-8a3bb34f5d53 {"type": "usd", "usd": 0.0}
2026-09-30 10:47:45 /background-jobs/99b2271b-1b48-4cec-92db-0f9e4e24e7d2 {"type": "usd", "usd": 0.0}
2026-09-30 10:47:46 /background-jobs/c0214686-0781-4cee-a1b4-c9b9dd831a30 {"type": "usd", "usd": 0.0}
2026-09-30 10:47:46 /background-jobs/154cae27-c93f-4c4f-8cbe-84b62bdd0013 {"type": "usd", "usd": 0.0}
2026-09-30 10:47:47 /background-jobs/8e8d4c68-4dc5-40f7-a210-cef5c2029398 {"type": "usd", "usd": 0.0}
2026-09-30 10:47:49 /background-jobs/3e7b0061-99ae-4031-91ce-e04d86f5a0d7 {"type": "usd", "usd": 0.0}
2026-09-30 10:47:51 /background-jobs/7c98dc23-280a-40b8-829d-8a3bb34f5d53 {"type": "usd", "usd": 0.0}
2026-09-30 10:47:51 /background-jobs/99b2271b-1b48-4cec-92db-0f9e4e24e7d2 {"type": "usd", "usd": 0.0}
2026-09-30 10:47:52 /background-jobs/c0214686-0781-4cee-a1b4-c9b9dd831a30 {"type": "usd", "usd": 0.0}
2026-09-30 10:47:52 /background-jobs/154cae27-c93f-4c4f-8cbe-84b62bdd0013 {"type": "usd", "usd": 0.0}
2026-09-30 10:47:53 /background-jobs/8e8d4c68-4dc5-40f7-a210-cef5c2029398 {"type": "usd", "usd": 0.0}
2026-09-30 10:47:55 /background-jobs/3e7b0061-99ae-4031-91ce-e04d86f5a0d7 {"type": "usd", "usd": 0.0}
2026-09-30 10:47:57 /background-jobs/7c98dc23-280a-40b8-829d-8a3bb34f5d53 {"type": "usd", "usd": 0.0}
2026-09-30 10:47:57 /background-jobs/c0214686-0781-4cee-a1b4-c9b9dd831a30 {"type": "usd", "usd": 0.0}
2026-09-30 10:47:58 /background-jobs/154cae27-c93f-4c4f-8cbe-84b62bdd0013 {"type": "usd", "usd": 0.0}
2026-09-30 10:47:58 /background-jobs/99b2271b-1b48-4cec-92db-0f9e4e24e7d2 {"type": "usd", "usd": 0.0}
2026-09-30 10:47:58 /background-jobs/8e8d4c68-4dc5-40f7-a210-cef5c2029398 {"type": "usd", "usd": 0.0}
2026-09-30 10:48:01 /background-jobs/3e7b0061-99ae-4031-91ce-e04d86f5a0d7 {"type": "usd", "usd": 0.0}
2026-09-30 10:48:02 /background-jobs/7c98dc23-280a-40b8-829d-8a3bb34f5d53 {"type": "usd", "usd": 0.0}
2026-09-30 10:48:03 /background-jobs/c0214686-0781-4cee-a1b4-c9b9dd831a30 {"type": "usd", "usd": 0.0}
2026-09-30 10:48:03 /background-jobs/154cae27-c93f-4c4f-8cbe-84b62bdd0013 {"type": "usd", "usd": 0.0}
2026-09-30 10:48:04 /background-jobs/99b2271b-1b48-4cec-92db-0f9e4e24e7d2 {"type": "usd", "usd": 0.0}
2026-09-30 10:48:04 /background-jobs/8e8d4c68-4dc5-40f7-a210-cef5c2029398 {"type": "usd", "usd": 0.0}
2026-09-30 10:48:07 /background-jobs/3e7b0061-99ae-4031-91ce-e04d86f5a0d7 {"type": "usd", "usd": 0.0}
2026-09-30 10:48:09 /background-jobs/7c98dc23-280a-40b8-829d-8a3bb34f5d53 {"type": "usd", "usd": 0.0}
2026-09-30 10:48:09 /background-jobs/154cae27-c93f-4c4f-8cbe-84b62bdd0013 {"type": "usd", "usd": 0.0}
2026-09-30 10:48:10 /background-jobs/c0214686-0781-4cee-a1b4-c9b9dd831a30 {"type": "usd", "usd": 0.0}
2026-09-30 10:48:10 /background-jobs/99b2271b-1b48-4cec-92db-0f9e4e24e7d2 {"type": "usd", "usd": 0.0}
2026-09-30 10:48:10 /background-jobs/8e8d4c68-4dc5-40f7-a210-cef5c2029398 {"type": "usd", "usd": 0.0}
2026-09-30 10:48:12 /background-jobs/3e7b0061-99ae-4031-91ce-e04d86f5a0d7 {"type": "usd", "usd": 0.0}
2026-09-30 10:48:14 /background-jobs/7c98dc23-280a-40b8-829d-8a3bb34f5d53 {"type": "usd", "usd": 0.0}
2026-09-30 10:48:15 /background-jobs/c0214686-0781-4cee-a1b4-c9b9dd831a30 {"type": "usd", "usd": 0.0}
2026-09-30 10:48:15 /background-jobs/154cae27-c93f-4c4f-8cbe-84b62bdd0013 {"type": "usd", "usd": 0.0}
2026-09-30 10:48:16 /background-jobs/99b2271b-1b48-4cec-92db-0f9e4e24e7d2 {"type": "usd", "usd": 0.0}
2026-09-30 10:48:16 /background-jobs/8e8d4c68-4dc5-40f7-a210-cef5c2029398 {"type": "usd", "usd": 0.0}
2026-09-30 10:48:18 /background-jobs/3e7b0061-99ae-4031-91ce-e04d86f5a0d7 {"type": "usd", "usd": 0.0}
2026-09-30 10:48:20 /background-jobs/7c98dc23-280a-40b8-829d-8a3bb34f5d53 {"type": "usd", "usd": 0.0}
2026-09-30 10:48:21 /background-jobs/c0214686-0781-4cee-a1b4-c9b9dd831a30 {"type": "usd", "usd": 0.0}
2026-09-30 10:48:21 /background-jobs/154cae27-c93f-4c4f-8cbe-84b62bdd0013 {"type": "usd", "usd": 0.0}
2026-09-30 10:48:21 /background-jobs/99b2271b-1b48-4cec-92db-0f9e4e24e7d2 {"type": "usd", "usd": 0.0}
2026-09-30 10:48:21 /background-jobs/8e8d4c68-4dc5-40f7-a210-cef5c2029398 {"type": "usd", "usd": 0.0}
2026-09-30 10:48:24 /background-jobs/3e7b0061-99ae-4031-91ce-e04d86f5a0d7 {"type": "usd", "usd": 0.0}
2026-09-30 10:48:26 /background-jobs/7c98dc23-280a-40b8-829d-8a3bb34f5d53 {"type": "usd", "usd": 0.0}
2026-09-30 10:48:27 /background-jobs/c0214686-0781-4cee-a1b4-c9b9dd831a30 {"type": "usd", "usd": 0.0}
2026-09-30 10:48:27 /background-jobs/154cae27-c93f-4c4f-8cbe-84b62bdd0013 {"type": "usd", "usd": 0.0}
2026-09-30 10:48:27 /background-jobs/99b2271b-1b48-4cec-92db-0f9e4e24e7d2 {"type": "usd", "usd": 0.0}
2026-09-30 10:48:27 /background-jobs/8e8d4c68-4dc5-40f7-a210-cef5c2029398 {"type": "usd", "usd": 0.0}
2026-09-30 10:48:29 /background-jobs/3e7b0061-99ae-4031-91ce-e04d86f5a0d7 {"type": "usd", "usd": 0.0}
2026-09-30 10:48:31 /background-jobs/7c98dc23-280a-40b8-829d-8a3bb34f5d53 {"type": "usd", "usd": 0.0}
2026-09-30 10:48:32 /background-jobs/154cae27-c93f-4c4f-8cbe-84b62bdd0013 {"type": "usd", "usd": 0.0}
2026-09-30 10:48:32 /background-jobs/c0214686-0781-4cee-a1b4-c9b9dd831a30 {"type": "usd", "usd": 0.0}
2026-09-30 10:48:33 /background-jobs/99b2271b-1b48-4cec-92db-0f9e4e24e7d2 {"type": "usd", "usd": 0.0}
2026-09-30 10:48:33 /background-jobs/8e8d4c68-4dc5-40f7-a210-cef5c2029398 {"type": "usd", "usd": 0.0}
2026-09-30 10:48:36 /background-jobs/3e7b0061-99ae-4031-91ce-e04d86f5a0d7 {"type": "usd", "usd": 0.0}
2026-09-30 10:48:37 /background-jobs/7c98dc23-280a-40b8-829d-8a3bb34f5d53 {"type": "usd", "usd": 0.0}
2026-09-30 10:48:38 /background-jobs/154cae27-c93f-4c4f-8cbe-84b62bdd0013 {"type": "usd", "usd": 0.0}
2026-09-30 10:48:38 /background-jobs/c0214686-0781-4cee-a1b4-c9b9dd831a30 {"type": "usd", "usd": 0.0}
2026-09-30 10:48:38 /background-jobs/8e8d4c68-4dc5-40f7-a210-cef5c2029398 {"type": "usd", "usd": 0.0}
2026-09-30 10:48:39 /background-jobs/99b2271b-1b48-4cec-92db-0f9e4e24e7d2 {"type": "usd", "usd": 0.0}
2026-09-30 10:48:42 /background-jobs/3e7b0061-99ae-4031-91ce-e04d86f5a0d7 {"type": "usd", "usd": 0.0}
2026-09-30 10:48:45 /background-jobs/8e8d4c68-4dc5-40f7-a210-cef5c2029398 {"type": "usd", "usd": 0.0}
2026-09-30 10:48:45 /background-jobs/154cae27-c93f-4c4f-8cbe-84b62bdd0013 {"type": "usd", "usd": 0.0}
2026-09-30 10:48:45 /background-jobs/99b2271b-1b48-4cec-92db-0f9e4e24e7d2 {"type": "usd", "usd": 0.0}
2026-09-30 10:48:45 /background-jobs/7c98dc23-280a-40b8-829d-8a3bb34f5d53 {"type": "usd", "usd": 0.0}
2026-09-30 10:48:45 /background-jobs/c0214686-0781-4cee-a1b4-c9b9dd831a30 {"type": "usd", "usd": 0.0}
2026-09-30 10:48:47 /background-jobs/3e7b0061-99ae-4031-91ce-e04d86f5a0d7 {"type": "usd", "usd": 0.0}
2026-09-30 10:48:51 /background-jobs/154cae27-c93f-4c4f-8cbe-84b62bdd0013 {"type": "usd", "usd": 0.0}
2026-09-30 10:48:51 /background-jobs/8e8d4c68-4dc5-40f7-a210-cef5c2029398 {"type": "usd", "usd": 0.0}
2026-09-30 10:48:51 /background-jobs/99b2271b-1b48-4cec-92db-0f9e4e24e7d2 {"type": "usd", "usd": 0.0}
2026-09-30 10:48:51 /background-jobs/c0214686-0781-4cee-a1b4-c9b9dd831a30 {"type": "usd", "usd": 0.0}
2026-09-30 10:48:51 /background-jobs/7c98dc23-280a-40b8-829d-8a3bb34f5d53 {"type": "usd", "usd": 0.0}
2026-09-30 10:48:53 /background-jobs/3e7b0061-99ae-4031-91ce-e04d86f5a0d7 {"type": "usd", "usd": 0.0}
2026-09-30 10:48:56 /background-jobs/154cae27-c93f-4c4f-8cbe-84b62bdd0013 {"type": "usd", "usd": 0.0}
2026-09-30 10:48:56 /background-jobs/99b2271b-1b48-4cec-92db-0f9e4e24e7d2 {"type": "usd", "usd": 0.0}
2026-09-30 10:48:56 /background-jobs/8e8d4c68-4dc5-40f7-a210-cef5c2029398 {"type": "usd", "usd": 0.0}
2026-09-30 10:48:57 /background-jobs/c0214686-0781-4cee-a1b4-c9b9dd831a30 {"type": "usd", "usd": 0.0}
2026-09-30 10:48:57 /background-jobs/7c98dc23-280a-40b8-829d-8a3bb34f5d53 {"type": "usd", "usd": 0.0}
2026-09-30 10:49:00 /background-jobs/3e7b0061-99ae-4031-91ce-e04d86f5a0d7 {"type": "usd", "usd": 0.0}
2026-09-30 10:49:02 /background-jobs/c0214686-0781-4cee-a1b4-c9b9dd831a30 {"type": "usd", "usd": 0.0}
2026-09-30 10:49:03 /background-jobs/99b2271b-1b48-4cec-92db-0f9e4e24e7d2 {"type": "usd", "usd": 0.0}
2026-09-30 10:49:03 /background-jobs/154cae27-c93f-4c4f-8cbe-84b62bdd0013 {"type": "usd", "usd": 0.0}
2026-09-30 10:49:04 /background-jobs/7c98dc23-280a-40b8-829d-8a3bb34f5d53 {"type": "usd", "usd": 0.0}
2026-09-30 10:49:04 /background-jobs/8e8d4c68-4dc5-40f7-a210-cef5c2029398 {"type": "usd", "usd": 0.0}
2026-09-30 10:49:06 /background-jobs/3e7b0061-99ae-4031-91ce-e04d86f5a0d7 {"type": "usd", "usd": 0.0}
2026-09-30 10:49:08 /background-jobs/c0214686-0781-4cee-a1b4-c9b9dd831a30 {"type": "usd", "usd": 0.0}
2026-09-30 10:49:09 /background-jobs/154cae27-c93f-4c4f-8cbe-84b62bdd0013 {"type": "usd", "usd": 0.0}
2026-09-30 10:49:09 /background-jobs/99b2271b-1b48-4cec-92db-0f9e4e24e7d2 {"type": "usd", "usd": 0.0}
2026-09-30 10:49:09 /background-jobs/7c98dc23-280a-40b8-829d-8a3bb34f5d53 {"type": "usd", "usd": 0.0}
2026-09-30 10:49:09 /background-jobs/8e8d4c68-4dc5-40f7-a210-cef5c2029398 {"type": "usd", "usd": 0.0}
2026-09-30 10:49:11 /background-jobs/3e7b0061-99ae-4031-91ce-e04d86f5a0d7 {"type": "usd", "usd": 0.0}
2026-09-30 10:49:14 /background-jobs/154cae27-c93f-4c4f-8cbe-84b62bdd0013 {"type": "usd", "usd": 0.0}
2026-09-30 10:49:16 /background-jobs/7c98dc23-280a-40b8-829d-8a3bb34f5d53 {"type": "usd", "usd": 0.0}
2026-09-30 10:49:16 /background-jobs/99b2271b-1b48-4cec-92db-0f9e4e24e7d2 {"type": "usd", "usd": 0.0}
2026-09-30 10:49:17 /background-jobs/c0214686-0781-4cee-a1b4-c9b9dd831a30 {"type": "usd", "usd": 0.0}
2026-09-30 10:49:18 /background-jobs/3e7b0061-99ae-4031-91ce-e04d86f5a0d7 {"type": "usd", "usd": 0.0}
2026-09-30 10:49:18 /background-jobs/8e8d4c68-4dc5-40f7-a210-cef5c2029398 {"type": "usd", "usd": 0.0}
2026-09-30 10:49:20 /background-jobs/154cae27-c93f-4c4f-8cbe-84b62bdd0013 {"type": "usd", "usd": 0.0}
2026-09-30 10:49:22 /background-jobs/7c98dc23-280a-40b8-829d-8a3bb34f5d53 {"type": "usd", "usd": 0.0}
2026-09-30 10:49:22 /background-jobs/99b2271b-1b48-4cec-92db-0f9e4e24e7d2 {"type": "usd", "usd": 0.0}
2026-09-30 10:49:22 /background-jobs/c0214686-0781-4cee-a1b4-c9b9dd831a30 {"type": "usd", "usd": 0.0}
2026-09-30 10:49:23 /background-jobs/3acf34a7-ba9c-4842-b950-ad3acd8e1031 {"type": "usd", "usd": 0.0}
2026-09-30 10:49:23 /background-jobs/3e7b0061-99ae-4031-91ce-e04d86f5a0d7 {"type": "usd", "usd": 0.0}
2026-09-30 10:49:24 /background-jobs/8e8d4c68-4dc5-40f7-a210-cef5c2029398 {"type": "usd", "usd": 0.0}
2026-09-30 10:49:26 /background-jobs/154cae27-c93f-4c4f-8cbe-84b62bdd0013 {"type": "usd", "usd": 0.0}
2026-09-30 10:49:28 /background-jobs/7c98dc23-280a-40b8-829d-8a3bb34f5d53 {"type": "usd", "usd": 0.0}
2026-09-30 10:49:28 /background-jobs/99b2271b-1b48-4cec-92db-0f9e4e24e7d2 {"type": "usd", "usd": 0.0}
2026-09-30 10:49:28 /background-jobs/c0214686-0781-4cee-a1b4-c9b9dd831a30 {"type": "usd", "usd": 0.0}
2026-09-30 10:49:28 /background-jobs/3acf34a7-ba9c-4842-b950-ad3acd8e1031 {"type": "usd", "usd": 0.0}
2026-09-30 10:49:29 /background-jobs/3e7b0061-99ae-4031-91ce-e04d86f5a0d7 {"type": "usd", "usd": 0.0}
2026-09-30 10:49:29 /background-jobs/8e8d4c68-4dc5-40f7-a210-cef5c2029398 {"type": "usd", "usd": 0.0}
2026-09-30 10:49:32 /background-jobs/154cae27-c93f-4c4f-8cbe-84b62bdd0013 {"type": "usd", "usd": 0.0}
2026-09-30 10:49:33 /background-jobs/7c98dc23-280a-40b8-829d-8a3bb34f5d53 {"type": "usd", "usd": 0.0}
2026-09-30 10:49:33 /background-jobs/99b2271b-1b48-4cec-92db-0f9e4e24e7d2 {"type": "usd", "usd": 0.0}
2026-09-30 10:49:34 /background-jobs/c0214686-0781-4cee-a1b4-c9b9dd831a30 {"type": "usd", "usd": 0.0}
2026-09-30 10:49:34 /background-jobs/3acf34a7-ba9c-4842-b950-ad3acd8e1031 {"type": "usd", "usd": 0.0}
2026-09-30 10:49:35 /background-jobs/3e7b0061-99ae-4031-91ce-e04d86f5a0d7 {"type": "usd", "usd": 0.0}
2026-09-30 10:49:35 /background-jobs/8e8d4c68-4dc5-40f7-a210-cef5c2029398 {"type": "usd", "usd": 0.0}
2026-09-30 10:49:39 /background-jobs/7c98dc23-280a-40b8-829d-8a3bb34f5d53 {"type": "usd", "usd": 0.0}
2026-09-30 10:49:39 /background-jobs/99b2271b-1b48-4cec-92db-0f9e4e24e7d2 {"type": "usd", "usd": 0.0}
2026-09-30 10:49:40 /background-jobs/c0214686-0781-4cee-a1b4-c9b9dd831a30 {"type": "usd", "usd": 0.0}
2026-09-30 10:49:40 /background-jobs/3acf34a7-ba9c-4842-b950-ad3acd8e1031 {"type": "usd", "usd": 0.0}
2026-09-30 10:49:40 /background-jobs/3e7b0061-99ae-4031-91ce-e04d86f5a0d7 {"type": "usd", "usd": 0.0}
2026-09-30 10:49:42 /background-jobs/8e8d4c68-4dc5-40f7-a210-cef5c2029398 {"type": "usd", "usd": 0.0}
2026-09-30 10:49:42 /background-jobs/154cae27-c93f-4c4f-8cbe-84b62bdd0013 {"type": "usd", "usd": 0.0}
2026-09-30 10:49:45 /background-jobs/7c98dc23-280a-40b8-829d-8a3bb34f5d53 {"type": "usd", "usd": 0.0}
2026-09-30 10:49:45 /background-jobs/c0214686-0781-4cee-a1b4-c9b9dd831a30 {"type": "usd", "usd": 0.0}
2026-09-30 10:49:45 /background-jobs/3acf34a7-ba9c-4842-b950-ad3acd8e1031 {"type": "usd", "usd": 0.0}
2026-09-30 10:49:46 /background-jobs/99b2271b-1b48-4cec-92db-0f9e4e24e7d2 {"type": "usd", "usd": 0.0}
2026-09-30 10:49:46 /background-jobs/3e7b0061-99ae-4031-91ce-e04d86f5a0d7 {"type": "usd", "usd": 0.0}
2026-09-30 10:49:48 /background-jobs/8e8d4c68-4dc5-40f7-a210-cef5c2029398 {"type": "usd", "usd": 0.0}
2026-09-30 10:49:48 /background-jobs/154cae27-c93f-4c4f-8cbe-84b62bdd0013 {"type": "usd", "usd": 0.0}
2026-09-30 10:49:51 /background-jobs/7c98dc23-280a-40b8-829d-8a3bb34f5d53 {"type": "usd", "usd": 0.0}
2026-09-30 10:49:51 /background-jobs/c0214686-0781-4cee-a1b4-c9b9dd831a30 {"type": "usd", "usd": 0.0}
2026-09-30 10:49:51 /background-jobs/3acf34a7-ba9c-4842-b950-ad3acd8e1031 {"type": "usd", "usd": 0.0}
2026-09-30 10:49:51 /background-jobs/99b2271b-1b48-4cec-92db-0f9e4e24e7d2 {"type": "usd", "usd": 0.0}
2026-09-30 10:49:52 /background-jobs/3e7b0061-99ae-4031-91ce-e04d86f5a0d7 {"type": "usd", "usd": 0.0}
2026-09-30 10:49:53 /background-jobs/8e8d4c68-4dc5-40f7-a210-cef5c2029398 {"type": "usd", "usd": 0.0}
2026-09-30 10:49:54 /background-jobs/154cae27-c93f-4c4f-8cbe-84b62bdd0013 {"type": "usd", "usd": 0.0}
2026-09-30 10:49:56 /background-jobs/7c98dc23-280a-40b8-829d-8a3bb34f5d53 {"type": "usd", "usd": 0.0}
2026-09-30 10:49:57 /background-jobs/c0214686-0781-4cee-a1b4-c9b9dd831a30 {"type": "usd", "usd": 0.0}
2026-09-30 10:49:57 /background-jobs/99b2271b-1b48-4cec-92db-0f9e4e24e7d2 {"type": "usd", "usd": 0.0}
2026-09-30 10:49:58 /background-jobs/3e7b0061-99ae-4031-91ce-e04d86f5a0d7 {"type": "usd", "usd": 0.0}
2026-09-30 10:49:58 /background-jobs/3acf34a7-ba9c-4842-b950-ad3acd8e1031 {"type": "usd", "usd": 0.0}
2026-09-30 10:50:00 /background-jobs/154cae27-c93f-4c4f-8cbe-84b62bdd0013 {"type": "usd", "usd": 0.0}
2026-09-30 10:50:00 /background-jobs/8e8d4c68-4dc5-40f7-a210-cef5c2029398 {"type": "usd", "usd": 0.0}
2026-09-30 10:50:02 /background-jobs/7c98dc23-280a-40b8-829d-8a3bb34f5d53 {"type": "usd", "usd": 0.0}
2026-09-30 10:50:02 /background-jobs/c0214686-0781-4cee-a1b4-c9b9dd831a30 {"type": "usd", "usd": 0.0}
2026-09-30 10:50:03 /background-jobs/99b2271b-1b48-4cec-92db-0f9e4e24e7d2 {"type": "usd", "usd": 0.0}
2026-09-30 10:50:03 /background-jobs/3e7b0061-99ae-4031-91ce-e04d86f5a0d7 {"type": "usd", "usd": 0.0}
2026-09-30 10:50:04 /background-jobs/3acf34a7-ba9c-4842-b950-ad3acd8e1031 {"type": "usd", "usd": 0.0}
2026-09-30 10:50:05 /background-jobs/154cae27-c93f-4c4f-8cbe-84b62bdd0013 {"type": "usd", "usd": 0.0}
2026-09-30 10:50:06 /background-jobs/8e8d4c68-4dc5-40f7-a210-cef5c2029398 {"type": "usd", "usd": 0.0}
2026-09-30 10:50:08 /background-jobs/c0214686-0781-4cee-a1b4-c9b9dd831a30 {"type": "usd", "usd": 0.0}
2026-09-30 10:50:08 /background-jobs/99b2271b-1b48-4cec-92db-0f9e4e24e7d2 {"type": "usd", "usd": 0.0}
2026-09-30 10:50:08 /background-jobs/7c98dc23-280a-40b8-829d-8a3bb34f5d53 {"type": "usd", "usd": 0.0}
2026-09-30 10:50:09 /background-jobs/3e7b0061-99ae-4031-91ce-e04d86f5a0d7 {"type": "usd", "usd": 0.0}
2026-09-30 10:50:09 /background-jobs/3acf34a7-ba9c-4842-b950-ad3acd8e1031 {"type": "usd", "usd": 0.0}
2026-09-30 10:50:11 /background-jobs/154cae27-c93f-4c4f-8cbe-84b62bdd0013 {"type": "usd", "usd": 0.0}
2026-09-30 10:50:11 /background-jobs/8e8d4c68-4dc5-40f7-a210-cef5c2029398 {"type": "usd", "usd": 0.0}
2026-09-30 10:50:14 /background-jobs/c0214686-0781-4cee-a1b4-c9b9dd831a30 {"type": "usd", "usd": 0.0}
2026-09-30 10:50:14 /background-jobs/99b2271b-1b48-4cec-92db-0f9e4e24e7d2 {"type": "usd", "usd": 0.0}
2026-09-30 10:50:14 /background-jobs/7c98dc23-280a-40b8-829d-8a3bb34f5d53 {"type": "usd", "usd": 0.0}
2026-09-30 10:50:14 /background-jobs/3e7b0061-99ae-4031-91ce-e04d86f5a0d7 {"type": "usd", "usd": 0.0}
2026-09-30 10:50:15 /background-jobs/3acf34a7-ba9c-4842-b950-ad3acd8e1031 {"type": "usd", "usd": 0.0}
2026-09-30 10:50:17 /background-jobs/154cae27-c93f-4c4f-8cbe-84b62bdd0013 {"type": "usd", "usd": 0.0}
2026-09-30 10:50:17 /background-jobs/8e8d4c68-4dc5-40f7-a210-cef5c2029398 {"type": "usd", "usd": 0.0}
2026-09-30 10:50:19 /background-jobs/c0214686-0781-4cee-a1b4-c9b9dd831a30 {"type": "usd", "usd": 0.0}
2026-09-30 10:50:20 /background-jobs/7c98dc23-280a-40b8-829d-8a3bb34f5d53 {"type": "usd", "usd": 0.0}
2026-09-30 10:50:20 /background-jobs/99b2271b-1b48-4cec-92db-0f9e4e24e7d2 {"type": "usd", "usd": 0.0}
2026-09-30 10:50:20 /background-jobs/3e7b0061-99ae-4031-91ce-e04d86f5a0d7 {"type": "usd", "usd": 0.0}
2026-09-30 10:50:21 /background-jobs/3acf34a7-ba9c-4842-b950-ad3acd8e1031 {"type": "usd", "usd": 0.0}
2026-09-30 10:50:22 /background-jobs/154cae27-c93f-4c4f-8cbe-84b62bdd0013 {"type": "usd", "usd": 0.0}
2026-09-30 10:50:23 /background-jobs/8e8d4c68-4dc5-40f7-a210-cef5c2029398 {"type": "usd", "usd": 0.0}
2026-09-30 10:50:25 /background-jobs/c0214686-0781-4cee-a1b4-c9b9dd831a30 {"type": "usd", "usd": 0.0}
2026-09-30 10:50:25 /background-jobs/7c98dc23-280a-40b8-829d-8a3bb34f5d53 {"type": "usd", "usd": 0.0}
2026-09-30 10:50:25 /background-jobs/99b2271b-1b48-4cec-92db-0f9e4e24e7d2 {"type": "usd", "usd": 0.0}
2026-09-30 10:50:26 /background-jobs/3e7b0061-99ae-4031-91ce-e04d86f5a0d7 {"type": "usd", "usd": 0.0}
2026-09-30 10:50:26 /background-jobs/3acf34a7-ba9c-4842-b950-ad3acd8e1031 {"type": "usd", "usd": 0.0}
2026-09-30 10:50:28 /background-jobs/154cae27-c93f-4c4f-8cbe-84b62bdd0013 {"type": "usd", "usd": 0.0}
2026-09-30 10:50:28 /background-jobs/8e8d4c68-4dc5-40f7-a210-cef5c2029398 {"type": "usd", "usd": 0.0}
2026-09-30 10:50:31 /background-jobs/7c98dc23-280a-40b8-829d-8a3bb34f5d53 {"type": "usd", "usd": 0.0}
2026-09-30 10:50:31 /background-jobs/99b2271b-1b48-4cec-92db-0f9e4e24e7d2 {"type": "usd", "usd": 0.0}
2026-09-30 10:50:32 /background-jobs/3acf34a7-ba9c-4842-b950-ad3acd8e1031 {"type": "usd", "usd": 0.0}
2026-09-30 10:50:33 /background-jobs/3e7b0061-99ae-4031-91ce-e04d86f5a0d7 {"type": "usd", "usd": 0.0}
2026-09-30 10:50:34 /background-jobs/154cae27-c93f-4c4f-8cbe-84b62bdd0013 {"type": "usd", "usd": 0.0}
2026-09-30 10:50:37 /background-jobs/99b2271b-1b48-4cec-92db-0f9e4e24e7d2 {"type": "usd", "usd": 0.0}
2026-09-30 10:50:37 /background-jobs/7c98dc23-280a-40b8-829d-8a3bb34f5d53 {"type": "usd", "usd": 0.0}
2026-09-30 10:50:37 /background-jobs/c0214686-0781-4cee-a1b4-c9b9dd831a30 {"type": "usd", "usd": 0.0}
2026-09-30 10:50:38 /background-jobs/8e8d4c68-4dc5-40f7-a210-cef5c2029398 {"type": "usd", "usd": 0.0}
2026-09-30 10:50:38 /background-jobs/3acf34a7-ba9c-4842-b950-ad3acd8e1031 {"type": "usd", "usd": 0.0}
2026-09-30 10:50:38 /background-jobs/3e7b0061-99ae-4031-91ce-e04d86f5a0d7 {"type": "usd", "usd": 0.0}
2026-09-30 10:50:39 /background-jobs/154cae27-c93f-4c4f-8cbe-84b62bdd0013 {"type": "usd", "usd": 0.0}
2026-09-30 10:50:43 /background-jobs/99b2271b-1b48-4cec-92db-0f9e4e24e7d2 {"type": "usd", "usd": 0.0}
2026-09-30 10:50:43 /background-jobs/7c98dc23-280a-40b8-829d-8a3bb34f5d53 {"type": "usd", "usd": 0.0}
2026-09-30 10:50:43 /background-jobs/c0214686-0781-4cee-a1b4-c9b9dd831a30 {"type": "usd", "usd": 0.0}
2026-09-30 10:50:43 /background-jobs/8e8d4c68-4dc5-40f7-a210-cef5c2029398 {"type": "usd", "usd": 0.0}
2026-09-30 10:50:43 /background-jobs/3acf34a7-ba9c-4842-b950-ad3acd8e1031 {"type": "usd", "usd": 0.0}
2026-09-30 10:50:44 /background-jobs/3e7b0061-99ae-4031-91ce-e04d86f5a0d7 {"type": "usd", "usd": 0.0}
2026-09-30 10:50:45 /background-jobs/154cae27-c93f-4c4f-8cbe-84b62bdd0013 {"type": "usd", "usd": 0.0}
2026-09-30 10:50:49 /background-jobs/7c98dc23-280a-40b8-829d-8a3bb34f5d53 {"type": "usd", "usd": 0.0}
2026-09-30 10:50:49 /background-jobs/99b2271b-1b48-4cec-92db-0f9e4e24e7d2 {"type": "usd", "usd": 0.0}
2026-09-30 10:50:50 /background-jobs/c0214686-0781-4cee-a1b4-c9b9dd831a30 {"type": "usd", "usd": 0.0}
2026-09-30 10:50:50 /background-jobs/3e7b0061-99ae-4031-91ce-e04d86f5a0d7 {"type": "usd", "usd": 0.0}
2026-09-30 10:50:51 /background-jobs/3acf34a7-ba9c-4842-b950-ad3acd8e1031 {"type": "usd", "usd": 0.0}
2026-09-30 10:50:51 /background-jobs/8e8d4c68-4dc5-40f7-a210-cef5c2029398 {"type": "usd", "usd": 0.0}
2026-09-30 10:50:54 /background-jobs/7c98dc23-280a-40b8-829d-8a3bb34f5d53 {"type": "usd", "usd": 0.0}
2026-09-30 10:50:55 /background-jobs/99b2271b-1b48-4cec-92db-0f9e4e24e7d2 {"type": "usd", "usd": 0.0}
2026-09-30 10:50:55 /background-jobs/c0214686-0781-4cee-a1b4-c9b9dd831a30 {"type": "usd", "usd": 0.0}
2026-09-30 10:50:55 /background-jobs/3e7b0061-99ae-4031-91ce-e04d86f5a0d7 {"type": "usd", "usd": 0.0}
2026-09-30 10:50:56 /background-jobs/3acf34a7-ba9c-4842-b950-ad3acd8e1031 {"type": "usd", "usd": 0.0}
2026-09-30 10:50:57 /background-jobs/154cae27-c93f-4c4f-8cbe-84b62bdd0013 {"type": "generations", "generations": 1.0}
2026-09-30 10:50:57 /background-jobs/8e8d4c68-4dc5-40f7-a210-cef5c2029398 {"type": "usd", "usd": 0.0}
2026-09-30 10:51:00 /background-jobs/7c98dc23-280a-40b8-829d-8a3bb34f5d53 {"type": "usd", "usd": 0.0}
2026-09-30 10:51:01 /background-jobs/99b2271b-1b48-4cec-92db-0f9e4e24e7d2 {"type": "usd", "usd": 0.0}
2026-09-30 10:51:01 /background-jobs/c0214686-0781-4cee-a1b4-c9b9dd831a30 {"type": "usd", "usd": 0.0}
2026-09-30 10:51:01 /background-jobs/3e7b0061-99ae-4031-91ce-e04d86f5a0d7 {"type": "usd", "usd": 0.0}
2026-09-30 10:51:02 /background-jobs/3acf34a7-ba9c-4842-b950-ad3acd8e1031 {"type": "usd", "usd": 0.0}
2026-09-30 10:51:03 /background-jobs/8e8d4c68-4dc5-40f7-a210-cef5c2029398 {"type": "usd", "usd": 0.0}
2026-09-30 10:51:05 /background-jobs/9e90786f-5407-44d9-9c5d-5ebfd202b575 {"type": "usd", "usd": 0.0}
2026-09-30 10:51:06 /background-jobs/7c98dc23-280a-40b8-829d-8a3bb34f5d53 {"type": "usd", "usd": 0.0}
2026-09-30 10:51:06 /background-jobs/99b2271b-1b48-4cec-92db-0f9e4e24e7d2 {"type": "usd", "usd": 0.0}
2026-09-30 10:51:07 /background-jobs/c0214686-0781-4cee-a1b4-c9b9dd831a30 {"type": "usd", "usd": 0.0}
2026-09-30 10:51:07 /background-jobs/3e7b0061-99ae-4031-91ce-e04d86f5a0d7 {"type": "usd", "usd": 0.0}
2026-09-30 10:51:09 /background-jobs/8e8d4c68-4dc5-40f7-a210-cef5c2029398 {"type": "usd", "usd": 0.0}
2026-09-30 10:51:09 /background-jobs/3acf34a7-ba9c-4842-b950-ad3acd8e1031 {"type": "usd", "usd": 0.0}
2026-09-30 10:51:10 /background-jobs/9e90786f-5407-44d9-9c5d-5ebfd202b575 {"type": "usd", "usd": 0.0}
2026-09-30 10:51:11 /background-jobs/7c98dc23-280a-40b8-829d-8a3bb34f5d53 {"type": "usd", "usd": 0.0}
2026-09-30 10:51:12 /background-jobs/99b2271b-1b48-4cec-92db-0f9e4e24e7d2 {"type": "usd", "usd": 0.0}
2026-09-30 10:51:12 /background-jobs/c0214686-0781-4cee-a1b4-c9b9dd831a30 {"type": "usd", "usd": 0.0}
2026-09-30 10:51:12 /background-jobs/3e7b0061-99ae-4031-91ce-e04d86f5a0d7 {"type": "usd", "usd": 0.0}
2026-09-30 10:51:15 /background-jobs/8e8d4c68-4dc5-40f7-a210-cef5c2029398 {"type": "usd", "usd": 0.0}
2026-09-30 10:51:15 /background-jobs/3acf34a7-ba9c-4842-b950-ad3acd8e1031 {"type": "usd", "usd": 0.0}
2026-09-30 10:51:16 /background-jobs/9e90786f-5407-44d9-9c5d-5ebfd202b575 {"type": "usd", "usd": 0.0}
2026-09-30 10:51:17 /background-jobs/7c98dc23-280a-40b8-829d-8a3bb34f5d53 {"type": "usd", "usd": 0.0}
2026-09-30 10:51:18 /background-jobs/99b2271b-1b48-4cec-92db-0f9e4e24e7d2 {"type": "usd", "usd": 0.0}
2026-09-30 10:51:18 /background-jobs/c0214686-0781-4cee-a1b4-c9b9dd831a30 {"type": "usd", "usd": 0.0}
2026-09-30 10:51:18 /background-jobs/3e7b0061-99ae-4031-91ce-e04d86f5a0d7 {"type": "usd", "usd": 0.0}
2026-09-30 10:51:20 /background-jobs/8e8d4c68-4dc5-40f7-a210-cef5c2029398 {"type": "usd", "usd": 0.0}
2026-09-30 10:51:21 /background-jobs/3acf34a7-ba9c-4842-b950-ad3acd8e1031 {"type": "usd", "usd": 0.0}
2026-09-30 10:51:22 /background-jobs/9e90786f-5407-44d9-9c5d-5ebfd202b575 {"type": "usd", "usd": 0.0}
2026-09-30 10:51:22 /background-jobs/7c98dc23-280a-40b8-829d-8a3bb34f5d53 {"type": "usd", "usd": 0.0}
2026-09-30 10:51:23 /background-jobs/99b2271b-1b48-4cec-92db-0f9e4e24e7d2 {"type": "usd", "usd": 0.0}
2026-09-30 10:51:24 /background-jobs/c0214686-0781-4cee-a1b4-c9b9dd831a30 {"type": "usd", "usd": 0.0}
2026-09-30 10:51:24 /background-jobs/3e7b0061-99ae-4031-91ce-e04d86f5a0d7 {"type": "usd", "usd": 0.0}
2026-09-30 10:51:26 /background-jobs/8e8d4c68-4dc5-40f7-a210-cef5c2029398 {"type": "usd", "usd": 0.0}
2026-09-30 10:51:27 /background-jobs/3acf34a7-ba9c-4842-b950-ad3acd8e1031 {"type": "usd", "usd": 0.0}
2026-09-30 10:51:27 /background-jobs/9e90786f-5407-44d9-9c5d-5ebfd202b575 {"type": "usd", "usd": 0.0}
2026-09-30 10:51:28 /background-jobs/7c98dc23-280a-40b8-829d-8a3bb34f5d53 {"type": "usd", "usd": 0.0}
2026-09-30 10:51:29 /background-jobs/99b2271b-1b48-4cec-92db-0f9e4e24e7d2 {"type": "usd", "usd": 0.0}
2026-09-30 10:51:29 /background-jobs/c0214686-0781-4cee-a1b4-c9b9dd831a30 {"type": "usd", "usd": 0.0}
2026-09-30 10:51:30 /background-jobs/3e7b0061-99ae-4031-91ce-e04d86f5a0d7 {"type": "usd", "usd": 0.0}
2026-09-30 10:51:32 /background-jobs/8e8d4c68-4dc5-40f7-a210-cef5c2029398 {"type": "usd", "usd": 0.0}
2026-09-30 10:51:32 /background-jobs/3acf34a7-ba9c-4842-b950-ad3acd8e1031 {"type": "usd", "usd": 0.0}
2026-09-30 10:51:33 /background-jobs/9e90786f-5407-44d9-9c5d-5ebfd202b575 {"type": "usd", "usd": 0.0}
2026-09-30 10:51:34 /background-jobs/7c98dc23-280a-40b8-829d-8a3bb34f5d53 {"type": "usd", "usd": 0.0}
2026-09-30 10:51:35 /background-jobs/99b2271b-1b48-4cec-92db-0f9e4e24e7d2 {"type": "usd", "usd": 0.0}
2026-09-30 10:51:35 /background-jobs/c0214686-0781-4cee-a1b4-c9b9dd831a30 {"type": "usd", "usd": 0.0}
2026-09-30 10:51:35 /background-jobs/3e7b0061-99ae-4031-91ce-e04d86f5a0d7 {"type": "usd", "usd": 0.0}
2026-09-30 10:51:37 /background-jobs/8e8d4c68-4dc5-40f7-a210-cef5c2029398 {"type": "usd", "usd": 0.0}
2026-09-30 10:51:39 /background-jobs/9e90786f-5407-44d9-9c5d-5ebfd202b575 {"type": "usd", "usd": 0.0}
2026-09-30 10:51:40 /background-jobs/7c98dc23-280a-40b8-829d-8a3bb34f5d53 {"type": "usd", "usd": 0.0}
2026-09-30 10:51:40 /background-jobs/99b2271b-1b48-4cec-92db-0f9e4e24e7d2 {"type": "usd", "usd": 0.0}
2026-09-30 10:51:41 /background-jobs/c0214686-0781-4cee-a1b4-c9b9dd831a30 {"type": "usd", "usd": 0.0}
2026-09-30 10:51:41 /background-jobs/3e7b0061-99ae-4031-91ce-e04d86f5a0d7 {"type": "usd", "usd": 0.0}
2026-09-30 10:51:43 /background-jobs/8e8d4c68-4dc5-40f7-a210-cef5c2029398 {"type": "usd", "usd": 0.0}
2026-09-30 10:51:44 /background-jobs/3acf34a7-ba9c-4842-b950-ad3acd8e1031 {"type": "usd", "usd": 0.0}
2026-09-30 10:51:45 /background-jobs/9e90786f-5407-44d9-9c5d-5ebfd202b575 {"type": "usd", "usd": 0.0}
2026-09-30 10:51:45 /background-jobs/7c98dc23-280a-40b8-829d-8a3bb34f5d53 {"type": "usd", "usd": 0.0}
2026-09-30 10:51:46 /background-jobs/99b2271b-1b48-4cec-92db-0f9e4e24e7d2 {"type": "usd", "usd": 0.0}
2026-09-30 10:51:46 /background-jobs/c0214686-0781-4cee-a1b4-c9b9dd831a30 {"type": "usd", "usd": 0.0}
2026-09-30 10:51:47 /background-jobs/3e7b0061-99ae-4031-91ce-e04d86f5a0d7 {"type": "usd", "usd": 0.0}
2026-09-30 10:51:49 /background-jobs/8e8d4c68-4dc5-40f7-a210-cef5c2029398 {"type": "usd", "usd": 0.0}
2026-09-30 10:51:51 /background-jobs/7c98dc23-280a-40b8-829d-8a3bb34f5d53 {"type": "usd", "usd": 0.0}
2026-09-30 10:51:51 /background-jobs/3acf34a7-ba9c-4842-b950-ad3acd8e1031 {"type": "usd", "usd": 0.0}
2026-09-30 10:51:51 /background-jobs/9e90786f-5407-44d9-9c5d-5ebfd202b575 {"type": "usd", "usd": 0.0}
2026-09-30 10:51:52 /background-jobs/99b2271b-1b48-4cec-92db-0f9e4e24e7d2 {"type": "usd", "usd": 0.0}
2026-09-30 10:51:52 /background-jobs/c0214686-0781-4cee-a1b4-c9b9dd831a30 {"type": "usd", "usd": 0.0}
2026-09-30 10:51:53 /background-jobs/3e7b0061-99ae-4031-91ce-e04d86f5a0d7 {"type": "usd", "usd": 0.0}
2026-09-30 10:51:54 /background-jobs/8e8d4c68-4dc5-40f7-a210-cef5c2029398 {"type": "usd", "usd": 0.0}
2026-09-30 10:51:56 /background-jobs/7c98dc23-280a-40b8-829d-8a3bb34f5d53 {"type": "usd", "usd": 0.0}
2026-09-30 10:51:56 /background-jobs/3acf34a7-ba9c-4842-b950-ad3acd8e1031 {"type": "usd", "usd": 0.0}
2026-09-30 10:51:57 /background-jobs/9e90786f-5407-44d9-9c5d-5ebfd202b575 {"type": "usd", "usd": 0.0}
2026-09-30 10:51:58 /background-jobs/c0214686-0781-4cee-a1b4-c9b9dd831a30 {"type": "usd", "usd": 0.0}
2026-09-30 10:51:58 /background-jobs/99b2271b-1b48-4cec-92db-0f9e4e24e7d2 {"type": "usd", "usd": 0.0}
2026-09-30 10:51:58 /background-jobs/3e7b0061-99ae-4031-91ce-e04d86f5a0d7 {"type": "usd", "usd": 0.0}
2026-09-30 10:52:00 /background-jobs/8e8d4c68-4dc5-40f7-a210-cef5c2029398 {"type": "usd", "usd": 0.0}
2026-09-30 10:52:02 /background-jobs/7c98dc23-280a-40b8-829d-8a3bb34f5d53 {"type": "usd", "usd": 0.0}
2026-09-30 10:52:02 /background-jobs/3acf34a7-ba9c-4842-b950-ad3acd8e1031 {"type": "usd", "usd": 0.0}
2026-09-30 10:52:03 /background-jobs/9e90786f-5407-44d9-9c5d-5ebfd202b575 {"type": "usd", "usd": 0.0}
2026-09-30 10:52:04 /background-jobs/99b2271b-1b48-4cec-92db-0f9e4e24e7d2 {"type": "usd", "usd": 0.0}
2026-09-30 10:52:05 /background-jobs/c0214686-0781-4cee-a1b4-c9b9dd831a30 {"type": "usd", "usd": 0.0}
2026-09-30 10:52:06 /background-jobs/8e8d4c68-4dc5-40f7-a210-cef5c2029398 {"type": "usd", "usd": 0.0}
2026-09-30 10:52:06 /background-jobs/3e7b0061-99ae-4031-91ce-e04d86f5a0d7 {"type": "usd", "usd": 0.0}
2026-09-30 10:52:08 /background-jobs/7c98dc23-280a-40b8-829d-8a3bb34f5d53 {"type": "usd", "usd": 0.0}
2026-09-30 10:52:08 /background-jobs/3acf34a7-ba9c-4842-b950-ad3acd8e1031 {"type": "usd", "usd": 0.0}
2026-09-30 10:52:08 /background-jobs/9e90786f-5407-44d9-9c5d-5ebfd202b575 {"type": "usd", "usd": 0.0}
2026-09-30 10:52:09 /background-jobs/99b2271b-1b48-4cec-92db-0f9e4e24e7d2 {"type": "usd", "usd": 0.0}
2026-09-30 10:52:10 /background-jobs/c0214686-0781-4cee-a1b4-c9b9dd831a30 {"type": "usd", "usd": 0.0}
2026-09-30 10:52:11 /background-jobs/8e8d4c68-4dc5-40f7-a210-cef5c2029398 {"type": "usd", "usd": 0.0}
2026-09-30 10:52:12 /background-jobs/3e7b0061-99ae-4031-91ce-e04d86f5a0d7 {"type": "usd", "usd": 0.0}
2026-09-30 10:52:13 /background-jobs/7c98dc23-280a-40b8-829d-8a3bb34f5d53 {"type": "usd", "usd": 0.0}
2026-09-30 10:52:14 /background-jobs/3acf34a7-ba9c-4842-b950-ad3acd8e1031 {"type": "usd", "usd": 0.0}
2026-09-30 10:52:14 /background-jobs/9e90786f-5407-44d9-9c5d-5ebfd202b575 {"type": "usd", "usd": 0.0}
2026-09-30 10:52:15 /background-jobs/99b2271b-1b48-4cec-92db-0f9e4e24e7d2 {"type": "usd", "usd": 0.0}
2026-09-30 10:52:16 /background-jobs/c0214686-0781-4cee-a1b4-c9b9dd831a30 {"type": "usd", "usd": 0.0}
2026-09-30 10:52:17 /background-jobs/8e8d4c68-4dc5-40f7-a210-cef5c2029398 {"type": "usd", "usd": 0.0}
2026-09-30 10:52:18 /background-jobs/3e7b0061-99ae-4031-91ce-e04d86f5a0d7 {"type": "usd", "usd": 0.0}
2026-09-30 10:52:19 /background-jobs/7c98dc23-280a-40b8-829d-8a3bb34f5d53 {"type": "usd", "usd": 0.0}
2026-09-30 10:52:19 /background-jobs/3acf34a7-ba9c-4842-b950-ad3acd8e1031 {"type": "usd", "usd": 0.0}
2026-09-30 10:52:20 /background-jobs/9e90786f-5407-44d9-9c5d-5ebfd202b575 {"type": "usd", "usd": 0.0}
2026-09-30 10:52:21 /background-jobs/99b2271b-1b48-4cec-92db-0f9e4e24e7d2 {"type": "usd", "usd": 0.0}
2026-09-30 10:52:22 /background-jobs/c0214686-0781-4cee-a1b4-c9b9dd831a30 {"type": "usd", "usd": 0.0}
2026-09-30 10:52:23 /background-jobs/8e8d4c68-4dc5-40f7-a210-cef5c2029398 {"type": "usd", "usd": 0.0}
2026-09-30 10:52:23 /background-jobs/3e7b0061-99ae-4031-91ce-e04d86f5a0d7 {"type": "usd", "usd": 0.0}
2026-09-30 10:52:25 /background-jobs/7c98dc23-280a-40b8-829d-8a3bb34f5d53 {"type": "usd", "usd": 0.0}
2026-09-30 10:52:25 /background-jobs/3acf34a7-ba9c-4842-b950-ad3acd8e1031 {"type": "usd", "usd": 0.0}
2026-09-30 10:52:25 /background-jobs/9e90786f-5407-44d9-9c5d-5ebfd202b575 {"type": "usd", "usd": 0.0}
2026-09-30 10:52:27 /background-jobs/99b2271b-1b48-4cec-92db-0f9e4e24e7d2 {"type": "usd", "usd": 0.0}
2026-09-30 10:52:27 /background-jobs/c0214686-0781-4cee-a1b4-c9b9dd831a30 {"type": "usd", "usd": 0.0}
2026-09-30 10:52:28 /background-jobs/8e8d4c68-4dc5-40f7-a210-cef5c2029398 {"type": "usd", "usd": 0.0}
2026-09-30 10:52:29 /background-jobs/3e7b0061-99ae-4031-91ce-e04d86f5a0d7 {"type": "usd", "usd": 0.0}
2026-09-30 10:52:31 /background-jobs/3acf34a7-ba9c-4842-b950-ad3acd8e1031 {"type": "usd", "usd": 0.0}
2026-09-30 10:52:31 /background-jobs/7c98dc23-280a-40b8-829d-8a3bb34f5d53 {"type": "usd", "usd": 0.0}
2026-09-30 10:52:31 /background-jobs/9e90786f-5407-44d9-9c5d-5ebfd202b575 {"type": "usd", "usd": 0.0}
2026-09-30 10:52:32 /background-jobs/99b2271b-1b48-4cec-92db-0f9e4e24e7d2 {"type": "usd", "usd": 0.0}
2026-09-30 10:52:33 /background-jobs/c0214686-0781-4cee-a1b4-c9b9dd831a30 {"type": "usd", "usd": 0.0}
2026-09-30 10:52:34 /background-jobs/8e8d4c68-4dc5-40f7-a210-cef5c2029398 {"type": "usd", "usd": 0.0}
2026-09-30 10:52:35 /background-jobs/3e7b0061-99ae-4031-91ce-e04d86f5a0d7 {"type": "usd", "usd": 0.0}
2026-09-30 10:52:36 /background-jobs/3acf34a7-ba9c-4842-b950-ad3acd8e1031 {"type": "usd", "usd": 0.0}
2026-09-30 10:52:36 /background-jobs/7c98dc23-280a-40b8-829d-8a3bb34f5d53 {"type": "usd", "usd": 0.0}
2026-09-30 10:52:37 /background-jobs/9e90786f-5407-44d9-9c5d-5ebfd202b575 {"type": "usd", "usd": 0.0}
2026-09-30 10:52:38 /background-jobs/99b2271b-1b48-4cec-92db-0f9e4e24e7d2 {"type": "usd", "usd": 0.0}
2026-09-30 10:52:39 /background-jobs/c0214686-0781-4cee-a1b4-c9b9dd831a30 {"type": "usd", "usd": 0.0}
2026-09-30 10:52:40 /background-jobs/8e8d4c68-4dc5-40f7-a210-cef5c2029398 {"type": "usd", "usd": 0.0}
2026-09-30 10:52:40 /background-jobs/3e7b0061-99ae-4031-91ce-e04d86f5a0d7 {"type": "usd", "usd": 0.0}
2026-09-30 10:52:42 /background-jobs/7c98dc23-280a-40b8-829d-8a3bb34f5d53 {"type": "usd", "usd": 0.0}
2026-09-30 10:52:42 /background-jobs/3acf34a7-ba9c-4842-b950-ad3acd8e1031 {"type": "usd", "usd": 0.0}
2026-09-30 10:52:42 /background-jobs/9e90786f-5407-44d9-9c5d-5ebfd202b575 {"type": "usd", "usd": 0.0}
2026-09-30 10:52:44 /background-jobs/99b2271b-1b48-4cec-92db-0f9e4e24e7d2 {"type": "usd", "usd": 0.0}
2026-09-30 10:52:44 /background-jobs/c0214686-0781-4cee-a1b4-c9b9dd831a30 {"type": "usd", "usd": 0.0}
2026-09-30 10:52:45 /background-jobs/8e8d4c68-4dc5-40f7-a210-cef5c2029398 {"type": "usd", "usd": 0.0}
2026-09-30 10:52:46 /background-jobs/3e7b0061-99ae-4031-91ce-e04d86f5a0d7 {"type": "usd", "usd": 0.0}
2026-09-30 10:52:48 /background-jobs/7c98dc23-280a-40b8-829d-8a3bb34f5d53 {"type": "usd", "usd": 0.0}
2026-09-30 10:52:48 /background-jobs/9e90786f-5407-44d9-9c5d-5ebfd202b575 {"type": "usd", "usd": 0.0}
2026-09-30 10:52:48 /background-jobs/3acf34a7-ba9c-4842-b950-ad3acd8e1031 {"type": "usd", "usd": 0.0}
2026-09-30 10:52:49 /background-jobs/99b2271b-1b48-4cec-92db-0f9e4e24e7d2 {"type": "usd", "usd": 0.0}
2026-09-30 10:52:50 /background-jobs/c0214686-0781-4cee-a1b4-c9b9dd831a30 {"type": "usd", "usd": 0.0}
2026-09-30 10:52:51 /background-jobs/8e8d4c68-4dc5-40f7-a210-cef5c2029398 {"type": "usd", "usd": 0.0}
2026-09-30 10:52:52 /background-jobs/3e7b0061-99ae-4031-91ce-e04d86f5a0d7 {"type": "usd", "usd": 0.0}
2026-09-30 10:52:53 /background-jobs/9e90786f-5407-44d9-9c5d-5ebfd202b575 {"type": "usd", "usd": 0.0}
2026-09-30 10:52:53 /background-jobs/7c98dc23-280a-40b8-829d-8a3bb34f5d53 {"type": "usd", "usd": 0.0}
2026-09-30 10:52:54 /background-jobs/3acf34a7-ba9c-4842-b950-ad3acd8e1031 {"type": "usd", "usd": 0.0}
2026-09-30 10:52:55 /background-jobs/99b2271b-1b48-4cec-92db-0f9e4e24e7d2 {"type": "usd", "usd": 0.0}
2026-09-30 10:52:56 /background-jobs/c0214686-0781-4cee-a1b4-c9b9dd831a30 {"type": "usd", "usd": 0.0}
2026-09-30 10:52:57 /background-jobs/8e8d4c68-4dc5-40f7-a210-cef5c2029398 {"type": "usd", "usd": 0.0}
2026-09-30 10:52:57 /background-jobs/3e7b0061-99ae-4031-91ce-e04d86f5a0d7 {"type": "usd", "usd": 0.0}
2026-09-30 10:52:59 /background-jobs/7c98dc23-280a-40b8-829d-8a3bb34f5d53 {"type": "usd", "usd": 0.0}
2026-09-30 10:52:59 /background-jobs/9e90786f-5407-44d9-9c5d-5ebfd202b575 {"type": "usd", "usd": 0.0}
2026-09-30 10:52:59 /background-jobs/3acf34a7-ba9c-4842-b950-ad3acd8e1031 {"type": "usd", "usd": 0.0}
2026-09-30 10:53:01 /background-jobs/99b2271b-1b48-4cec-92db-0f9e4e24e7d2 {"type": "usd", "usd": 0.0}
2026-09-30 10:53:01 /background-jobs/c0214686-0781-4cee-a1b4-c9b9dd831a30 {"type": "usd", "usd": 0.0}
2026-09-30 10:53:02 /background-jobs/8e8d4c68-4dc5-40f7-a210-cef5c2029398 {"type": "usd", "usd": 0.0}
2026-09-30 10:53:03 /background-jobs/3e7b0061-99ae-4031-91ce-e04d86f5a0d7 {"type": "usd", "usd": 0.0}
2026-09-30 10:53:05 /background-jobs/7c98dc23-280a-40b8-829d-8a3bb34f5d53 {"type": "usd", "usd": 0.0}
2026-09-30 10:53:05 /background-jobs/9e90786f-5407-44d9-9c5d-5ebfd202b575 {"type": "usd", "usd": 0.0}
2026-09-30 10:53:05 /background-jobs/3acf34a7-ba9c-4842-b950-ad3acd8e1031 {"type": "usd", "usd": 0.0}
2026-09-30 10:53:06 /background-jobs/99b2271b-1b48-4cec-92db-0f9e4e24e7d2 {"type": "usd", "usd": 0.0}
2026-09-30 10:53:07 /background-jobs/c0214686-0781-4cee-a1b4-c9b9dd831a30 {"type": "usd", "usd": 0.0}
2026-09-30 10:53:08 /background-jobs/8e8d4c68-4dc5-40f7-a210-cef5c2029398 {"type": "usd", "usd": 0.0}
2026-09-30 10:53:09 /background-jobs/3e7b0061-99ae-4031-91ce-e04d86f5a0d7 {"type": "usd", "usd": 0.0}
2026-09-30 10:53:10 /background-jobs/7c98dc23-280a-40b8-829d-8a3bb34f5d53 {"type": "usd", "usd": 0.0}
2026-09-30 10:53:11 /background-jobs/9e90786f-5407-44d9-9c5d-5ebfd202b575 {"type": "usd", "usd": 0.0}
2026-09-30 10:53:11 /background-jobs/3acf34a7-ba9c-4842-b950-ad3acd8e1031 {"type": "usd", "usd": 0.0}
2026-09-30 10:53:12 /background-jobs/99b2271b-1b48-4cec-92db-0f9e4e24e7d2 {"type": "usd", "usd": 0.0}
2026-09-30 10:53:13 /background-jobs/c0214686-0781-4cee-a1b4-c9b9dd831a30 {"type": "usd", "usd": 0.0}
2026-09-30 10:53:14 /background-jobs/8e8d4c68-4dc5-40f7-a210-cef5c2029398 {"type": "usd", "usd": 0.0}
2026-09-30 10:53:16 /background-jobs/7c98dc23-280a-40b8-829d-8a3bb34f5d53 {"type": "usd", "usd": 0.0}
2026-09-30 10:53:16 /background-jobs/3acf34a7-ba9c-4842-b950-ad3acd8e1031 {"type": "usd", "usd": 0.0}
2026-09-30 10:53:16 /background-jobs/3e7b0061-99ae-4031-91ce-e04d86f5a0d7 {"type": "usd", "usd": 0.0}
2026-09-30 10:53:17 /background-jobs/9e90786f-5407-44d9-9c5d-5ebfd202b575 {"type": "usd", "usd": 0.0}
2026-09-30 10:53:18 /background-jobs/99b2271b-1b48-4cec-92db-0f9e4e24e7d2 {"type": "usd", "usd": 0.0}
2026-09-30 10:53:19 /background-jobs/c0214686-0781-4cee-a1b4-c9b9dd831a30 {"type": "usd", "usd": 0.0}
2026-09-30 10:53:19 /background-jobs/8e8d4c68-4dc5-40f7-a210-cef5c2029398 {"type": "usd", "usd": 0.0}
2026-09-30 10:53:22 /background-jobs/7c98dc23-280a-40b8-829d-8a3bb34f5d53 {"type": "usd", "usd": 0.0}
2026-09-30 10:53:22 /background-jobs/3acf34a7-ba9c-4842-b950-ad3acd8e1031 {"type": "usd", "usd": 0.0}
2026-09-30 10:53:22 /background-jobs/3e7b0061-99ae-4031-91ce-e04d86f5a0d7 {"type": "usd", "usd": 0.0}
2026-09-30 10:53:22 /background-jobs/9e90786f-5407-44d9-9c5d-5ebfd202b575 {"type": "usd", "usd": 0.0}
2026-09-30 10:53:23 /background-jobs/99b2271b-1b48-4cec-92db-0f9e4e24e7d2 {"type": "usd", "usd": 0.0}
2026-09-30 10:53:25 /background-jobs/c0214686-0781-4cee-a1b4-c9b9dd831a30 {"type": "usd", "usd": 0.0}
2026-09-30 10:53:25 /background-jobs/8e8d4c68-4dc5-40f7-a210-cef5c2029398 {"type": "usd", "usd": 0.0}
2026-09-30 10:53:27 /background-jobs/7c98dc23-280a-40b8-829d-8a3bb34f5d53 {"type": "usd", "usd": 0.0}
2026-09-30 10:53:28 /background-jobs/3acf34a7-ba9c-4842-b950-ad3acd8e1031 {"type": "usd", "usd": 0.0}
2026-09-30 10:53:28 /background-jobs/3e7b0061-99ae-4031-91ce-e04d86f5a0d7 {"type": "usd", "usd": 0.0}
2026-09-30 10:53:28 /background-jobs/9e90786f-5407-44d9-9c5d-5ebfd202b575 {"type": "usd", "usd": 0.0}
2026-09-30 10:53:29 /background-jobs/99b2271b-1b48-4cec-92db-0f9e4e24e7d2 {"type": "usd", "usd": 0.0}
2026-09-30 10:53:31 /background-jobs/c0214686-0781-4cee-a1b4-c9b9dd831a30 {"type": "usd", "usd": 0.0}
2026-09-30 10:53:31 /background-jobs/8e8d4c68-4dc5-40f7-a210-cef5c2029398 {"type": "usd", "usd": 0.0}
2026-09-30 10:53:33 /background-jobs/3acf34a7-ba9c-4842-b950-ad3acd8e1031 {"type": "usd", "usd": 0.0}
2026-09-30 10:53:34 /background-jobs/3e7b0061-99ae-4031-91ce-e04d86f5a0d7 {"type": "usd", "usd": 0.0}
2026-09-30 10:53:34 /background-jobs/7c98dc23-280a-40b8-829d-8a3bb34f5d53 {"type": "usd", "usd": 0.0}
2026-09-30 10:53:34 /background-jobs/9e90786f-5407-44d9-9c5d-5ebfd202b575 {"type": "usd", "usd": 0.0}
2026-09-30 10:53:35 /background-jobs/99b2271b-1b48-4cec-92db-0f9e4e24e7d2 {"type": "usd", "usd": 0.0}
2026-09-30 10:53:36 /background-jobs/c0214686-0781-4cee-a1b4-c9b9dd831a30 {"type": "usd", "usd": 0.0}
2026-09-30 10:53:36 /background-jobs/8e8d4c68-4dc5-40f7-a210-cef5c2029398 {"type": "usd", "usd": 0.0}
2026-09-30 10:53:39 /background-jobs/3acf34a7-ba9c-4842-b950-ad3acd8e1031 {"type": "usd", "usd": 0.0}
2026-09-30 10:53:40 /background-jobs/3e7b0061-99ae-4031-91ce-e04d86f5a0d7 {"type": "usd", "usd": 0.0}
2026-09-30 10:53:40 /background-jobs/99b2271b-1b48-4cec-92db-0f9e4e24e7d2 {"type": "usd", "usd": 0.0}
2026-09-30 10:53:41 /background-jobs/9e90786f-5407-44d9-9c5d-5ebfd202b575 {"type": "usd", "usd": 0.0}
2026-09-30 10:53:42 /background-jobs/7c98dc23-280a-40b8-829d-8a3bb34f5d53 {"type": "usd", "usd": 0.0}
2026-09-30 10:53:42 /background-jobs/c0214686-0781-4cee-a1b4-c9b9dd831a30 {"type": "usd", "usd": 0.0}
2026-09-30 10:53:42 /background-jobs/8e8d4c68-4dc5-40f7-a210-cef5c2029398 {"type": "usd", "usd": 0.0}
2026-09-30 10:53:46 /background-jobs/3acf34a7-ba9c-4842-b950-ad3acd8e1031 {"type": "usd", "usd": 0.0}
2026-09-30 10:53:46 /background-jobs/3e7b0061-99ae-4031-91ce-e04d86f5a0d7 {"type": "usd", "usd": 0.0}
2026-09-30 10:53:46 /background-jobs/99b2271b-1b48-4cec-92db-0f9e4e24e7d2 {"type": "usd", "usd": 0.0}
2026-09-30 10:53:47 /background-jobs/9e90786f-5407-44d9-9c5d-5ebfd202b575 {"type": "usd", "usd": 0.0}
2026-09-30 10:53:47 /background-jobs/7c98dc23-280a-40b8-829d-8a3bb34f5d53 {"type": "usd", "usd": 0.0}
2026-09-30 10:53:48 /background-jobs/c0214686-0781-4cee-a1b4-c9b9dd831a30 {"type": "usd", "usd": 0.0}
2026-09-30 10:53:48 /background-jobs/8e8d4c68-4dc5-40f7-a210-cef5c2029398 {"type": "usd", "usd": 0.0}
2026-09-30 10:53:52 /background-jobs/3acf34a7-ba9c-4842-b950-ad3acd8e1031 {"type": "usd", "usd": 0.0}
2026-09-30 10:53:52 /background-jobs/99b2271b-1b48-4cec-92db-0f9e4e24e7d2 {"type": "usd", "usd": 0.0}
2026-09-30 10:53:52 /background-jobs/3e7b0061-99ae-4031-91ce-e04d86f5a0d7 {"type": "usd", "usd": 0.0}
2026-09-30 10:53:53 /background-jobs/9e90786f-5407-44d9-9c5d-5ebfd202b575 {"type": "usd", "usd": 0.0}
2026-09-30 10:53:53 /background-jobs/7c98dc23-280a-40b8-829d-8a3bb34f5d53 {"type": "usd", "usd": 0.0}
2026-09-30 10:53:53 /background-jobs/c0214686-0781-4cee-a1b4-c9b9dd831a30 {"type": "usd", "usd": 0.0}
2026-09-30 10:53:53 /background-jobs/8e8d4c68-4dc5-40f7-a210-cef5c2029398 {"type": "usd", "usd": 0.0}
2026-09-30 10:53:57 /background-jobs/3acf34a7-ba9c-4842-b950-ad3acd8e1031 {"type": "usd", "usd": 0.0}
2026-09-30 10:53:57 /background-jobs/99b2271b-1b48-4cec-92db-0f9e4e24e7d2 {"type": "usd", "usd": 0.0}
2026-09-30 10:53:57 /background-jobs/3e7b0061-99ae-4031-91ce-e04d86f5a0d7 {"type": "usd", "usd": 0.0}
2026-09-30 10:53:58 /background-jobs/9e90786f-5407-44d9-9c5d-5ebfd202b575 {"type": "usd", "usd": 0.0}
2026-09-30 10:53:59 /background-jobs/7c98dc23-280a-40b8-829d-8a3bb34f5d53 {"type": "usd", "usd": 0.0}
2026-09-30 10:53:59 /background-jobs/c0214686-0781-4cee-a1b4-c9b9dd831a30 {"type": "usd", "usd": 0.0}
2026-09-30 10:54:00 /background-jobs/8e8d4c68-4dc5-40f7-a210-cef5c2029398 {"type": "usd", "usd": 0.0}
2026-09-30 10:54:03 /background-jobs/3acf34a7-ba9c-4842-b950-ad3acd8e1031 {"type": "usd", "usd": 0.0}
2026-09-30 10:54:03 /background-jobs/99b2271b-1b48-4cec-92db-0f9e4e24e7d2 {"type": "usd", "usd": 0.0}
2026-09-30 10:54:04 /background-jobs/3e7b0061-99ae-4031-91ce-e04d86f5a0d7 {"type": "usd", "usd": 0.0}
2026-09-30 10:54:04 /background-jobs/9e90786f-5407-44d9-9c5d-5ebfd202b575 {"type": "usd", "usd": 0.0}
2026-09-30 10:54:04 /background-jobs/7c98dc23-280a-40b8-829d-8a3bb34f5d53 {"type": "usd", "usd": 0.0}
2026-09-30 10:54:05 /background-jobs/c0214686-0781-4cee-a1b4-c9b9dd831a30 {"type": "usd", "usd": 0.0}
2026-09-30 10:54:05 /background-jobs/8e8d4c68-4dc5-40f7-a210-cef5c2029398 {"type": "usd", "usd": 0.0}
2026-09-30 10:54:09 /background-jobs/3acf34a7-ba9c-4842-b950-ad3acd8e1031 {"type": "usd", "usd": 0.0}
2026-09-30 10:54:09 /background-jobs/3e7b0061-99ae-4031-91ce-e04d86f5a0d7 {"type": "usd", "usd": 0.0}
2026-09-30 10:54:09 /background-jobs/99b2271b-1b48-4cec-92db-0f9e4e24e7d2 {"type": "usd", "usd": 0.0}
2026-09-30 10:54:10 /background-jobs/9e90786f-5407-44d9-9c5d-5ebfd202b575 {"type": "usd", "usd": 0.0}
2026-09-30 10:54:10 /background-jobs/7c98dc23-280a-40b8-829d-8a3bb34f5d53 {"type": "usd", "usd": 0.0}
2026-09-30 10:54:10 /background-jobs/c0214686-0781-4cee-a1b4-c9b9dd831a30 {"type": "usd", "usd": 0.0}
2026-09-30 10:54:11 /background-jobs/8e8d4c68-4dc5-40f7-a210-cef5c2029398 {"type": "usd", "usd": 0.0}
2026-09-30 10:54:15 /background-jobs/3acf34a7-ba9c-4842-b950-ad3acd8e1031 {"type": "usd", "usd": 0.0}
2026-09-30 10:54:15 /background-jobs/3e7b0061-99ae-4031-91ce-e04d86f5a0d7 {"type": "usd", "usd": 0.0}
2026-09-30 10:54:15 /background-jobs/99b2271b-1b48-4cec-92db-0f9e4e24e7d2 {"type": "usd", "usd": 0.0}
2026-09-30 10:54:15 /background-jobs/9e90786f-5407-44d9-9c5d-5ebfd202b575 {"type": "usd", "usd": 0.0}
2026-09-30 10:54:16 /background-jobs/7c98dc23-280a-40b8-829d-8a3bb34f5d53 {"type": "usd", "usd": 0.0}
2026-09-30 10:54:16 /background-jobs/c0214686-0781-4cee-a1b4-c9b9dd831a30 {"type": "usd", "usd": 0.0}
2026-09-30 10:54:17 /background-jobs/8e8d4c68-4dc5-40f7-a210-cef5c2029398 {"type": "usd", "usd": 0.0}
2026-09-30 10:54:20 /background-jobs/3acf34a7-ba9c-4842-b950-ad3acd8e1031 {"type": "usd", "usd": 0.0}
2026-09-30 10:54:20 /background-jobs/3e7b0061-99ae-4031-91ce-e04d86f5a0d7 {"type": "usd", "usd": 0.0}
2026-09-30 10:54:21 /background-jobs/99b2271b-1b48-4cec-92db-0f9e4e24e7d2 {"type": "usd", "usd": 0.0}
2026-09-30 10:54:21 /background-jobs/9e90786f-5407-44d9-9c5d-5ebfd202b575 {"type": "usd", "usd": 0.0}
2026-09-30 10:54:21 /background-jobs/c0214686-0781-4cee-a1b4-c9b9dd831a30 {"type": "usd", "usd": 0.0}
2026-09-30 10:54:21 /background-jobs/7c98dc23-280a-40b8-829d-8a3bb34f5d53 {"type": "usd", "usd": 0.0}
2026-09-30 10:54:22 /background-jobs/8e8d4c68-4dc5-40f7-a210-cef5c2029398 {"type": "usd", "usd": 0.0}
2026-09-30 10:54:27 /background-jobs/3acf34a7-ba9c-4842-b950-ad3acd8e1031 {"type": "usd", "usd": 0.0}
2026-09-30 10:54:27 /background-jobs/3e7b0061-99ae-4031-91ce-e04d86f5a0d7 {"type": "usd", "usd": 0.0}
2026-09-30 10:54:27 /background-jobs/7c98dc23-280a-40b8-829d-8a3bb34f5d53 {"type": "usd", "usd": 0.0}
2026-09-30 10:54:27 /background-jobs/9e90786f-5407-44d9-9c5d-5ebfd202b575 {"type": "usd", "usd": 0.0}
2026-09-30 10:54:28 /background-jobs/c0214686-0781-4cee-a1b4-c9b9dd831a30 {"type": "usd", "usd": 0.0}
2026-09-30 10:54:28 /background-jobs/8e8d4c68-4dc5-40f7-a210-cef5c2029398 {"type": "usd", "usd": 0.0}
2026-09-30 10:54:29 /background-jobs/99b2271b-1b48-4cec-92db-0f9e4e24e7d2 {"type": "usd", "usd": 0.0}
2026-09-30 10:54:32 /background-jobs/3acf34a7-ba9c-4842-b950-ad3acd8e1031 {"type": "usd", "usd": 0.0}
2026-09-30 10:54:33 /background-jobs/3e7b0061-99ae-4031-91ce-e04d86f5a0d7 {"type": "usd", "usd": 0.0}
2026-09-30 10:54:33 /background-jobs/7c98dc23-280a-40b8-829d-8a3bb34f5d53 {"type": "usd", "usd": 0.0}
2026-09-30 10:54:33 /background-jobs/9e90786f-5407-44d9-9c5d-5ebfd202b575 {"type": "usd", "usd": 0.0}
2026-09-30 10:54:34 /background-jobs/8e8d4c68-4dc5-40f7-a210-cef5c2029398 {"type": "usd", "usd": 0.0}
2026-09-30 10:54:34 /background-jobs/c0214686-0781-4cee-a1b4-c9b9dd831a30 {"type": "usd", "usd": 0.0}
2026-09-30 10:54:35 /background-jobs/99b2271b-1b48-4cec-92db-0f9e4e24e7d2 {"type": "usd", "usd": 0.0}
2026-09-30 10:54:38 /background-jobs/3acf34a7-ba9c-4842-b950-ad3acd8e1031 {"type": "usd", "usd": 0.0}
2026-09-30 10:54:38 /background-jobs/3e7b0061-99ae-4031-91ce-e04d86f5a0d7 {"type": "usd", "usd": 0.0}
2026-09-30 10:54:39 /background-jobs/7c98dc23-280a-40b8-829d-8a3bb34f5d53 {"type": "usd", "usd": 0.0}
2026-09-30 10:54:39 /background-jobs/9e90786f-5407-44d9-9c5d-5ebfd202b575 {"type": "usd", "usd": 0.0}
2026-09-30 10:54:39 /background-jobs/8e8d4c68-4dc5-40f7-a210-cef5c2029398 {"type": "usd", "usd": 0.0}
2026-09-30 10:54:40 /background-jobs/c0214686-0781-4cee-a1b4-c9b9dd831a30 {"type": "usd", "usd": 0.0}
2026-09-30 10:54:40 /background-jobs/99b2271b-1b48-4cec-92db-0f9e4e24e7d2 {"type": "usd", "usd": 0.0}
2026-09-30 10:54:44 /background-jobs/3acf34a7-ba9c-4842-b950-ad3acd8e1031 {"type": "usd", "usd": 0.0}
2026-09-30 10:54:44 /background-jobs/3e7b0061-99ae-4031-91ce-e04d86f5a0d7 {"type": "usd", "usd": 0.0}
2026-09-30 10:54:44 /background-jobs/7c98dc23-280a-40b8-829d-8a3bb34f5d53 {"type": "usd", "usd": 0.0}
2026-09-30 10:54:45 /background-jobs/9e90786f-5407-44d9-9c5d-5ebfd202b575 {"type": "usd", "usd": 0.0}
2026-09-30 10:54:45 /background-jobs/8e8d4c68-4dc5-40f7-a210-cef5c2029398 {"type": "usd", "usd": 0.0}
2026-09-30 10:54:46 /background-jobs/c0214686-0781-4cee-a1b4-c9b9dd831a30 {"type": "usd", "usd": 0.0}
2026-09-30 10:54:46 /background-jobs/99b2271b-1b48-4cec-92db-0f9e4e24e7d2 {"type": "usd", "usd": 0.0}
2026-09-30 10:54:50 /background-jobs/3acf34a7-ba9c-4842-b950-ad3acd8e1031 {"type": "usd", "usd": 0.0}
2026-09-30 10:54:50 /background-jobs/7c98dc23-280a-40b8-829d-8a3bb34f5d53 {"type": "usd", "usd": 0.0}
2026-09-30 10:54:51 /background-jobs/3e7b0061-99ae-4031-91ce-e04d86f5a0d7 {"type": "usd", "usd": 0.0}
2026-09-30 10:54:51 /background-jobs/9e90786f-5407-44d9-9c5d-5ebfd202b575 {"type": "usd", "usd": 0.0}
2026-09-30 10:54:51 /background-jobs/8e8d4c68-4dc5-40f7-a210-cef5c2029398 {"type": "usd", "usd": 0.0}
2026-09-30 10:54:52 /background-jobs/c0214686-0781-4cee-a1b4-c9b9dd831a30 {"type": "usd", "usd": 0.0}
2026-09-30 10:54:52 /background-jobs/99b2271b-1b48-4cec-92db-0f9e4e24e7d2 {"type": "usd", "usd": 0.0}
2026-09-30 10:54:55 /background-jobs/3acf34a7-ba9c-4842-b950-ad3acd8e1031 {"type": "usd", "usd": 0.0}
2026-09-30 10:54:56 /background-jobs/7c98dc23-280a-40b8-829d-8a3bb34f5d53 {"type": "usd", "usd": 0.0}
2026-09-30 10:54:56 /background-jobs/3e7b0061-99ae-4031-91ce-e04d86f5a0d7 {"type": "usd", "usd": 0.0}
2026-09-30 10:54:57 /background-jobs/9e90786f-5407-44d9-9c5d-5ebfd202b575 {"type": "usd", "usd": 0.0}
2026-09-30 10:54:57 /background-jobs/c0214686-0781-4cee-a1b4-c9b9dd831a30 {"type": "usd", "usd": 0.0}
2026-09-30 10:54:57 /background-jobs/8e8d4c68-4dc5-40f7-a210-cef5c2029398 {"type": "usd", "usd": 0.0}
2026-09-30 10:54:58 /background-jobs/99b2271b-1b48-4cec-92db-0f9e4e24e7d2 {"type": "usd", "usd": 0.0}
2026-09-30 10:55:02 /background-jobs/3e7b0061-99ae-4031-91ce-e04d86f5a0d7 {"type": "usd", "usd": 0.0}
2026-09-30 10:55:03 /background-jobs/9e90786f-5407-44d9-9c5d-5ebfd202b575 {"type": "usd", "usd": 0.0}
2026-09-30 10:55:03 /background-jobs/8e8d4c68-4dc5-40f7-a210-cef5c2029398 {"type": "usd", "usd": 0.0}
2026-09-30 10:55:03 /background-jobs/c0214686-0781-4cee-a1b4-c9b9dd831a30 {"type": "usd", "usd": 0.0}
2026-09-30 10:55:04 /background-jobs/7c98dc23-280a-40b8-829d-8a3bb34f5d53 {"type": "usd", "usd": 0.0}
2026-09-30 10:55:05 /background-jobs/99b2271b-1b48-4cec-92db-0f9e4e24e7d2 {"type": "usd", "usd": 0.0}
2026-09-30 10:55:08 /background-jobs/3acf34a7-ba9c-4842-b950-ad3acd8e1031 {"type": "usd", "usd": 0.0}
2026-09-30 10:55:08 /background-jobs/3e7b0061-99ae-4031-91ce-e04d86f5a0d7 {"type": "usd", "usd": 0.0}
2026-09-30 10:55:08 /background-jobs/9e90786f-5407-44d9-9c5d-5ebfd202b575 {"type": "usd", "usd": 0.0}
2026-09-30 10:55:09 /background-jobs/8e8d4c68-4dc5-40f7-a210-cef5c2029398 {"type": "usd", "usd": 0.0}
2026-09-30 10:55:09 /background-jobs/c0214686-0781-4cee-a1b4-c9b9dd831a30 {"type": "usd", "usd": 0.0}
2026-09-30 10:55:09 /background-jobs/7c98dc23-280a-40b8-829d-8a3bb34f5d53 {"type": "usd", "usd": 0.0}
2026-09-30 10:55:10 /background-jobs/99b2271b-1b48-4cec-92db-0f9e4e24e7d2 {"type": "usd", "usd": 0.0}
2026-09-30 10:55:14 /background-jobs/3acf34a7-ba9c-4842-b950-ad3acd8e1031 {"type": "usd", "usd": 0.0}
2026-09-30 10:55:14 /background-jobs/3e7b0061-99ae-4031-91ce-e04d86f5a0d7 {"type": "usd", "usd": 0.0}
2026-09-30 10:55:14 /background-jobs/9e90786f-5407-44d9-9c5d-5ebfd202b575 {"type": "usd", "usd": 0.0}
2026-09-30 10:55:15 /background-jobs/8e8d4c68-4dc5-40f7-a210-cef5c2029398 {"type": "usd", "usd": 0.0}
2026-09-30 10:55:15 /background-jobs/c0214686-0781-4cee-a1b4-c9b9dd831a30 {"type": "usd", "usd": 0.0}
2026-09-30 10:55:15 /background-jobs/7c98dc23-280a-40b8-829d-8a3bb34f5d53 {"type": "usd", "usd": 0.0}
2026-09-30 10:55:16 /background-jobs/99b2271b-1b48-4cec-92db-0f9e4e24e7d2 {"type": "usd", "usd": 0.0}
2026-09-30 10:55:19 /background-jobs/3acf34a7-ba9c-4842-b950-ad3acd8e1031 {"type": "usd", "usd": 0.0}
2026-09-30 10:55:20 /background-jobs/3e7b0061-99ae-4031-91ce-e04d86f5a0d7 {"type": "usd", "usd": 0.0}
2026-09-30 10:55:20 /background-jobs/9e90786f-5407-44d9-9c5d-5ebfd202b575 {"type": "usd", "usd": 0.0}
2026-09-30 10:55:20 /background-jobs/8e8d4c68-4dc5-40f7-a210-cef5c2029398 {"type": "usd", "usd": 0.0}
2026-09-30 10:55:20 /background-jobs/c0214686-0781-4cee-a1b4-c9b9dd831a30 {"type": "usd", "usd": 0.0}
2026-09-30 10:55:21 /background-jobs/7c98dc23-280a-40b8-829d-8a3bb34f5d53 {"type": "usd", "usd": 0.0}
2026-09-30 10:55:22 /background-jobs/99b2271b-1b48-4cec-92db-0f9e4e24e7d2 {"type": "usd", "usd": 0.0}
2026-09-30 10:55:25 /background-jobs/3acf34a7-ba9c-4842-b950-ad3acd8e1031 {"type": "usd", "usd": 0.0}
2026-09-30 10:55:25 /background-jobs/9e90786f-5407-44d9-9c5d-5ebfd202b575 {"type": "usd", "usd": 0.0}
2026-09-30 10:55:26 /background-jobs/3e7b0061-99ae-4031-91ce-e04d86f5a0d7 {"type": "usd", "usd": 0.0}
2026-09-30 10:55:26 /background-jobs/8e8d4c68-4dc5-40f7-a210-cef5c2029398 {"type": "usd", "usd": 0.0}
2026-09-30 10:55:26 /background-jobs/7c98dc23-280a-40b8-829d-8a3bb34f5d53 {"type": "usd", "usd": 0.0}
2026-09-30 10:55:27 /background-jobs/c0214686-0781-4cee-a1b4-c9b9dd831a30 {"type": "usd", "usd": 0.0}
2026-09-30 10:55:27 /background-jobs/99b2271b-1b48-4cec-92db-0f9e4e24e7d2 {"type": "usd", "usd": 0.0}
2026-09-30 10:55:31 /background-jobs/3acf34a7-ba9c-4842-b950-ad3acd8e1031 {"type": "usd", "usd": 0.0}
2026-09-30 10:55:31 /background-jobs/9e90786f-5407-44d9-9c5d-5ebfd202b575 {"type": "usd", "usd": 0.0}
2026-09-30 10:55:32 /background-jobs/8e8d4c68-4dc5-40f7-a210-cef5c2029398 {"type": "usd", "usd": 0.0}
2026-09-30 10:55:32 /background-jobs/3e7b0061-99ae-4031-91ce-e04d86f5a0d7 {"type": "usd", "usd": 0.0}
2026-09-30 10:55:32 /background-jobs/7c98dc23-280a-40b8-829d-8a3bb34f5d53 {"type": "usd", "usd": 0.0}
2026-09-30 10:55:34 /background-jobs/c0214686-0781-4cee-a1b4-c9b9dd831a30 {"type": "usd", "usd": 0.0}
2026-09-30 10:55:34 /background-jobs/99b2271b-1b48-4cec-92db-0f9e4e24e7d2 {"type": "usd", "usd": 0.0}
2026-09-30 10:55:36 /background-jobs/3acf34a7-ba9c-4842-b950-ad3acd8e1031 {"type": "usd", "usd": 0.0}
2026-09-30 10:55:37 /background-jobs/9e90786f-5407-44d9-9c5d-5ebfd202b575 {"type": "usd", "usd": 0.0}
2026-09-30 10:55:38 /background-jobs/3e7b0061-99ae-4031-91ce-e04d86f5a0d7 {"type": "usd", "usd": 0.0}
2026-09-30 10:55:40 /background-jobs/99b2271b-1b48-4cec-92db-0f9e4e24e7d2 {"type": "usd", "usd": 0.0}
2026-09-30 10:55:40 /background-jobs/c0214686-0781-4cee-a1b4-c9b9dd831a30 {"type": "usd", "usd": 0.0}
2026-09-30 10:55:41 /background-jobs/7c98dc23-280a-40b8-829d-8a3bb34f5d53 {"type": "usd", "usd": 0.0}
2026-09-30 10:55:41 /background-jobs/8e8d4c68-4dc5-40f7-a210-cef5c2029398 {"type": "usd", "usd": 0.0}
2026-09-30 10:55:43 /background-jobs/3acf34a7-ba9c-4842-b950-ad3acd8e1031 {"type": "usd", "usd": 0.0}
2026-09-30 10:55:43 /background-jobs/9e90786f-5407-44d9-9c5d-5ebfd202b575 {"type": "usd", "usd": 0.0}
2026-09-30 10:55:44 /background-jobs/3e7b0061-99ae-4031-91ce-e04d86f5a0d7 {"type": "usd", "usd": 0.0}
2026-09-30 10:55:46 /background-jobs/c0214686-0781-4cee-a1b4-c9b9dd831a30 {"type": "usd", "usd": 0.0}
2026-09-30 10:55:46 /background-jobs/7c98dc23-280a-40b8-829d-8a3bb34f5d53 {"type": "usd", "usd": 0.0}
2026-09-30 10:55:47 /background-jobs/99b2271b-1b48-4cec-92db-0f9e4e24e7d2 {"type": "usd", "usd": 0.0}
2026-09-30 10:55:48 /background-jobs/3acf34a7-ba9c-4842-b950-ad3acd8e1031 {"type": "usd", "usd": 0.0}
2026-09-30 10:55:49 /background-jobs/8e8d4c68-4dc5-40f7-a210-cef5c2029398 {"type": "usd", "usd": 0.0}
2026-09-30 10:55:50 /background-jobs/3e7b0061-99ae-4031-91ce-e04d86f5a0d7 {"type": "usd", "usd": 0.0}
2026-09-30 10:55:50 /background-jobs/9e90786f-5407-44d9-9c5d-5ebfd202b575 {"type": "usd", "usd": 0.0}
2026-09-30 10:55:52 /background-jobs/c0214686-0781-4cee-a1b4-c9b9dd831a30 {"type": "usd", "usd": 0.0}
2026-09-30 10:55:52 /background-jobs/99b2271b-1b48-4cec-92db-0f9e4e24e7d2 {"type": "usd", "usd": 0.0}
2026-09-30 10:55:54 /background-jobs/3acf34a7-ba9c-4842-b950-ad3acd8e1031 {"type": "usd", "usd": 0.0}
2026-09-30 10:55:54 /background-jobs/8e8d4c68-4dc5-40f7-a210-cef5c2029398 {"type": "usd", "usd": 0.0}
2026-09-30 10:55:56 /background-jobs/7c98dc23-280a-40b8-829d-8a3bb34f5d53 {"type": "usd", "usd": 0.0}
2026-09-30 10:55:56 /background-jobs/9e90786f-5407-44d9-9c5d-5ebfd202b575 {"type": "usd", "usd": 0.0}
2026-09-30 10:55:57 /background-jobs/3e7b0061-99ae-4031-91ce-e04d86f5a0d7 {"type": "usd", "usd": 0.0}
2026-09-30 10:55:59 /background-jobs/99b2271b-1b48-4cec-92db-0f9e4e24e7d2 {"type": "usd", "usd": 0.0}
2026-09-30 10:56:01 /background-jobs/8e8d4c68-4dc5-40f7-a210-cef5c2029398 {"type": "usd", "usd": 0.0}
2026-09-30 10:56:01 /background-jobs/3acf34a7-ba9c-4842-b950-ad3acd8e1031 {"type": "usd", "usd": 0.0}
2026-09-30 10:56:01 /background-jobs/c0214686-0781-4cee-a1b4-c9b9dd831a30 {"type": "usd", "usd": 0.0}
2026-09-30 10:56:02 /background-jobs/7c98dc23-280a-40b8-829d-8a3bb34f5d53 {"type": "usd", "usd": 0.0}
2026-09-30 10:56:02 /background-jobs/9e90786f-5407-44d9-9c5d-5ebfd202b575 {"type": "usd", "usd": 0.0}
2026-09-30 10:56:02 /background-jobs/3e7b0061-99ae-4031-91ce-e04d86f5a0d7 {"type": "usd", "usd": 0.0}
2026-09-30 10:56:04 /background-jobs/99b2271b-1b48-4cec-92db-0f9e4e24e7d2 {"type": "usd", "usd": 0.0}
2026-09-30 10:56:07 /background-jobs/8e8d4c68-4dc5-40f7-a210-cef5c2029398 {"type": "usd", "usd": 0.0}
2026-09-30 10:56:07 /background-jobs/3acf34a7-ba9c-4842-b950-ad3acd8e1031 {"type": "usd", "usd": 0.0}
2026-09-30 10:56:07 /background-jobs/c0214686-0781-4cee-a1b4-c9b9dd831a30 {"type": "usd", "usd": 0.0}
2026-09-30 10:56:07 /background-jobs/9e90786f-5407-44d9-9c5d-5ebfd202b575 {"type": "usd", "usd": 0.0}
2026-09-30 10:56:07 /background-jobs/7c98dc23-280a-40b8-829d-8a3bb34f5d53 {"type": "usd", "usd": 0.0}
2026-09-30 10:56:09 /background-jobs/3e7b0061-99ae-4031-91ce-e04d86f5a0d7 {"type": "usd", "usd": 0.0}
2026-09-30 10:56:10 /background-jobs/99b2271b-1b48-4cec-92db-0f9e4e24e7d2 {"type": "usd", "usd": 0.0}
2026-09-30 10:56:12 /background-jobs/8e8d4c68-4dc5-40f7-a210-cef5c2029398 {"type": "usd", "usd": 0.0}
2026-09-30 10:56:12 /background-jobs/3acf34a7-ba9c-4842-b950-ad3acd8e1031 {"type": "usd", "usd": 0.0}
2026-09-30 10:56:12 /background-jobs/c0214686-0781-4cee-a1b4-c9b9dd831a30 {"type": "usd", "usd": 0.0}
2026-09-30 10:56:13 /background-jobs/7c98dc23-280a-40b8-829d-8a3bb34f5d53 {"type": "usd", "usd": 0.0}
2026-09-30 10:56:13 /background-jobs/9e90786f-5407-44d9-9c5d-5ebfd202b575 {"type": "usd", "usd": 0.0}
2026-09-30 10:56:15 /background-jobs/3e7b0061-99ae-4031-91ce-e04d86f5a0d7 {"type": "usd", "usd": 0.0}
2026-09-30 10:56:16 /background-jobs/99b2271b-1b48-4cec-92db-0f9e4e24e7d2 {"type": "usd", "usd": 0.0}
2026-09-30 10:56:18 /background-jobs/8e8d4c68-4dc5-40f7-a210-cef5c2029398 {"type": "usd", "usd": 0.0}
2026-09-30 10:56:18 /background-jobs/c0214686-0781-4cee-a1b4-c9b9dd831a30 {"type": "usd", "usd": 0.0}
2026-09-30 10:56:19 /background-jobs/7c98dc23-280a-40b8-829d-8a3bb34f5d53 {"type": "usd", "usd": 0.0}
2026-09-30 10:56:19 /background-jobs/9e90786f-5407-44d9-9c5d-5ebfd202b575 {"type": "usd", "usd": 0.0}
2026-09-30 10:56:19 /background-jobs/3acf34a7-ba9c-4842-b950-ad3acd8e1031 {"type": "usd", "usd": 0.0}
2026-09-30 10:56:22 /background-jobs/3e7b0061-99ae-4031-91ce-e04d86f5a0d7 {"type": "usd", "usd": 0.0}
2026-09-30 10:56:22 /background-jobs/99b2271b-1b48-4cec-92db-0f9e4e24e7d2 {"type": "usd", "usd": 0.0}
2026-09-30 10:56:24 /background-jobs/8e8d4c68-4dc5-40f7-a210-cef5c2029398 {"type": "usd", "usd": 0.0}
2026-09-30 10:56:24 /background-jobs/c0214686-0781-4cee-a1b4-c9b9dd831a30 {"type": "usd", "usd": 0.0}
2026-09-30 10:56:24 /background-jobs/7c98dc23-280a-40b8-829d-8a3bb34f5d53 {"type": "usd", "usd": 0.0}
2026-09-30 10:56:25 /background-jobs/9e90786f-5407-44d9-9c5d-5ebfd202b575 {"type": "usd", "usd": 0.0}
2026-09-30 10:56:25 /background-jobs/3acf34a7-ba9c-4842-b950-ad3acd8e1031 {"type": "usd", "usd": 0.0}
2026-09-30 10:56:27 /background-jobs/3e7b0061-99ae-4031-91ce-e04d86f5a0d7 {"type": "usd", "usd": 0.0}
2026-09-30 10:56:28 /background-jobs/99b2271b-1b48-4cec-92db-0f9e4e24e7d2 {"type": "usd", "usd": 0.0}
2026-09-30 10:56:30 /background-jobs/c0214686-0781-4cee-a1b4-c9b9dd831a30 {"type": "usd", "usd": 0.0}
2026-09-30 10:56:30 /background-jobs/7c98dc23-280a-40b8-829d-8a3bb34f5d53 {"type": "usd", "usd": 0.0}
2026-09-30 10:56:31 /background-jobs/3acf34a7-ba9c-4842-b950-ad3acd8e1031 {"type": "usd", "usd": 0.0}
2026-09-30 10:56:31 /background-jobs/9e90786f-5407-44d9-9c5d-5ebfd202b575 {"type": "usd", "usd": 0.0}
2026-09-30 10:56:31 /background-jobs/8e8d4c68-4dc5-40f7-a210-cef5c2029398 {"type": "usd", "usd": 0.0}
2026-09-30 10:56:33 /background-jobs/3e7b0061-99ae-4031-91ce-e04d86f5a0d7 {"type": "usd", "usd": 0.0}
2026-09-30 10:56:33 /background-jobs/99b2271b-1b48-4cec-92db-0f9e4e24e7d2 {"type": "usd", "usd": 0.0}
2026-09-30 10:56:36 /background-jobs/c0214686-0781-4cee-a1b4-c9b9dd831a30 {"type": "usd", "usd": 0.0}
2026-09-30 10:56:36 /background-jobs/7c98dc23-280a-40b8-829d-8a3bb34f5d53 {"type": "usd", "usd": 0.0}
2026-09-30 10:56:36 /background-jobs/3acf34a7-ba9c-4842-b950-ad3acd8e1031 {"type": "usd", "usd": 0.0}
2026-09-30 10:56:37 /background-jobs/9e90786f-5407-44d9-9c5d-5ebfd202b575 {"type": "usd", "usd": 0.0}
2026-09-30 10:56:38 /background-jobs/8e8d4c68-4dc5-40f7-a210-cef5c2029398 {"type": "usd", "usd": 0.0}
2026-09-30 10:56:39 /background-jobs/3e7b0061-99ae-4031-91ce-e04d86f5a0d7 {"type": "usd", "usd": 0.0}
2026-09-30 10:56:39 /background-jobs/99b2271b-1b48-4cec-92db-0f9e4e24e7d2 {"type": "usd", "usd": 0.0}
2026-09-30 10:56:41 /background-jobs/c0214686-0781-4cee-a1b4-c9b9dd831a30 {"type": "usd", "usd": 0.0}
2026-09-30 10:56:42 /background-jobs/7c98dc23-280a-40b8-829d-8a3bb34f5d53 {"type": "usd", "usd": 0.0}
2026-09-30 10:56:42 /background-jobs/9e90786f-5407-44d9-9c5d-5ebfd202b575 {"type": "usd", "usd": 0.0}
2026-09-30 10:56:43 /background-jobs/3acf34a7-ba9c-4842-b950-ad3acd8e1031 {"type": "usd", "usd": 0.0}
2026-09-30 10:56:44 /background-jobs/8e8d4c68-4dc5-40f7-a210-cef5c2029398 {"type": "usd", "usd": 0.0}
2026-09-30 10:56:45 /background-jobs/3e7b0061-99ae-4031-91ce-e04d86f5a0d7 {"type": "usd", "usd": 0.0}
2026-09-30 10:56:45 /background-jobs/99b2271b-1b48-4cec-92db-0f9e4e24e7d2 {"type": "usd", "usd": 0.0}
2026-09-30 10:56:48 /background-jobs/c0214686-0781-4cee-a1b4-c9b9dd831a30 {"type": "usd", "usd": 0.0}
2026-09-30 10:56:48 /background-jobs/9e90786f-5407-44d9-9c5d-5ebfd202b575 {"type": "usd", "usd": 0.0}
2026-09-30 10:56:48 /background-jobs/7c98dc23-280a-40b8-829d-8a3bb34f5d53 {"type": "usd", "usd": 0.0}
2026-09-30 10:56:49 /background-jobs/3acf34a7-ba9c-4842-b950-ad3acd8e1031 {"type": "usd", "usd": 0.0}
2026-09-30 10:56:50 /background-jobs/8e8d4c68-4dc5-40f7-a210-cef5c2029398 {"type": "usd", "usd": 0.0}
2026-09-30 10:56:51 /background-jobs/99b2271b-1b48-4cec-92db-0f9e4e24e7d2 {"type": "usd", "usd": 0.0}
2026-09-30 10:56:51 /background-jobs/3e7b0061-99ae-4031-91ce-e04d86f5a0d7 {"type": "usd", "usd": 0.0}
2026-09-30 10:56:55 /background-jobs/c0214686-0781-4cee-a1b4-c9b9dd831a30 {"type": "usd", "usd": 0.0}
2026-09-30 10:56:56 /background-jobs/8e8d4c68-4dc5-40f7-a210-cef5c2029398 {"type": "usd", "usd": 0.0}
2026-09-30 10:56:57 /background-jobs/99b2271b-1b48-4cec-92db-0f9e4e24e7d2 {"type": "usd", "usd": 0.0}
2026-09-30 10:56:57 /background-jobs/3acf34a7-ba9c-4842-b950-ad3acd8e1031 {"type": "usd", "usd": 0.0}
2026-09-30 10:56:57 /background-jobs/3e7b0061-99ae-4031-91ce-e04d86f5a0d7 {"type": "usd", "usd": 0.0}
2026-09-30 10:57:01 /background-jobs/c0214686-0781-4cee-a1b4-c9b9dd831a30 {"type": "usd", "usd": 0.0}
2026-09-30 10:57:02 /background-jobs/8e8d4c68-4dc5-40f7-a210-cef5c2029398 {"type": "usd", "usd": 0.0}
2026-09-30 10:57:02 /background-jobs/99b2271b-1b48-4cec-92db-0f9e4e24e7d2 {"type": "usd", "usd": 0.0}
2026-09-30 10:57:02 /background-jobs/3acf34a7-ba9c-4842-b950-ad3acd8e1031 {"type": "usd", "usd": 0.0}
2026-09-30 10:57:03 /background-jobs/3e7b0061-99ae-4031-91ce-e04d86f5a0d7 {"type": "usd", "usd": 0.0}
2026-09-30 10:57:07 /background-jobs/c0214686-0781-4cee-a1b4-c9b9dd831a30 {"type": "usd", "usd": 0.0}
2026-09-30 10:57:08 /background-jobs/8e8d4c68-4dc5-40f7-a210-cef5c2029398 {"type": "usd", "usd": 0.0}
2026-09-30 10:57:08 /background-jobs/99b2271b-1b48-4cec-92db-0f9e4e24e7d2 {"type": "usd", "usd": 0.0}
2026-09-30 10:57:09 /background-jobs/3e7b0061-99ae-4031-91ce-e04d86f5a0d7 {"type": "usd", "usd": 0.0}
2026-09-30 10:57:09 /background-jobs/3acf34a7-ba9c-4842-b950-ad3acd8e1031 {"type": "usd", "usd": 0.0}
2026-09-30 10:57:09 /background-jobs/9e90786f-5407-44d9-9c5d-5ebfd202b575 {"type": "usd", "usd": 0.0}
2026-09-30 10:57:09 /background-jobs/7c98dc23-280a-40b8-829d-8a3bb34f5d53 {"type": "usd", "usd": 0.0}
2026-09-30 10:57:12 /background-jobs/c0214686-0781-4cee-a1b4-c9b9dd831a30 {"type": "usd", "usd": 0.0}
2026-09-30 10:57:13 /background-jobs/8e8d4c68-4dc5-40f7-a210-cef5c2029398 {"type": "usd", "usd": 0.0}
2026-09-30 10:57:14 /background-jobs/99b2271b-1b48-4cec-92db-0f9e4e24e7d2 {"type": "usd", "usd": 0.0}
2026-09-30 10:57:14 /background-jobs/3e7b0061-99ae-4031-91ce-e04d86f5a0d7 {"type": "usd", "usd": 0.0}
2026-09-30 10:57:15 /background-jobs/9e90786f-5407-44d9-9c5d-5ebfd202b575 {"type": "usd", "usd": 0.0}
2026-09-30 10:57:15 /background-jobs/3acf34a7-ba9c-4842-b950-ad3acd8e1031 {"type": "usd", "usd": 0.0}
2026-09-30 10:57:15 /background-jobs/7c98dc23-280a-40b8-829d-8a3bb34f5d53 {"type": "usd", "usd": 0.0}
2026-09-30 10:57:20 /background-jobs/c0214686-0781-4cee-a1b4-c9b9dd831a30 {"type": "usd", "usd": 0.0}
2026-09-30 10:57:20 /background-jobs/8e8d4c68-4dc5-40f7-a210-cef5c2029398 {"type": "usd", "usd": 0.0}
2026-09-30 10:57:21 /background-jobs/3e7b0061-99ae-4031-91ce-e04d86f5a0d7 {"type": "usd", "usd": 0.0}
2026-09-30 10:57:21 /background-jobs/99b2271b-1b48-4cec-92db-0f9e4e24e7d2 {"type": "usd", "usd": 0.0}
2026-09-30 10:57:21 /background-jobs/3acf34a7-ba9c-4842-b950-ad3acd8e1031 {"type": "usd", "usd": 0.0}
2026-09-30 10:57:21 /background-jobs/9e90786f-5407-44d9-9c5d-5ebfd202b575 {"type": "usd", "usd": 0.0}
2026-09-30 10:57:23 /background-jobs/7c98dc23-280a-40b8-829d-8a3bb34f5d53 {"type": "usd", "usd": 0.0}
2026-09-30 10:57:25 /background-jobs/c0214686-0781-4cee-a1b4-c9b9dd831a30 {"type": "usd", "usd": 0.0}
2026-09-30 10:57:26 /background-jobs/3e7b0061-99ae-4031-91ce-e04d86f5a0d7 {"type": "usd", "usd": 0.0}
2026-09-30 10:57:26 /background-jobs/8e8d4c68-4dc5-40f7-a210-cef5c2029398 {"type": "usd", "usd": 0.0}
2026-09-30 10:57:26 /background-jobs/99b2271b-1b48-4cec-92db-0f9e4e24e7d2 {"type": "usd", "usd": 0.0}
2026-09-30 10:57:26 /background-jobs/3acf34a7-ba9c-4842-b950-ad3acd8e1031 {"type": "usd", "usd": 0.0}
2026-09-30 10:57:28 /background-jobs/9e90786f-5407-44d9-9c5d-5ebfd202b575 {"type": "usd", "usd": 0.0}
2026-09-30 10:57:29 /background-jobs/7c98dc23-280a-40b8-829d-8a3bb34f5d53 {"type": "usd", "usd": 0.0}
2026-09-30 10:57:31 /background-jobs/c0214686-0781-4cee-a1b4-c9b9dd831a30 {"type": "usd", "usd": 0.0}
2026-09-30 10:57:32 /background-jobs/3e7b0061-99ae-4031-91ce-e04d86f5a0d7 {"type": "usd", "usd": 0.0}
2026-09-30 10:57:32 /background-jobs/99b2271b-1b48-4cec-92db-0f9e4e24e7d2 {"type": "usd", "usd": 0.0}
2026-09-30 10:57:32 /background-jobs/3acf34a7-ba9c-4842-b950-ad3acd8e1031 {"type": "usd", "usd": 0.0}
2026-09-30 10:57:33 /background-jobs/9e90786f-5407-44d9-9c5d-5ebfd202b575 {"type": "usd", "usd": 0.0}
2026-09-30 10:57:35 /background-jobs/7c98dc23-280a-40b8-829d-8a3bb34f5d53 {"type": "usd", "usd": 0.0}
2026-09-30 10:57:36 /background-jobs/8e8d4c68-4dc5-40f7-a210-cef5c2029398 {"type": "usd", "usd": 0.0}
2026-09-30 10:57:37 /background-jobs/c0214686-0781-4cee-a1b4-c9b9dd831a30 {"type": "usd", "usd": 0.0}
2026-09-30 10:57:38 /background-jobs/3e7b0061-99ae-4031-91ce-e04d86f5a0d7 {"type": "usd", "usd": 0.0}
2026-09-30 10:57:38 /background-jobs/99b2271b-1b48-4cec-92db-0f9e4e24e7d2 {"type": "usd", "usd": 0.0}
2026-09-30 10:57:38 /background-jobs/3acf34a7-ba9c-4842-b950-ad3acd8e1031 {"type": "usd", "usd": 0.0}
2026-09-30 10:57:39 /background-jobs/9e90786f-5407-44d9-9c5d-5ebfd202b575 {"type": "usd", "usd": 0.0}
2026-09-30 10:57:41 /background-jobs/7c98dc23-280a-40b8-829d-8a3bb34f5d53 {"type": "usd", "usd": 0.0}
2026-09-30 10:57:42 /background-jobs/8e8d4c68-4dc5-40f7-a210-cef5c2029398 {"type": "usd", "usd": 0.0}
2026-09-30 10:57:43 /background-jobs/c0214686-0781-4cee-a1b4-c9b9dd831a30 {"type": "usd", "usd": 0.0}
2026-09-30 10:57:43 /background-jobs/3e7b0061-99ae-4031-91ce-e04d86f5a0d7 {"type": "usd", "usd": 0.0}
2026-09-30 10:57:44 /background-jobs/99b2271b-1b48-4cec-92db-0f9e4e24e7d2 {"type": "usd", "usd": 0.0}
2026-09-30 10:57:44 /background-jobs/3acf34a7-ba9c-4842-b950-ad3acd8e1031 {"type": "usd", "usd": 0.0}
2026-09-30 10:57:45 /background-jobs/9e90786f-5407-44d9-9c5d-5ebfd202b575 {"type": "usd", "usd": 0.0}
2026-09-30 10:57:46 /background-jobs/7c98dc23-280a-40b8-829d-8a3bb34f5d53 {"type": "usd", "usd": 0.0}
2026-09-30 10:57:47 /background-jobs/8e8d4c68-4dc5-40f7-a210-cef5c2029398 {"type": "usd", "usd": 0.0}
2026-09-30 10:57:49 /background-jobs/c0214686-0781-4cee-a1b4-c9b9dd831a30 {"type": "usd", "usd": 0.0}
2026-09-30 10:57:49 /background-jobs/3e7b0061-99ae-4031-91ce-e04d86f5a0d7 {"type": "usd", "usd": 0.0}
2026-09-30 10:57:49 /background-jobs/99b2271b-1b48-4cec-92db-0f9e4e24e7d2 {"type": "usd", "usd": 0.0}
2026-09-30 10:57:50 /background-jobs/3acf34a7-ba9c-4842-b950-ad3acd8e1031 {"type": "usd", "usd": 0.0}
2026-09-30 10:57:50 /background-jobs/9e90786f-5407-44d9-9c5d-5ebfd202b575 {"type": "usd", "usd": 0.0}
2026-09-30 10:57:52 /background-jobs/7c98dc23-280a-40b8-829d-8a3bb34f5d53 {"type": "usd", "usd": 0.0}
2026-09-30 10:57:54 /background-jobs/c0214686-0781-4cee-a1b4-c9b9dd831a30 {"type": "usd", "usd": 0.0}
2026-09-30 10:57:55 /background-jobs/3e7b0061-99ae-4031-91ce-e04d86f5a0d7 {"type": "usd", "usd": 0.0}
2026-09-30 10:57:55 /background-jobs/99b2271b-1b48-4cec-92db-0f9e4e24e7d2 {"type": "usd", "usd": 0.0}
2026-09-30 10:57:55 /background-jobs/3acf34a7-ba9c-4842-b950-ad3acd8e1031 {"type": "usd", "usd": 0.0}
2026-09-30 10:57:56 /background-jobs/9e90786f-5407-44d9-9c5d-5ebfd202b575 {"type": "usd", "usd": 0.0}
2026-09-30 10:57:58 /background-jobs/7c98dc23-280a-40b8-829d-8a3bb34f5d53 {"type": "usd", "usd": 0.0}
2026-09-30 10:58:00 /background-jobs/c0214686-0781-4cee-a1b4-c9b9dd831a30 {"type": "usd", "usd": 0.0}
2026-09-30 10:58:00 /background-jobs/3e7b0061-99ae-4031-91ce-e04d86f5a0d7 {"type": "usd", "usd": 0.0}
2026-09-30 10:58:01 /background-jobs/8e8d4c68-4dc5-40f7-a210-cef5c2029398 {"type": "usd", "usd": 0.0}
2026-09-30 10:58:01 /background-jobs/99b2271b-1b48-4cec-92db-0f9e4e24e7d2 {"type": "usd", "usd": 0.0}
2026-09-30 10:58:01 /background-jobs/3acf34a7-ba9c-4842-b950-ad3acd8e1031 {"type": "usd", "usd": 0.0}
2026-09-30 10:58:04 /background-jobs/9e90786f-5407-44d9-9c5d-5ebfd202b575 {"type": "usd", "usd": 0.0}
2026-09-30 10:58:04 /background-jobs/7c98dc23-280a-40b8-829d-8a3bb34f5d53 {"type": "usd", "usd": 0.0}
2026-09-30 10:58:06 /background-jobs/c0214686-0781-4cee-a1b4-c9b9dd831a30 {"type": "usd", "usd": 0.0}
2026-09-30 10:58:06 /background-jobs/3e7b0061-99ae-4031-91ce-e04d86f5a0d7 {"type": "generations", "generations": 1.0}
2026-09-30 10:58:06 /background-jobs/8e8d4c68-4dc5-40f7-a210-cef5c2029398 {"type": "usd", "usd": 0.0}
2026-09-30 10:58:06 /background-jobs/99b2271b-1b48-4cec-92db-0f9e4e24e7d2 {"type": "usd", "usd": 0.0}
2026-09-30 10:58:07 /background-jobs/3acf34a7-ba9c-4842-b950-ad3acd8e1031 {"type": "usd", "usd": 0.0}
2026-09-30 10:58:09 /background-jobs/7c98dc23-280a-40b8-829d-8a3bb34f5d53 {"type": "usd", "usd": 0.0}
2026-09-30 10:58:10 /background-jobs/9e90786f-5407-44d9-9c5d-5ebfd202b575 {"type": "usd", "usd": 0.0}
2026-09-30 10:58:11 /background-jobs/c0214686-0781-4cee-a1b4-c9b9dd831a30 {"type": "usd", "usd": 0.0}
2026-09-30 10:58:12 /background-jobs/8e8d4c68-4dc5-40f7-a210-cef5c2029398 {"type": "usd", "usd": 0.0}
2026-09-30 10:58:12 /background-jobs/99b2271b-1b48-4cec-92db-0f9e4e24e7d2 {"type": "usd", "usd": 0.0}
2026-09-30 10:58:12 /background-jobs/3e7b0061-99ae-4031-91ce-e04d86f5a0d7 {"type": "generations", "generations": 1.0}
2026-09-30 10:58:13 /background-jobs/3acf34a7-ba9c-4842-b950-ad3acd8e1031 {"type": "usd", "usd": 0.0}
2026-09-30 10:58:15 /background-jobs/7c98dc23-280a-40b8-829d-8a3bb34f5d53 {"type": "usd", "usd": 0.0}
2026-09-30 10:58:15 /background-jobs/9e90786f-5407-44d9-9c5d-5ebfd202b575 {"type": "usd", "usd": 0.0}
2026-09-30 10:58:17 /background-jobs/c0214686-0781-4cee-a1b4-c9b9dd831a30 {"type": "usd", "usd": 0.0}
2026-09-30 10:58:18 /background-jobs/99b2271b-1b48-4cec-92db-0f9e4e24e7d2 {"type": "usd", "usd": 0.0}
2026-09-30 10:58:19 /background-jobs/3acf34a7-ba9c-4842-b950-ad3acd8e1031 {"type": "usd", "usd": 0.0}
2026-09-30 10:58:19 /background-jobs/8e8d4c68-4dc5-40f7-a210-cef5c2029398 {"type": "usd", "usd": 0.0}
2026-09-30 10:58:21 /background-jobs/7c98dc23-280a-40b8-829d-8a3bb34f5d53 {"type": "usd", "usd": 0.0}
2026-09-30 10:58:21 /background-jobs/9e90786f-5407-44d9-9c5d-5ebfd202b575 {"type": "usd", "usd": 0.0}
2026-09-30 10:58:23 /background-jobs/c0214686-0781-4cee-a1b4-c9b9dd831a30 {"type": "usd", "usd": 0.0}
2026-09-30 10:58:24 /background-jobs/99b2271b-1b48-4cec-92db-0f9e4e24e7d2 {"type": "usd", "usd": 0.0}
2026-09-30 10:58:25 /background-jobs/3acf34a7-ba9c-4842-b950-ad3acd8e1031 {"type": "usd", "usd": 0.0}
2026-09-30 10:58:25 /background-jobs/8e8d4c68-4dc5-40f7-a210-cef5c2029398 {"type": "usd", "usd": 0.0}
2026-09-30 10:58:26 /background-jobs/7c98dc23-280a-40b8-829d-8a3bb34f5d53 {"type": "usd", "usd": 0.0}
2026-09-30 10:58:27 /background-jobs/9e90786f-5407-44d9-9c5d-5ebfd202b575 {"type": "usd", "usd": 0.0}
2026-09-30 10:58:28 /background-jobs/a3c49225-a128-4cfd-85a2-0eaa5dc1e585 {"type": "usd", "usd": 0.0}
2026-09-30 10:58:29 /background-jobs/c0214686-0781-4cee-a1b4-c9b9dd831a30 {"type": "usd", "usd": 0.0}
2026-09-30 10:58:30 /background-jobs/3acf34a7-ba9c-4842-b950-ad3acd8e1031 {"type": "usd", "usd": 0.0}
2026-09-30 10:58:30 /background-jobs/99b2271b-1b48-4cec-92db-0f9e4e24e7d2 {"type": "usd", "usd": 0.0}
2026-09-30 10:58:31 /background-jobs/8e8d4c68-4dc5-40f7-a210-cef5c2029398 {"type": "usd", "usd": 0.0}
2026-09-30 10:58:32 /background-jobs/7c98dc23-280a-40b8-829d-8a3bb34f5d53 {"type": "usd", "usd": 0.0}
2026-09-30 10:58:32 /background-jobs/9e90786f-5407-44d9-9c5d-5ebfd202b575 {"type": "usd", "usd": 0.0}
2026-09-30 10:58:34 /background-jobs/a3c49225-a128-4cfd-85a2-0eaa5dc1e585 {"type": "usd", "usd": 0.0}
2026-09-30 10:58:35 /background-jobs/c0214686-0781-4cee-a1b4-c9b9dd831a30 {"type": "usd", "usd": 0.0}
2026-09-30 10:58:36 /background-jobs/99b2271b-1b48-4cec-92db-0f9e4e24e7d2 {"type": "usd", "usd": 0.0}
2026-09-30 10:58:36 /background-jobs/3acf34a7-ba9c-4842-b950-ad3acd8e1031 {"type": "usd", "usd": 0.0}
2026-09-30 10:58:37 /background-jobs/8e8d4c68-4dc5-40f7-a210-cef5c2029398 {"type": "usd", "usd": 0.0}
2026-09-30 10:58:38 /background-jobs/7c98dc23-280a-40b8-829d-8a3bb34f5d53 {"type": "usd", "usd": 0.0}
2026-09-30 10:58:38 /background-jobs/9e90786f-5407-44d9-9c5d-5ebfd202b575 {"type": "usd", "usd": 0.0}
2026-09-30 10:58:39 /background-jobs/a3c49225-a128-4cfd-85a2-0eaa5dc1e585 {"type": "usd", "usd": 0.0}
2026-09-30 10:58:40 /background-jobs/c0214686-0781-4cee-a1b4-c9b9dd831a30 {"type": "usd", "usd": 0.0}
2026-09-30 10:58:42 /background-jobs/3acf34a7-ba9c-4842-b950-ad3acd8e1031 {"type": "usd", "usd": 0.0}
2026-09-30 10:58:42 /background-jobs/99b2271b-1b48-4cec-92db-0f9e4e24e7d2 {"type": "usd", "usd": 0.0}
2026-09-30 10:58:42 /background-jobs/8e8d4c68-4dc5-40f7-a210-cef5c2029398 {"type": "usd", "usd": 0.0}
2026-09-30 10:58:43 /background-jobs/7c98dc23-280a-40b8-829d-8a3bb34f5d53 {"type": "usd", "usd": 0.0}
2026-09-30 10:58:44 /background-jobs/9e90786f-5407-44d9-9c5d-5ebfd202b575 {"type": "usd", "usd": 0.0}
2026-09-30 10:58:45 /background-jobs/a3c49225-a128-4cfd-85a2-0eaa5dc1e585 {"type": "usd", "usd": 0.0}
2026-09-30 10:58:46 /background-jobs/c0214686-0781-4cee-a1b4-c9b9dd831a30 {"type": "usd", "usd": 0.0}
2026-09-30 10:58:47 /background-jobs/3acf34a7-ba9c-4842-b950-ad3acd8e1031 {"type": "usd", "usd": 0.0}
2026-09-30 10:58:48 /background-jobs/99b2271b-1b48-4cec-92db-0f9e4e24e7d2 {"type": "usd", "usd": 0.0}
2026-09-30 10:58:48 /background-jobs/8e8d4c68-4dc5-40f7-a210-cef5c2029398 {"type": "usd", "usd": 0.0}
2026-09-30 10:58:49 /background-jobs/7c98dc23-280a-40b8-829d-8a3bb34f5d53 {"type": "usd", "usd": 0.0}
2026-09-30 10:58:50 /background-jobs/9e90786f-5407-44d9-9c5d-5ebfd202b575 {"type": "usd", "usd": 0.0}
2026-09-30 10:58:51 /background-jobs/a3c49225-a128-4cfd-85a2-0eaa5dc1e585 {"type": "usd", "usd": 0.0}
2026-09-30 10:58:52 /background-jobs/c0214686-0781-4cee-a1b4-c9b9dd831a30 {"type": "usd", "usd": 0.0}
2026-09-30 10:58:53 /background-jobs/3acf34a7-ba9c-4842-b950-ad3acd8e1031 {"type": "usd", "usd": 0.0}
2026-09-30 10:58:54 /background-jobs/99b2271b-1b48-4cec-92db-0f9e4e24e7d2 {"type": "usd", "usd": 0.0}
2026-09-30 10:58:54 /background-jobs/8e8d4c68-4dc5-40f7-a210-cef5c2029398 {"type": "usd", "usd": 0.0}
2026-09-30 10:58:55 /background-jobs/7c98dc23-280a-40b8-829d-8a3bb34f5d53 {"type": "usd", "usd": 0.0}
2026-09-30 10:58:56 /background-jobs/9e90786f-5407-44d9-9c5d-5ebfd202b575 {"type": "usd", "usd": 0.0}
2026-09-30 10:58:57 /background-jobs/c0214686-0781-4cee-a1b4-c9b9dd831a30 {"type": "usd", "usd": 0.0}
2026-09-30 10:58:58 /background-jobs/a3c49225-a128-4cfd-85a2-0eaa5dc1e585 {"type": "usd", "usd": 0.0}
2026-09-30 10:58:59 /background-jobs/3acf34a7-ba9c-4842-b950-ad3acd8e1031 {"type": "usd", "usd": 0.0}
2026-09-30 10:59:00 /background-jobs/8e8d4c68-4dc5-40f7-a210-cef5c2029398 {"type": "usd", "usd": 0.0}
2026-09-30 10:59:00 /background-jobs/99b2271b-1b48-4cec-92db-0f9e4e24e7d2 {"type": "usd", "usd": 0.0}
2026-09-30 10:59:00 /background-jobs/7c98dc23-280a-40b8-829d-8a3bb34f5d53 {"type": "usd", "usd": 0.0}
2026-09-30 10:59:01 /background-jobs/9e90786f-5407-44d9-9c5d-5ebfd202b575 {"type": "usd", "usd": 0.0}
2026-09-30 10:59:03 /background-jobs/c0214686-0781-4cee-a1b4-c9b9dd831a30 {"type": "usd", "usd": 0.0}
2026-09-30 10:59:03 /background-jobs/a3c49225-a128-4cfd-85a2-0eaa5dc1e585 {"type": "usd", "usd": 0.0}
2026-09-30 10:59:05 /background-jobs/3acf34a7-ba9c-4842-b950-ad3acd8e1031 {"type": "usd", "usd": 0.0}
2026-09-30 10:59:05 /background-jobs/8e8d4c68-4dc5-40f7-a210-cef5c2029398 {"type": "usd", "usd": 0.0}
2026-09-30 10:59:05 /background-jobs/99b2271b-1b48-4cec-92db-0f9e4e24e7d2 {"type": "usd", "usd": 0.0}
2026-09-30 10:59:06 /background-jobs/7c98dc23-280a-40b8-829d-8a3bb34f5d53 {"type": "usd", "usd": 0.0}
2026-09-30 10:59:08 /background-jobs/9e90786f-5407-44d9-9c5d-5ebfd202b575 {"type": "usd", "usd": 0.0}
2026-09-30 10:59:09 /background-jobs/c0214686-0781-4cee-a1b4-c9b9dd831a30 {"type": "usd", "usd": 0.0}
2026-09-30 10:59:09 /background-jobs/a3c49225-a128-4cfd-85a2-0eaa5dc1e585 {"type": "usd", "usd": 0.0}
2026-09-30 10:59:11 /background-jobs/3acf34a7-ba9c-4842-b950-ad3acd8e1031 {"type": "usd", "usd": 0.0}
2026-09-30 10:59:11 /background-jobs/8e8d4c68-4dc5-40f7-a210-cef5c2029398 {"type": "usd", "usd": 0.0}
2026-09-30 10:59:11 /background-jobs/99b2271b-1b48-4cec-92db-0f9e4e24e7d2 {"type": "usd", "usd": 0.0}
2026-09-30 10:59:12 /background-jobs/7c98dc23-280a-40b8-829d-8a3bb34f5d53 {"type": "usd", "usd": 0.0}
2026-09-30 10:59:13 /background-jobs/9e90786f-5407-44d9-9c5d-5ebfd202b575 {"type": "usd", "usd": 0.0}
2026-09-30 10:59:15 /background-jobs/c0214686-0781-4cee-a1b4-c9b9dd831a30 {"type": "usd", "usd": 0.0}
2026-09-30 10:59:15 /background-jobs/a3c49225-a128-4cfd-85a2-0eaa5dc1e585 {"type": "usd", "usd": 0.0}
2026-09-30 10:59:16 /background-jobs/3acf34a7-ba9c-4842-b950-ad3acd8e1031 {"type": "usd", "usd": 0.0}
2026-09-30 10:59:17 /background-jobs/8e8d4c68-4dc5-40f7-a210-cef5c2029398 {"type": "usd", "usd": 0.0}
2026-09-30 10:59:17 /background-jobs/99b2271b-1b48-4cec-92db-0f9e4e24e7d2 {"type": "usd", "usd": 0.0}
2026-09-30 10:59:17 /background-jobs/7c98dc23-280a-40b8-829d-8a3bb34f5d53 {"type": "usd", "usd": 0.0}
2026-09-30 10:59:19 /background-jobs/9e90786f-5407-44d9-9c5d-5ebfd202b575 {"type": "usd", "usd": 0.0}
2026-09-30 10:59:20 /background-jobs/c0214686-0781-4cee-a1b4-c9b9dd831a30 {"type": "usd", "usd": 0.0}
2026-09-30 10:59:21 /background-jobs/a3c49225-a128-4cfd-85a2-0eaa5dc1e585 {"type": "usd", "usd": 0.0}
2026-09-30 10:59:22 /background-jobs/3acf34a7-ba9c-4842-b950-ad3acd8e1031 {"type": "usd", "usd": 0.0}
2026-09-30 10:59:22 /background-jobs/8e8d4c68-4dc5-40f7-a210-cef5c2029398 {"type": "usd", "usd": 0.0}
2026-09-30 10:59:22 /background-jobs/99b2271b-1b48-4cec-92db-0f9e4e24e7d2 {"type": "usd", "usd": 0.0}
2026-09-30 10:59:23 /background-jobs/7c98dc23-280a-40b8-829d-8a3bb34f5d53 {"type": "usd", "usd": 0.0}
2026-09-30 10:59:25 /background-jobs/9e90786f-5407-44d9-9c5d-5ebfd202b575 {"type": "usd", "usd": 0.0}
2026-09-30 10:59:26 /background-jobs/c0214686-0781-4cee-a1b4-c9b9dd831a30 {"type": "usd", "usd": 0.0}
2026-09-30 10:59:26 /background-jobs/a3c49225-a128-4cfd-85a2-0eaa5dc1e585 {"type": "usd", "usd": 0.0}
2026-09-30 10:59:28 /background-jobs/3acf34a7-ba9c-4842-b950-ad3acd8e1031 {"type": "usd", "usd": 0.0}
2026-09-30 10:59:28 /background-jobs/8e8d4c68-4dc5-40f7-a210-cef5c2029398 {"type": "usd", "usd": 0.0}
2026-09-30 10:59:28 /background-jobs/99b2271b-1b48-4cec-92db-0f9e4e24e7d2 {"type": "usd", "usd": 0.0}
2026-09-30 10:59:29 /background-jobs/7c98dc23-280a-40b8-829d-8a3bb34f5d53 {"type": "usd", "usd": 0.0}
2026-09-30 10:59:31 /background-jobs/9e90786f-5407-44d9-9c5d-5ebfd202b575 {"type": "usd", "usd": 0.0}
2026-09-30 10:59:32 /background-jobs/c0214686-0781-4cee-a1b4-c9b9dd831a30 {"type": "usd", "usd": 0.0}
2026-09-30 10:59:32 /background-jobs/a3c49225-a128-4cfd-85a2-0eaa5dc1e585 {"type": "usd", "usd": 0.0}
2026-09-30 10:59:33 /background-jobs/3acf34a7-ba9c-4842-b950-ad3acd8e1031 {"type": "usd", "usd": 0.0}
2026-09-30 10:59:34 /background-jobs/8e8d4c68-4dc5-40f7-a210-cef5c2029398 {"type": "usd", "usd": 0.0}
2026-09-30 10:59:34 /background-jobs/99b2271b-1b48-4cec-92db-0f9e4e24e7d2 {"type": "usd", "usd": 0.0}
2026-09-30 10:59:34 /background-jobs/7c98dc23-280a-40b8-829d-8a3bb34f5d53 {"type": "usd", "usd": 0.0}
2026-09-30 10:59:36 /background-jobs/9e90786f-5407-44d9-9c5d-5ebfd202b575 {"type": "usd", "usd": 0.0}
2026-09-30 10:59:37 /background-jobs/c0214686-0781-4cee-a1b4-c9b9dd831a30 {"type": "usd", "usd": 0.0}
2026-09-30 10:59:38 /background-jobs/a3c49225-a128-4cfd-85a2-0eaa5dc1e585 {"type": "usd", "usd": 0.0}
2026-09-30 10:59:39 /background-jobs/3acf34a7-ba9c-4842-b950-ad3acd8e1031 {"type": "usd", "usd": 0.0}
2026-09-30 10:59:39 /background-jobs/8e8d4c68-4dc5-40f7-a210-cef5c2029398 {"type": "usd", "usd": 0.0}
2026-09-30 10:59:39 /background-jobs/99b2271b-1b48-4cec-92db-0f9e4e24e7d2 {"type": "usd", "usd": 0.0}
2026-09-30 10:59:40 /background-jobs/7c98dc23-280a-40b8-829d-8a3bb34f5d53 {"type": "usd", "usd": 0.0}
2026-09-30 10:59:42 /background-jobs/9e90786f-5407-44d9-9c5d-5ebfd202b575 {"type": "usd", "usd": 0.0}
2026-09-30 10:59:43 /background-jobs/c0214686-0781-4cee-a1b4-c9b9dd831a30 {"type": "usd", "usd": 0.0}
2026-09-30 10:59:43 /background-jobs/a3c49225-a128-4cfd-85a2-0eaa5dc1e585 {"type": "usd", "usd": 0.0}
2026-09-30 10:59:45 /background-jobs/3acf34a7-ba9c-4842-b950-ad3acd8e1031 {"type": "usd", "usd": 0.0}
2026-09-30 10:59:45 /background-jobs/8e8d4c68-4dc5-40f7-a210-cef5c2029398 {"type": "usd", "usd": 0.0}
2026-09-30 10:59:45 /background-jobs/99b2271b-1b48-4cec-92db-0f9e4e24e7d2 {"type": "usd", "usd": 0.0}
2026-09-30 10:59:46 /background-jobs/7c98dc23-280a-40b8-829d-8a3bb34f5d53 {"type": "usd", "usd": 0.0}
2026-09-30 10:59:48 /background-jobs/9e90786f-5407-44d9-9c5d-5ebfd202b575 {"type": "usd", "usd": 0.0}
2026-09-30 10:59:49 /background-jobs/c0214686-0781-4cee-a1b4-c9b9dd831a30 {"type": "usd", "usd": 0.0}
2026-09-30 10:59:49 /background-jobs/a3c49225-a128-4cfd-85a2-0eaa5dc1e585 {"type": "usd", "usd": 0.0}
2026-09-30 10:59:50 /background-jobs/3acf34a7-ba9c-4842-b950-ad3acd8e1031 {"type": "usd", "usd": 0.0}
2026-09-30 10:59:51 /background-jobs/99b2271b-1b48-4cec-92db-0f9e4e24e7d2 {"type": "usd", "usd": 0.0}
2026-09-30 10:59:51 /background-jobs/8e8d4c68-4dc5-40f7-a210-cef5c2029398 {"type": "usd", "usd": 0.0}
2026-09-30 10:59:51 /background-jobs/7c98dc23-280a-40b8-829d-8a3bb34f5d53 {"type": "usd", "usd": 0.0}
2026-09-30 10:59:54 /background-jobs/9e90786f-5407-44d9-9c5d-5ebfd202b575 {"type": "usd", "usd": 0.0}
2026-09-30 10:59:54 /background-jobs/c0214686-0781-4cee-a1b4-c9b9dd831a30 {"type": "usd", "usd": 0.0}
2026-09-30 10:59:55 /background-jobs/a3c49225-a128-4cfd-85a2-0eaa5dc1e585 {"type": "usd", "usd": 0.0}
2026-09-30 10:59:56 /background-jobs/3acf34a7-ba9c-4842-b950-ad3acd8e1031 {"type": "usd", "usd": 0.0}
2026-09-30 10:59:56 /background-jobs/99b2271b-1b48-4cec-92db-0f9e4e24e7d2 {"type": "usd", "usd": 0.0}
2026-09-30 10:59:56 /background-jobs/8e8d4c68-4dc5-40f7-a210-cef5c2029398 {"type": "usd", "usd": 0.0}
2026-09-30 10:59:57 /background-jobs/7c98dc23-280a-40b8-829d-8a3bb34f5d53 {"type": "usd", "usd": 0.0}
2026-09-30 10:59:59 /background-jobs/9e90786f-5407-44d9-9c5d-5ebfd202b575 {"type": "usd", "usd": 0.0}
2026-09-30 11:00:02 /background-jobs/c0214686-0781-4cee-a1b4-c9b9dd831a30 {"type": "usd", "usd": 0.0}
2026-09-30 11:00:02 /background-jobs/3acf34a7-ba9c-4842-b950-ad3acd8e1031 {"type": "usd", "usd": 0.0}
2026-09-30 11:00:02 /background-jobs/a3c49225-a128-4cfd-85a2-0eaa5dc1e585 {"type": "usd", "usd": 0.0}
2026-09-30 11:00:02 /background-jobs/99b2271b-1b48-4cec-92db-0f9e4e24e7d2 {"type": "usd", "usd": 0.0}
2026-09-30 11:00:02 /background-jobs/8e8d4c68-4dc5-40f7-a210-cef5c2029398 {"type": "usd", "usd": 0.0}
2026-09-30 11:00:03 /background-jobs/7c98dc23-280a-40b8-829d-8a3bb34f5d53 {"type": "usd", "usd": 0.0}
2026-09-30 11:00:05 /background-jobs/9e90786f-5407-44d9-9c5d-5ebfd202b575 {"type": "usd", "usd": 0.0}
2026-09-30 11:00:07 /background-jobs/c0214686-0781-4cee-a1b4-c9b9dd831a30 {"type": "usd", "usd": 0.0}
2026-09-30 11:00:08 /background-jobs/a3c49225-a128-4cfd-85a2-0eaa5dc1e585 {"type": "usd", "usd": 0.0}
2026-09-30 11:00:08 /background-jobs/99b2271b-1b48-4cec-92db-0f9e4e24e7d2 {"type": "usd", "usd": 0.0}
2026-09-30 11:00:08 /background-jobs/8e8d4c68-4dc5-40f7-a210-cef5c2029398 {"type": "usd", "usd": 0.0}
2026-09-30 11:00:08 /background-jobs/3acf34a7-ba9c-4842-b950-ad3acd8e1031 {"type": "usd", "usd": 0.0}
2026-09-30 11:00:08 /background-jobs/7c98dc23-280a-40b8-829d-8a3bb34f5d53 {"type": "usd", "usd": 0.0}
2026-09-30 11:00:11 /background-jobs/9e90786f-5407-44d9-9c5d-5ebfd202b575 {"type": "usd", "usd": 0.0}
2026-09-30 11:00:13 /background-jobs/c0214686-0781-4cee-a1b4-c9b9dd831a30 {"type": "usd", "usd": 0.0}
2026-09-30 11:00:13 /background-jobs/a3c49225-a128-4cfd-85a2-0eaa5dc1e585 {"type": "usd", "usd": 0.0}
2026-09-30 11:00:13 /background-jobs/99b2271b-1b48-4cec-92db-0f9e4e24e7d2 {"type": "usd", "usd": 0.0}
2026-09-30 11:00:14 /background-jobs/8e8d4c68-4dc5-40f7-a210-cef5c2029398 {"type": "usd", "usd": 0.0}
2026-09-30 11:00:14 /background-jobs/3acf34a7-ba9c-4842-b950-ad3acd8e1031 {"type": "usd", "usd": 0.0}
2026-09-30 11:00:14 /background-jobs/7c98dc23-280a-40b8-829d-8a3bb34f5d53 {"type": "usd", "usd": 0.0}
2026-09-30 11:00:16 /background-jobs/9e90786f-5407-44d9-9c5d-5ebfd202b575 {"type": "usd", "usd": 0.0}
2026-09-30 11:00:19 /background-jobs/c0214686-0781-4cee-a1b4-c9b9dd831a30 {"type": "usd", "usd": 0.0}
2026-09-30 11:00:19 /background-jobs/a3c49225-a128-4cfd-85a2-0eaa5dc1e585 {"type": "usd", "usd": 0.0}
2026-09-30 11:00:19 /background-jobs/99b2271b-1b48-4cec-92db-0f9e4e24e7d2 {"type": "usd", "usd": 0.0}
2026-09-30 11:00:19 /background-jobs/8e8d4c68-4dc5-40f7-a210-cef5c2029398 {"type": "usd", "usd": 0.0}
2026-09-30 11:00:19 /background-jobs/3acf34a7-ba9c-4842-b950-ad3acd8e1031 {"type": "usd", "usd": 0.0}
2026-09-30 11:00:20 /background-jobs/7c98dc23-280a-40b8-829d-8a3bb34f5d53 {"type": "usd", "usd": 0.0}
2026-09-30 11:00:22 /background-jobs/9e90786f-5407-44d9-9c5d-5ebfd202b575 {"type": "usd", "usd": 0.0}
2026-09-30 11:00:25 /background-jobs/a3c49225-a128-4cfd-85a2-0eaa5dc1e585 {"type": "usd", "usd": 0.0}
2026-09-30 11:00:25 /background-jobs/99b2271b-1b48-4cec-92db-0f9e4e24e7d2 {"type": "usd", "usd": 0.0}
2026-09-30 11:00:25 /background-jobs/c0214686-0781-4cee-a1b4-c9b9dd831a30 {"type": "usd", "usd": 0.0}
2026-09-30 11:00:25 /background-jobs/3acf34a7-ba9c-4842-b950-ad3acd8e1031 {"type": "usd", "usd": 0.0}
2026-09-30 11:00:25 /background-jobs/8e8d4c68-4dc5-40f7-a210-cef5c2029398 {"type": "usd", "usd": 0.0}
2026-09-30 11:00:25 /background-jobs/7c98dc23-280a-40b8-829d-8a3bb34f5d53 {"type": "usd", "usd": 0.0}
2026-09-30 11:00:28 /background-jobs/9e90786f-5407-44d9-9c5d-5ebfd202b575 {"type": "usd", "usd": 0.0}
2026-09-30 11:00:30 /background-jobs/a3c49225-a128-4cfd-85a2-0eaa5dc1e585 {"type": "usd", "usd": 0.0}
2026-09-30 11:00:30 /background-jobs/99b2271b-1b48-4cec-92db-0f9e4e24e7d2 {"type": "usd", "usd": 0.0}
2026-09-30 11:00:30 /background-jobs/c0214686-0781-4cee-a1b4-c9b9dd831a30 {"type": "usd", "usd": 0.0}
2026-09-30 11:00:31 /background-jobs/3acf34a7-ba9c-4842-b950-ad3acd8e1031 {"type": "usd", "usd": 0.0}
2026-09-30 11:00:31 /background-jobs/8e8d4c68-4dc5-40f7-a210-cef5c2029398 {"type": "usd", "usd": 0.0}
2026-09-30 11:00:31 /background-jobs/7c98dc23-280a-40b8-829d-8a3bb34f5d53 {"type": "usd", "usd": 0.0}
2026-09-30 11:00:34 /background-jobs/9e90786f-5407-44d9-9c5d-5ebfd202b575 {"type": "usd", "usd": 0.0}
2026-09-30 11:00:36 /background-jobs/a3c49225-a128-4cfd-85a2-0eaa5dc1e585 {"type": "usd", "usd": 0.0}
2026-09-30 11:00:36 /background-jobs/99b2271b-1b48-4cec-92db-0f9e4e24e7d2 {"type": "usd", "usd": 0.0}
2026-09-30 11:00:36 /background-jobs/c0214686-0781-4cee-a1b4-c9b9dd831a30 {"type": "usd", "usd": 0.0}
2026-09-30 11:00:37 /background-jobs/8e8d4c68-4dc5-40f7-a210-cef5c2029398 {"type": "usd", "usd": 0.0}
2026-09-30 11:00:37 /background-jobs/3acf34a7-ba9c-4842-b950-ad3acd8e1031 {"type": "usd", "usd": 0.0}
2026-09-30 11:00:37 /background-jobs/7c98dc23-280a-40b8-829d-8a3bb34f5d53 {"type": "usd", "usd": 0.0}
2026-09-30 11:00:40 /background-jobs/9e90786f-5407-44d9-9c5d-5ebfd202b575 {"type": "usd", "usd": 0.0}
2026-09-30 11:00:42 /background-jobs/c0214686-0781-4cee-a1b4-c9b9dd831a30 {"type": "usd", "usd": 0.0}
2026-09-30 11:00:42 /background-jobs/a3c49225-a128-4cfd-85a2-0eaa5dc1e585 {"type": "usd", "usd": 0.0}
2026-09-30 11:00:42 /background-jobs/8e8d4c68-4dc5-40f7-a210-cef5c2029398 {"type": "usd", "usd": 0.0}
2026-09-30 11:00:42 /background-jobs/7c98dc23-280a-40b8-829d-8a3bb34f5d53 {"type": "usd", "usd": 0.0}
2026-09-30 11:00:42 /background-jobs/99b2271b-1b48-4cec-92db-0f9e4e24e7d2 {"type": "usd", "usd": 0.0}
2026-09-30 11:00:42 /background-jobs/3acf34a7-ba9c-4842-b950-ad3acd8e1031 {"type": "usd", "usd": 0.0}
2026-09-30 11:00:45 /background-jobs/9e90786f-5407-44d9-9c5d-5ebfd202b575 {"type": "usd", "usd": 0.0}
2026-09-30 11:00:47 /background-jobs/c0214686-0781-4cee-a1b4-c9b9dd831a30 {"type": "usd", "usd": 0.0}
2026-09-30 11:00:48 /background-jobs/a3c49225-a128-4cfd-85a2-0eaa5dc1e585 {"type": "usd", "usd": 0.0}
2026-09-30 11:00:48 /background-jobs/8e8d4c68-4dc5-40f7-a210-cef5c2029398 {"type": "usd", "usd": 0.0}
2026-09-30 11:00:48 /background-jobs/7c98dc23-280a-40b8-829d-8a3bb34f5d53 {"type": "usd", "usd": 0.0}
2026-09-30 11:00:48 /background-jobs/99b2271b-1b48-4cec-92db-0f9e4e24e7d2 {"type": "usd", "usd": 0.0}
2026-09-30 11:00:48 /background-jobs/3acf34a7-ba9c-4842-b950-ad3acd8e1031 {"type": "usd", "usd": 0.0}
2026-09-30 11:00:51 /background-jobs/9e90786f-5407-44d9-9c5d-5ebfd202b575 {"type": "usd", "usd": 0.0}
2026-09-30 11:00:53 /background-jobs/c0214686-0781-4cee-a1b4-c9b9dd831a30 {"type": "usd", "usd": 0.0}
2026-09-30 11:00:54 /background-jobs/a3c49225-a128-4cfd-85a2-0eaa5dc1e585 {"type": "usd", "usd": 0.0}
2026-09-30 11:00:54 /background-jobs/8e8d4c68-4dc5-40f7-a210-cef5c2029398 {"type": "usd", "usd": 0.0}
2026-09-30 11:00:54 /background-jobs/99b2271b-1b48-4cec-92db-0f9e4e24e7d2 {"type": "usd", "usd": 0.0}
2026-09-30 11:00:54 /background-jobs/7c98dc23-280a-40b8-829d-8a3bb34f5d53 {"type": "usd", "usd": 0.0}
2026-09-30 11:00:54 /background-jobs/3acf34a7-ba9c-4842-b950-ad3acd8e1031 {"type": "usd", "usd": 0.0}
2026-09-30 11:00:57 /background-jobs/9e90786f-5407-44d9-9c5d-5ebfd202b575 {"type": "usd", "usd": 0.0}
2026-09-30 11:00:59 /background-jobs/c0214686-0781-4cee-a1b4-c9b9dd831a30 {"type": "usd", "usd": 0.0}
2026-09-30 11:00:59 /background-jobs/a3c49225-a128-4cfd-85a2-0eaa5dc1e585 {"type": "usd", "usd": 0.0}
2026-09-30 11:00:59 /background-jobs/8e8d4c68-4dc5-40f7-a210-cef5c2029398 {"type": "usd", "usd": 0.0}
2026-09-30 11:00:59 /background-jobs/99b2271b-1b48-4cec-92db-0f9e4e24e7d2 {"type": "usd", "usd": 0.0}
2026-09-30 11:00:59 /background-jobs/3acf34a7-ba9c-4842-b950-ad3acd8e1031 {"type": "usd", "usd": 0.0}
2026-09-30 11:00:59 /background-jobs/7c98dc23-280a-40b8-829d-8a3bb34f5d53 {"type": "usd", "usd": 0.0}
2026-09-30 11:01:02 /background-jobs/9e90786f-5407-44d9-9c5d-5ebfd202b575 {"type": "usd", "usd": 0.0}
2026-09-30 11:01:05 /background-jobs/c0214686-0781-4cee-a1b4-c9b9dd831a30 {"type": "usd", "usd": 0.0}
2026-09-30 11:01:05 /background-jobs/a3c49225-a128-4cfd-85a2-0eaa5dc1e585 {"type": "usd", "usd": 0.0}
2026-09-30 11:01:05 /background-jobs/8e8d4c68-4dc5-40f7-a210-cef5c2029398 {"type": "usd", "usd": 0.0}
2026-09-30 11:01:05 /background-jobs/7c98dc23-280a-40b8-829d-8a3bb34f5d53 {"type": "usd", "usd": 0.0}
2026-09-30 11:01:05 /background-jobs/3acf34a7-ba9c-4842-b950-ad3acd8e1031 {"type": "usd", "usd": 0.0}
2026-09-30 11:01:05 /background-jobs/99b2271b-1b48-4cec-92db-0f9e4e24e7d2 {"type": "usd", "usd": 0.0}
2026-09-30 11:01:08 /background-jobs/9e90786f-5407-44d9-9c5d-5ebfd202b575 {"type": "usd", "usd": 0.0}
2026-09-30 11:01:11 /background-jobs/a3c49225-a128-4cfd-85a2-0eaa5dc1e585 {"type": "usd", "usd": 0.0}
2026-09-30 11:01:11 /background-jobs/3acf34a7-ba9c-4842-b950-ad3acd8e1031 {"type": "usd", "usd": 0.0}
2026-09-30 11:01:11 /background-jobs/7c98dc23-280a-40b8-829d-8a3bb34f5d53 {"type": "usd", "usd": 0.0}
2026-09-30 11:01:11 /background-jobs/99b2271b-1b48-4cec-92db-0f9e4e24e7d2 {"type": "usd", "usd": 0.0}
2026-09-30 11:01:11 /background-jobs/c0214686-0781-4cee-a1b4-c9b9dd831a30 {"type": "usd", "usd": 0.0}
2026-09-30 11:01:11 /background-jobs/8e8d4c68-4dc5-40f7-a210-cef5c2029398 {"type": "usd", "usd": 0.0}
2026-09-30 11:01:14 /background-jobs/9e90786f-5407-44d9-9c5d-5ebfd202b575 {"type": "usd", "usd": 0.0}
2026-09-30 11:01:16 /background-jobs/a3c49225-a128-4cfd-85a2-0eaa5dc1e585 {"type": "usd", "usd": 0.0}
2026-09-30 11:01:16 /background-jobs/3acf34a7-ba9c-4842-b950-ad3acd8e1031 {"type": "usd", "usd": 0.0}
2026-09-30 11:01:16 /background-jobs/7c98dc23-280a-40b8-829d-8a3bb34f5d53 {"type": "usd", "usd": 0.0}
2026-09-30 11:01:17 /background-jobs/99b2271b-1b48-4cec-92db-0f9e4e24e7d2 {"type": "usd", "usd": 0.0}
2026-09-30 11:01:17 /background-jobs/c0214686-0781-4cee-a1b4-c9b9dd831a30 {"type": "usd", "usd": 0.0}
2026-09-30 11:01:17 /background-jobs/8e8d4c68-4dc5-40f7-a210-cef5c2029398 {"type": "usd", "usd": 0.0}
2026-09-30 11:01:19 /background-jobs/9e90786f-5407-44d9-9c5d-5ebfd202b575 {"type": "usd", "usd": 0.0}
2026-09-30 11:01:22 /background-jobs/a3c49225-a128-4cfd-85a2-0eaa5dc1e585 {"type": "usd", "usd": 0.0}
2026-09-30 11:01:22 /background-jobs/3acf34a7-ba9c-4842-b950-ad3acd8e1031 {"type": "usd", "usd": 0.0}
2026-09-30 11:01:22 /background-jobs/7c98dc23-280a-40b8-829d-8a3bb34f5d53 {"type": "usd", "usd": 0.0}
2026-09-30 11:01:22 /background-jobs/99b2271b-1b48-4cec-92db-0f9e4e24e7d2 {"type": "usd", "usd": 0.0}
2026-09-30 11:01:23 /background-jobs/c0214686-0781-4cee-a1b4-c9b9dd831a30 {"type": "usd", "usd": 0.0}
2026-09-30 11:01:23 /background-jobs/8e8d4c68-4dc5-40f7-a210-cef5c2029398 {"type": "usd", "usd": 0.0}
2026-09-30 11:01:25 /background-jobs/9e90786f-5407-44d9-9c5d-5ebfd202b575 {"type": "usd", "usd": 0.0}
2026-09-30 11:01:27 /background-jobs/a3c49225-a128-4cfd-85a2-0eaa5dc1e585 {"type": "usd", "usd": 0.0}
2026-09-30 11:01:28 /background-jobs/3acf34a7-ba9c-4842-b950-ad3acd8e1031 {"type": "usd", "usd": 0.0}
2026-09-30 11:01:28 /background-jobs/7c98dc23-280a-40b8-829d-8a3bb34f5d53 {"type": "usd", "usd": 0.0}
2026-09-30 11:01:28 /background-jobs/99b2271b-1b48-4cec-92db-0f9e4e24e7d2 {"type": "usd", "usd": 0.0}
2026-09-30 11:01:29 /background-jobs/8e8d4c68-4dc5-40f7-a210-cef5c2029398 {"type": "usd", "usd": 0.0}
2026-09-30 11:01:29 /background-jobs/c0214686-0781-4cee-a1b4-c9b9dd831a30 {"type": "usd", "usd": 0.0}
2026-09-30 11:01:31 /background-jobs/9e90786f-5407-44d9-9c5d-5ebfd202b575 {"type": "usd", "usd": 0.0}
2026-09-30 11:01:33 /background-jobs/a3c49225-a128-4cfd-85a2-0eaa5dc1e585 {"type": "usd", "usd": 0.0}
2026-09-30 11:01:33 /background-jobs/3acf34a7-ba9c-4842-b950-ad3acd8e1031 {"type": "usd", "usd": 0.0}
2026-09-30 11:01:33 /background-jobs/7c98dc23-280a-40b8-829d-8a3bb34f5d53 {"type": "usd", "usd": 0.0}
2026-09-30 11:01:34 /background-jobs/99b2271b-1b48-4cec-92db-0f9e4e24e7d2 {"type": "usd", "usd": 0.0}
2026-09-30 11:01:34 /background-jobs/8e8d4c68-4dc5-40f7-a210-cef5c2029398 {"type": "usd", "usd": 0.0}
2026-09-30 11:01:35 /background-jobs/c0214686-0781-4cee-a1b4-c9b9dd831a30 {"type": "usd", "usd": 0.0}
2026-09-30 11:01:36 /background-jobs/9e90786f-5407-44d9-9c5d-5ebfd202b575 {"type": "usd", "usd": 0.0}
2026-09-30 11:01:39 /background-jobs/a3c49225-a128-4cfd-85a2-0eaa5dc1e585 {"type": "usd", "usd": 0.0}
2026-09-30 11:01:39 /background-jobs/3acf34a7-ba9c-4842-b950-ad3acd8e1031 {"type": "usd", "usd": 0.0}
2026-09-30 11:01:39 /background-jobs/7c98dc23-280a-40b8-829d-8a3bb34f5d53 {"type": "usd", "usd": 0.0}
2026-09-30 11:01:39 /background-jobs/99b2271b-1b48-4cec-92db-0f9e4e24e7d2 {"type": "usd", "usd": 0.0}
2026-09-30 11:01:40 /background-jobs/8e8d4c68-4dc5-40f7-a210-cef5c2029398 {"type": "generations", "generations": 1.0}
2026-09-30 11:01:40 /background-jobs/c0214686-0781-4cee-a1b4-c9b9dd831a30 {"type": "usd", "usd": 0.0}
2026-09-30 11:01:42 /background-jobs/9e90786f-5407-44d9-9c5d-5ebfd202b575 {"type": "usd", "usd": 0.0}
2026-09-30 11:01:45 /background-jobs/3acf34a7-ba9c-4842-b950-ad3acd8e1031 {"type": "usd", "usd": 0.0}
2026-09-30 11:01:45 /background-jobs/7c98dc23-280a-40b8-829d-8a3bb34f5d53 {"type": "usd", "usd": 0.0}
2026-09-30 11:01:45 /background-jobs/a3c49225-a128-4cfd-85a2-0eaa5dc1e585 {"type": "usd", "usd": 0.0}
2026-09-30 11:01:46 /background-jobs/c0214686-0781-4cee-a1b4-c9b9dd831a30 {"type": "usd", "usd": 0.0}
2026-09-30 11:01:47 /background-jobs/99b2271b-1b48-4cec-92db-0f9e4e24e7d2 {"type": "usd", "usd": 0.0}
2026-09-30 11:01:47 /background-jobs/6ef90a2b-7051-4d5f-8bde-4f1bc447a3bb {"type": "usd", "usd": 0.0}
2026-09-30 11:01:48 /background-jobs/9e90786f-5407-44d9-9c5d-5ebfd202b575 {"type": "usd", "usd": 0.0}
2026-09-30 11:01:50 /background-jobs/3acf34a7-ba9c-4842-b950-ad3acd8e1031 {"type": "usd", "usd": 0.0}
2026-09-30 11:01:51 /background-jobs/7c98dc23-280a-40b8-829d-8a3bb34f5d53 {"type": "usd", "usd": 0.0}
2026-09-30 11:01:51 /background-jobs/a3c49225-a128-4cfd-85a2-0eaa5dc1e585 {"type": "usd", "usd": 0.0}
2026-09-30 11:01:52 /background-jobs/c0214686-0781-4cee-a1b4-c9b9dd831a30 {"type": "usd", "usd": 0.0}
2026-09-30 11:01:52 /background-jobs/99b2271b-1b48-4cec-92db-0f9e4e24e7d2 {"type": "usd", "usd": 0.0}
2026-09-30 11:01:53 /background-jobs/6ef90a2b-7051-4d5f-8bde-4f1bc447a3bb {"type": "usd", "usd": 0.0}
2026-09-30 11:01:53 /background-jobs/9e90786f-5407-44d9-9c5d-5ebfd202b575 {"type": "usd", "usd": 0.0}
2026-09-30 11:01:56 /background-jobs/3acf34a7-ba9c-4842-b950-ad3acd8e1031 {"type": "usd", "usd": 0.0}
2026-09-30 11:01:56 /background-jobs/7c98dc23-280a-40b8-829d-8a3bb34f5d53 {"type": "usd", "usd": 0.0}
2026-09-30 11:01:56 /background-jobs/a3c49225-a128-4cfd-85a2-0eaa5dc1e585 {"type": "usd", "usd": 0.0}
2026-09-30 11:01:58 /background-jobs/c0214686-0781-4cee-a1b4-c9b9dd831a30 {"type": "usd", "usd": 0.0}
2026-09-30 11:01:58 /background-jobs/6ef90a2b-7051-4d5f-8bde-4f1bc447a3bb {"type": "usd", "usd": 0.0}
2026-09-30 11:01:59 /background-jobs/9e90786f-5407-44d9-9c5d-5ebfd202b575 {"type": "usd", "usd": 0.0}
2026-09-30 11:01:59 /background-jobs/99b2271b-1b48-4cec-92db-0f9e4e24e7d2 {"type": "usd", "usd": 0.0}
2026-09-30 11:02:02 /background-jobs/3acf34a7-ba9c-4842-b950-ad3acd8e1031 {"type": "usd", "usd": 0.0}
2026-09-30 11:02:02 /background-jobs/7c98dc23-280a-40b8-829d-8a3bb34f5d53 {"type": "usd", "usd": 0.0}
2026-09-30 11:02:02 /background-jobs/a3c49225-a128-4cfd-85a2-0eaa5dc1e585 {"type": "usd", "usd": 0.0}
2026-09-30 11:02:03 /background-jobs/c0214686-0781-4cee-a1b4-c9b9dd831a30 {"type": "usd", "usd": 0.0}
2026-09-30 11:02:04 /background-jobs/6ef90a2b-7051-4d5f-8bde-4f1bc447a3bb {"type": "usd", "usd": 0.0}
2026-09-30 11:02:05 /background-jobs/9e90786f-5407-44d9-9c5d-5ebfd202b575 {"type": "usd", "usd": 0.0}
2026-09-30 11:02:05 /background-jobs/99b2271b-1b48-4cec-92db-0f9e4e24e7d2 {"type": "usd", "usd": 0.0}
2026-09-30 11:02:07 /background-jobs/3acf34a7-ba9c-4842-b950-ad3acd8e1031 {"type": "usd", "usd": 0.0}
2026-09-30 11:02:08 /background-jobs/a3c49225-a128-4cfd-85a2-0eaa5dc1e585 {"type": "usd", "usd": 0.0}
2026-09-30 11:02:08 /background-jobs/7c98dc23-280a-40b8-829d-8a3bb34f5d53 {"type": "usd", "usd": 0.0}
2026-09-30 11:02:09 /background-jobs/c0214686-0781-4cee-a1b4-c9b9dd831a30 {"type": "usd", "usd": 0.0}
2026-09-30 11:02:10 /background-jobs/9e90786f-5407-44d9-9c5d-5ebfd202b575 {"type": "usd", "usd": 0.0}
2026-09-30 11:02:11 /background-jobs/6ef90a2b-7051-4d5f-8bde-4f1bc447a3bb {"type": "usd", "usd": 0.0}
2026-09-30 11:02:11 /background-jobs/99b2271b-1b48-4cec-92db-0f9e4e24e7d2 {"type": "usd", "usd": 0.0}
2026-09-30 11:02:13 /background-jobs/3acf34a7-ba9c-4842-b950-ad3acd8e1031 {"type": "usd", "usd": 0.0}
2026-09-30 11:02:13 /background-jobs/a3c49225-a128-4cfd-85a2-0eaa5dc1e585 {"type": "usd", "usd": 0.0}
2026-09-30 11:02:15 /background-jobs/c0214686-0781-4cee-a1b4-c9b9dd831a30 {"type": "usd", "usd": 0.0}
2026-09-30 11:02:16 /background-jobs/9e90786f-5407-44d9-9c5d-5ebfd202b575 {"type": "usd", "usd": 0.0}
2026-09-30 11:02:18 /background-jobs/99b2271b-1b48-4cec-92db-0f9e4e24e7d2 {"type": "usd", "usd": 0.0}
2026-09-30 11:02:18 /background-jobs/6ef90a2b-7051-4d5f-8bde-4f1bc447a3bb {"type": "usd", "usd": 0.0}
2026-09-30 11:02:19 /background-jobs/3acf34a7-ba9c-4842-b950-ad3acd8e1031 {"type": "usd", "usd": 0.0}
2026-09-30 11:02:19 /background-jobs/a3c49225-a128-4cfd-85a2-0eaa5dc1e585 {"type": "usd", "usd": 0.0}
2026-09-30 11:02:20 /background-jobs/c0214686-0781-4cee-a1b4-c9b9dd831a30 {"type": "usd", "usd": 0.0}
2026-09-30 11:02:22 /background-jobs/7c98dc23-280a-40b8-829d-8a3bb34f5d53 {"type": "usd", "usd": 0.0}
2026-09-30 11:02:22 /background-jobs/9e90786f-5407-44d9-9c5d-5ebfd202b575 {"type": "usd", "usd": 0.0}
2026-09-30 11:02:23 /background-jobs/99b2271b-1b48-4cec-92db-0f9e4e24e7d2 {"type": "usd", "usd": 0.0}
2026-09-30 11:02:23 /background-jobs/6ef90a2b-7051-4d5f-8bde-4f1bc447a3bb {"type": "usd", "usd": 0.0}
2026-09-30 11:02:25 /background-jobs/3acf34a7-ba9c-4842-b950-ad3acd8e1031 {"type": "usd", "usd": 0.0}
2026-09-30 11:02:26 /background-jobs/c0214686-0781-4cee-a1b4-c9b9dd831a30 {"type": "usd", "usd": 0.0}
2026-09-30 11:02:26 /background-jobs/a3c49225-a128-4cfd-85a2-0eaa5dc1e585 {"type": "usd", "usd": 0.0}
2026-09-30 11:02:27 /background-jobs/7c98dc23-280a-40b8-829d-8a3bb34f5d53 {"type": "usd", "usd": 0.0}
2026-09-30 11:02:27 /background-jobs/9e90786f-5407-44d9-9c5d-5ebfd202b575 {"type": "usd", "usd": 0.0}
2026-09-30 11:02:29 /background-jobs/6ef90a2b-7051-4d5f-8bde-4f1bc447a3bb {"type": "usd", "usd": 0.0}
2026-09-30 11:02:29 /background-jobs/99b2271b-1b48-4cec-92db-0f9e4e24e7d2 {"type": "usd", "usd": 0.0}
2026-09-30 11:02:31 /background-jobs/3acf34a7-ba9c-4842-b950-ad3acd8e1031 {"type": "usd", "usd": 0.0}
2026-09-30 11:02:31 /background-jobs/c0214686-0781-4cee-a1b4-c9b9dd831a30 {"type": "usd", "usd": 0.0}
2026-09-30 11:02:32 /background-jobs/a3c49225-a128-4cfd-85a2-0eaa5dc1e585 {"type": "usd", "usd": 0.0}
2026-09-30 11:02:33 /background-jobs/7c98dc23-280a-40b8-829d-8a3bb34f5d53 {"type": "usd", "usd": 0.0}
2026-09-30 11:02:33 /background-jobs/9e90786f-5407-44d9-9c5d-5ebfd202b575 {"type": "usd", "usd": 0.0}
2026-09-30 11:02:35 /background-jobs/6ef90a2b-7051-4d5f-8bde-4f1bc447a3bb {"type": "usd", "usd": 0.0}
2026-09-30 11:02:35 /background-jobs/99b2271b-1b48-4cec-92db-0f9e4e24e7d2 {"type": "usd", "usd": 0.0}
2026-09-30 11:02:36 /background-jobs/3acf34a7-ba9c-4842-b950-ad3acd8e1031 {"type": "usd", "usd": 0.0}
2026-09-30 11:02:37 /background-jobs/c0214686-0781-4cee-a1b4-c9b9dd831a30 {"type": "usd", "usd": 0.0}
2026-09-30 11:02:38 /background-jobs/a3c49225-a128-4cfd-85a2-0eaa5dc1e585 {"type": "usd", "usd": 0.0}
2026-09-30 11:02:38 /background-jobs/7c98dc23-280a-40b8-829d-8a3bb34f5d53 {"type": "usd", "usd": 0.0}
2026-09-30 11:02:39 /background-jobs/9e90786f-5407-44d9-9c5d-5ebfd202b575 {"type": "usd", "usd": 0.0}
2026-09-30 11:02:40 /background-jobs/6ef90a2b-7051-4d5f-8bde-4f1bc447a3bb {"type": "usd", "usd": 0.0}
2026-09-30 11:02:40 /background-jobs/99b2271b-1b48-4cec-92db-0f9e4e24e7d2 {"type": "usd", "usd": 0.0}
2026-09-30 11:02:42 /background-jobs/3acf34a7-ba9c-4842-b950-ad3acd8e1031 {"type": "usd", "usd": 0.0}
2026-09-30 11:02:43 /background-jobs/c0214686-0781-4cee-a1b4-c9b9dd831a30 {"type": "usd", "usd": 0.0}
2026-09-30 11:02:43 /background-jobs/a3c49225-a128-4cfd-85a2-0eaa5dc1e585 {"type": "usd", "usd": 0.0}
2026-09-30 11:02:44 /background-jobs/7c98dc23-280a-40b8-829d-8a3bb34f5d53 {"type": "usd", "usd": 0.0}
2026-09-30 11:02:44 /background-jobs/9e90786f-5407-44d9-9c5d-5ebfd202b575 {"type": "usd", "usd": 0.0}
2026-09-30 11:02:46 /background-jobs/99b2271b-1b48-4cec-92db-0f9e4e24e7d2 {"type": "usd", "usd": 0.0}
2026-09-30 11:02:46 /background-jobs/6ef90a2b-7051-4d5f-8bde-4f1bc447a3bb {"type": "usd", "usd": 0.0}
2026-09-30 11:02:48 /background-jobs/3acf34a7-ba9c-4842-b950-ad3acd8e1031 {"type": "usd", "usd": 0.0}
2026-09-30 11:02:49 /background-jobs/c0214686-0781-4cee-a1b4-c9b9dd831a30 {"type": "usd", "usd": 0.0}
2026-09-30 11:02:49 /background-jobs/a3c49225-a128-4cfd-85a2-0eaa5dc1e585 {"type": "usd", "usd": 0.0}
2026-09-30 11:02:50 /background-jobs/7c98dc23-280a-40b8-829d-8a3bb34f5d53 {"type": "usd", "usd": 0.0}
2026-09-30 11:02:50 /background-jobs/9e90786f-5407-44d9-9c5d-5ebfd202b575 {"type": "usd", "usd": 0.0}
2026-09-30 11:02:52 /background-jobs/99b2271b-1b48-4cec-92db-0f9e4e24e7d2 {"type": "usd", "usd": 0.0}
2026-09-30 11:02:52 /background-jobs/6ef90a2b-7051-4d5f-8bde-4f1bc447a3bb {"type": "usd", "usd": 0.0}
2026-09-30 11:02:53 /background-jobs/3acf34a7-ba9c-4842-b950-ad3acd8e1031 {"type": "usd", "usd": 0.0}
2026-09-30 11:02:54 /background-jobs/c0214686-0781-4cee-a1b4-c9b9dd831a30 {"type": "usd", "usd": 0.0}
2026-09-30 11:02:55 /background-jobs/a3c49225-a128-4cfd-85a2-0eaa5dc1e585 {"type": "usd", "usd": 0.0}
2026-09-30 11:02:56 /background-jobs/7c98dc23-280a-40b8-829d-8a3bb34f5d53 {"type": "usd", "usd": 0.0}
2026-09-30 11:02:56 /background-jobs/9e90786f-5407-44d9-9c5d-5ebfd202b575 {"type": "usd", "usd": 0.0}
2026-09-30 11:02:57 /background-jobs/99b2271b-1b48-4cec-92db-0f9e4e24e7d2 {"type": "usd", "usd": 0.0}
2026-09-30 11:02:57 /background-jobs/6ef90a2b-7051-4d5f-8bde-4f1bc447a3bb {"type": "usd", "usd": 0.0}
2026-09-30 11:02:59 /background-jobs/3acf34a7-ba9c-4842-b950-ad3acd8e1031 {"type": "usd", "usd": 0.0}
2026-09-30 11:03:00 /background-jobs/c0214686-0781-4cee-a1b4-c9b9dd831a30 {"type": "usd", "usd": 0.0}
2026-09-30 11:03:01 /background-jobs/a3c49225-a128-4cfd-85a2-0eaa5dc1e585 {"type": "usd", "usd": 0.0}
2026-09-30 11:03:01 /background-jobs/7c98dc23-280a-40b8-829d-8a3bb34f5d53 {"type": "usd", "usd": 0.0}
2026-09-30 11:03:02 /background-jobs/9e90786f-5407-44d9-9c5d-5ebfd202b575 {"type": "usd", "usd": 0.0}
2026-09-30 11:03:03 /background-jobs/99b2271b-1b48-4cec-92db-0f9e4e24e7d2 {"type": "usd", "usd": 0.0}
2026-09-30 11:03:03 /background-jobs/6ef90a2b-7051-4d5f-8bde-4f1bc447a3bb {"type": "usd", "usd": 0.0}
2026-09-30 11:03:05 /background-jobs/3acf34a7-ba9c-4842-b950-ad3acd8e1031 {"type": "usd", "usd": 0.0}
2026-09-30 11:03:06 /background-jobs/c0214686-0781-4cee-a1b4-c9b9dd831a30 {"type": "usd", "usd": 0.0}
2026-09-30 11:03:07 /background-jobs/a3c49225-a128-4cfd-85a2-0eaa5dc1e585 {"type": "usd", "usd": 0.0}
2026-09-30 11:03:07 /background-jobs/7c98dc23-280a-40b8-829d-8a3bb34f5d53 {"type": "usd", "usd": 0.0}
2026-09-30 11:03:07 /background-jobs/9e90786f-5407-44d9-9c5d-5ebfd202b575 {"type": "usd", "usd": 0.0}
2026-09-30 11:03:09 /background-jobs/99b2271b-1b48-4cec-92db-0f9e4e24e7d2 {"type": "usd", "usd": 0.0}
2026-09-30 11:03:09 /background-jobs/6ef90a2b-7051-4d5f-8bde-4f1bc447a3bb {"type": "usd", "usd": 0.0}
2026-09-30 11:03:10 /background-jobs/3acf34a7-ba9c-4842-b950-ad3acd8e1031 {"type": "usd", "usd": 0.0}
2026-09-30 11:03:11 /background-jobs/c0214686-0781-4cee-a1b4-c9b9dd831a30 {"type": "usd", "usd": 0.0}
2026-09-30 11:03:13 /background-jobs/a3c49225-a128-4cfd-85a2-0eaa5dc1e585 {"type": "usd", "usd": 0.0}
2026-09-30 11:03:13 /background-jobs/9e90786f-5407-44d9-9c5d-5ebfd202b575 {"type": "usd", "usd": 0.0}
2026-09-30 11:03:13 /background-jobs/7c98dc23-280a-40b8-829d-8a3bb34f5d53 {"type": "usd", "usd": 0.0}
2026-09-30 11:03:14 /background-jobs/99b2271b-1b48-4cec-92db-0f9e4e24e7d2 {"type": "usd", "usd": 0.0}
2026-09-30 11:03:14 /background-jobs/6ef90a2b-7051-4d5f-8bde-4f1bc447a3bb {"type": "usd", "usd": 0.0}
2026-09-30 11:03:16 /background-jobs/3acf34a7-ba9c-4842-b950-ad3acd8e1031 {"type": "usd", "usd": 0.0}
2026-09-30 11:03:17 /background-jobs/c0214686-0781-4cee-a1b4-c9b9dd831a30 {"type": "usd", "usd": 0.0}
2026-09-30 11:03:19 /background-jobs/9e90786f-5407-44d9-9c5d-5ebfd202b575 {"type": "usd", "usd": 0.0}
2026-09-30 11:03:19 /background-jobs/7c98dc23-280a-40b8-829d-8a3bb34f5d53 {"type": "usd", "usd": 0.0}
2026-09-30 11:03:19 /background-jobs/a3c49225-a128-4cfd-85a2-0eaa5dc1e585 {"type": "usd", "usd": 0.0}
2026-09-30 11:03:20 /background-jobs/99b2271b-1b48-4cec-92db-0f9e4e24e7d2 {"type": "usd", "usd": 0.0}
2026-09-30 11:03:22 /background-jobs/3acf34a7-ba9c-4842-b950-ad3acd8e1031 {"type": "usd", "usd": 0.0}
2026-09-30 11:03:22 /background-jobs/6ef90a2b-7051-4d5f-8bde-4f1bc447a3bb {"type": "usd", "usd": 0.0}
2026-09-30 11:03:23 /background-jobs/c0214686-0781-4cee-a1b4-c9b9dd831a30 {"type": "usd", "usd": 0.0}
2026-09-30 11:03:25 /background-jobs/9e90786f-5407-44d9-9c5d-5ebfd202b575 {"type": "usd", "usd": 0.0}
2026-09-30 11:03:25 /background-jobs/7c98dc23-280a-40b8-829d-8a3bb34f5d53 {"type": "usd", "usd": 0.0}
2026-09-30 11:03:25 /background-jobs/a3c49225-a128-4cfd-85a2-0eaa5dc1e585 {"type": "usd", "usd": 0.0}
2026-09-30 11:03:26 /background-jobs/99b2271b-1b48-4cec-92db-0f9e4e24e7d2 {"type": "usd", "usd": 0.0}
2026-09-30 11:03:28 /background-jobs/3acf34a7-ba9c-4842-b950-ad3acd8e1031 {"type": "usd", "usd": 0.0}
2026-09-30 11:03:28 /background-jobs/6ef90a2b-7051-4d5f-8bde-4f1bc447a3bb {"type": "usd", "usd": 0.0}
2026-09-30 11:03:28 /background-jobs/c0214686-0781-4cee-a1b4-c9b9dd831a30 {"type": "usd", "usd": 0.0}
2026-09-30 11:03:30 /background-jobs/9e90786f-5407-44d9-9c5d-5ebfd202b575 {"type": "usd", "usd": 0.0}
2026-09-30 11:03:30 /background-jobs/7c98dc23-280a-40b8-829d-8a3bb34f5d53 {"type": "usd", "usd": 0.0}
2026-09-30 11:03:31 /background-jobs/a3c49225-a128-4cfd-85a2-0eaa5dc1e585 {"type": "usd", "usd": 0.0}
2026-09-30 11:03:31 /background-jobs/99b2271b-1b48-4cec-92db-0f9e4e24e7d2 {"type": "usd", "usd": 0.0}
2026-09-30 11:03:34 /background-jobs/3acf34a7-ba9c-4842-b950-ad3acd8e1031 {"type": "usd", "usd": 0.0}
2026-09-30 11:03:34 /background-jobs/6ef90a2b-7051-4d5f-8bde-4f1bc447a3bb {"type": "usd", "usd": 0.0}
2026-09-30 11:03:35 /background-jobs/c0214686-0781-4cee-a1b4-c9b9dd831a30 {"type": "usd", "usd": 0.0}
2026-09-30 11:03:36 /background-jobs/9e90786f-5407-44d9-9c5d-5ebfd202b575 {"type": "usd", "usd": 0.0}
2026-09-30 11:03:36 /background-jobs/a3c49225-a128-4cfd-85a2-0eaa5dc1e585 {"type": "usd", "usd": 0.0}
2026-09-30 11:03:37 /background-jobs/99b2271b-1b48-4cec-92db-0f9e4e24e7d2 {"type": "usd", "usd": 0.0}
2026-09-30 11:03:38 /background-jobs/7c98dc23-280a-40b8-829d-8a3bb34f5d53 {"type": "generations", "generations": 1.0}
2026-09-30 11:03:39 /background-jobs/3acf34a7-ba9c-4842-b950-ad3acd8e1031 {"type": "usd", "usd": 0.0}
2026-09-30 11:03:40 /background-jobs/6ef90a2b-7051-4d5f-8bde-4f1bc447a3bb {"type": "usd", "usd": 0.0}
2026-09-30 11:03:41 /background-jobs/c0214686-0781-4cee-a1b4-c9b9dd831a30 {"type": "usd", "usd": 0.0}
2026-09-30 11:03:42 /background-jobs/9e90786f-5407-44d9-9c5d-5ebfd202b575 {"type": "usd", "usd": 0.0}
2026-09-30 11:03:42 /background-jobs/a3c49225-a128-4cfd-85a2-0eaa5dc1e585 {"type": "usd", "usd": 0.0}
2026-09-30 11:03:43 /background-jobs/99b2271b-1b48-4cec-92db-0f9e4e24e7d2 {"type": "usd", "usd": 0.0}
2026-09-30 11:03:43 /background-jobs/7c98dc23-280a-40b8-829d-8a3bb34f5d53 {"type": "generations", "generations": 1.0}
2026-09-30 11:03:45 /background-jobs/3acf34a7-ba9c-4842-b950-ad3acd8e1031 {"type": "usd", "usd": 0.0}
2026-09-30 11:03:45 /background-jobs/6ef90a2b-7051-4d5f-8bde-4f1bc447a3bb {"type": "usd", "usd": 0.0}
2026-09-30 11:03:46 /background-jobs/c0214686-0781-4cee-a1b4-c9b9dd831a30 {"type": "usd", "usd": 0.0}
2026-09-30 11:03:48 /background-jobs/9e90786f-5407-44d9-9c5d-5ebfd202b575 {"type": "usd", "usd": 0.0}
2026-09-30 11:03:48 /background-jobs/a3c49225-a128-4cfd-85a2-0eaa5dc1e585 {"type": "usd", "usd": 0.0}
2026-09-30 11:03:49 /background-jobs/99b2271b-1b48-4cec-92db-0f9e4e24e7d2 {"type": "usd", "usd": 0.0}
2026-09-30 11:03:51 /background-jobs/3acf34a7-ba9c-4842-b950-ad3acd8e1031 {"type": "usd", "usd": 0.0}
2026-09-30 11:03:51 /background-jobs/6ef90a2b-7051-4d5f-8bde-4f1bc447a3bb {"type": "usd", "usd": 0.0}
2026-09-30 11:03:52 /background-jobs/c0214686-0781-4cee-a1b4-c9b9dd831a30 {"type": "usd", "usd": 0.0}
2026-09-30 11:03:53 /background-jobs/9e90786f-5407-44d9-9c5d-5ebfd202b575 {"type": "usd", "usd": 0.0}
2026-09-30 11:03:53 /background-jobs/a3c49225-a128-4cfd-85a2-0eaa5dc1e585 {"type": "usd", "usd": 0.0}
2026-09-30 11:03:55 /background-jobs/99b2271b-1b48-4cec-92db-0f9e4e24e7d2 {"type": "usd", "usd": 0.0}
2026-09-30 11:03:56 /background-jobs/3acf34a7-ba9c-4842-b950-ad3acd8e1031 {"type": "usd", "usd": 0.0}
2026-09-30 11:03:57 /background-jobs/6ef90a2b-7051-4d5f-8bde-4f1bc447a3bb {"type": "usd", "usd": 0.0}
2026-09-30 11:03:58 /background-jobs/c0214686-0781-4cee-a1b4-c9b9dd831a30 {"type": "usd", "usd": 0.0}
2026-09-30 11:03:59 /background-jobs/9e90786f-5407-44d9-9c5d-5ebfd202b575 {"type": "usd", "usd": 0.0}
2026-09-30 11:03:59 /background-jobs/a3c49225-a128-4cfd-85a2-0eaa5dc1e585 {"type": "usd", "usd": 0.0}
2026-09-30 11:04:01 /background-jobs/99b2271b-1b48-4cec-92db-0f9e4e24e7d2 {"type": "usd", "usd": 0.0}
2026-09-30 11:04:02 /background-jobs/3acf34a7-ba9c-4842-b950-ad3acd8e1031 {"type": "usd", "usd": 0.0}
2026-09-30 11:04:02 /background-jobs/6ef90a2b-7051-4d5f-8bde-4f1bc447a3bb {"type": "usd", "usd": 0.0}
2026-09-30 11:04:04 /background-jobs/c0214686-0781-4cee-a1b4-c9b9dd831a30 {"type": "usd", "usd": 0.0}
2026-09-30 11:04:05 /background-jobs/9e90786f-5407-44d9-9c5d-5ebfd202b575 {"type": "usd", "usd": 0.0}
2026-09-30 11:04:05 /background-jobs/a3c49225-a128-4cfd-85a2-0eaa5dc1e585 {"type": "usd", "usd": 0.0}
2026-09-30 11:04:06 /background-jobs/99b2271b-1b48-4cec-92db-0f9e4e24e7d2 {"type": "usd", "usd": 0.0}
2026-09-30 11:04:08 /background-jobs/3acf34a7-ba9c-4842-b950-ad3acd8e1031 {"type": "usd", "usd": 0.0}
2026-09-30 11:04:09 /background-jobs/6ef90a2b-7051-4d5f-8bde-4f1bc447a3bb {"type": "usd", "usd": 0.0}
2026-09-30 11:04:09 /background-jobs/c0214686-0781-4cee-a1b4-c9b9dd831a30 {"type": "usd", "usd": 0.0}
2026-09-30 11:04:11 /background-jobs/9e90786f-5407-44d9-9c5d-5ebfd202b575 {"type": "usd", "usd": 0.0}
2026-09-30 11:04:11 /background-jobs/a3c49225-a128-4cfd-85a2-0eaa5dc1e585 {"type": "usd", "usd": 0.0}
2026-09-30 11:04:12 /background-jobs/99b2271b-1b48-4cec-92db-0f9e4e24e7d2 {"type": "usd", "usd": 0.0}
2026-09-30 11:04:14 /background-jobs/3acf34a7-ba9c-4842-b950-ad3acd8e1031 {"type": "usd", "usd": 0.0}
2026-09-30 11:04:15 /background-jobs/c0214686-0781-4cee-a1b4-c9b9dd831a30 {"type": "usd", "usd": 0.0}
2026-09-30 11:04:17 /background-jobs/6ef90a2b-7051-4d5f-8bde-4f1bc447a3bb {"type": "usd", "usd": 0.0}
2026-09-30 11:04:17 /background-jobs/9e90786f-5407-44d9-9c5d-5ebfd202b575 {"type": "usd", "usd": 0.0}
2026-09-30 11:04:18 /background-jobs/a3c49225-a128-4cfd-85a2-0eaa5dc1e585 {"type": "usd", "usd": 0.0}
2026-09-30 11:04:18 /background-jobs/99b2271b-1b48-4cec-92db-0f9e4e24e7d2 {"type": "usd", "usd": 0.0}
2026-09-30 11:04:19 /background-jobs/3acf34a7-ba9c-4842-b950-ad3acd8e1031 {"type": "usd", "usd": 0.0}
2026-09-30 11:04:21 /background-jobs/c0214686-0781-4cee-a1b4-c9b9dd831a30 {"type": "usd", "usd": 0.0}
2026-09-30 11:04:23 /background-jobs/9e90786f-5407-44d9-9c5d-5ebfd202b575 {"type": "usd", "usd": 0.0}
2026-09-30 11:04:23 /background-jobs/6ef90a2b-7051-4d5f-8bde-4f1bc447a3bb {"type": "usd", "usd": 0.0}
2026-09-30 11:04:23 /background-jobs/a3c49225-a128-4cfd-85a2-0eaa5dc1e585 {"type": "usd", "usd": 0.0}
2026-09-30 11:04:24 /background-jobs/99b2271b-1b48-4cec-92db-0f9e4e24e7d2 {"type": "usd", "usd": 0.0}
2026-09-30 11:04:25 /background-jobs/3acf34a7-ba9c-4842-b950-ad3acd8e1031 {"type": "usd", "usd": 0.0}
2026-09-30 11:04:27 /background-jobs/c0214686-0781-4cee-a1b4-c9b9dd831a30 {"type": "usd", "usd": 0.0}
2026-09-30 11:04:29 /background-jobs/9e90786f-5407-44d9-9c5d-5ebfd202b575 {"type": "usd", "usd": 0.0}
2026-09-30 11:04:29 /background-jobs/a3c49225-a128-4cfd-85a2-0eaa5dc1e585 {"type": "usd", "usd": 0.0}
2026-09-30 11:04:29 /background-jobs/6ef90a2b-7051-4d5f-8bde-4f1bc447a3bb {"type": "usd", "usd": 0.0}
2026-09-30 11:04:30 /background-jobs/99b2271b-1b48-4cec-92db-0f9e4e24e7d2 {"type": "usd", "usd": 0.0}
2026-09-30 11:04:31 /background-jobs/3acf34a7-ba9c-4842-b950-ad3acd8e1031 {"type": "usd", "usd": 0.0}
2026-09-30 11:04:33 /background-jobs/c0214686-0781-4cee-a1b4-c9b9dd831a30 {"type": "usd", "usd": 0.0}
2026-09-30 11:04:34 /background-jobs/9e90786f-5407-44d9-9c5d-5ebfd202b575 {"type": "usd", "usd": 0.0}
2026-09-30 11:04:35 /background-jobs/a3c49225-a128-4cfd-85a2-0eaa5dc1e585 {"type": "usd", "usd": 0.0}
2026-09-30 11:04:35 /background-jobs/6ef90a2b-7051-4d5f-8bde-4f1bc447a3bb {"type": "usd", "usd": 0.0}
2026-09-30 11:04:36 /background-jobs/99b2271b-1b48-4cec-92db-0f9e4e24e7d2 {"type": "usd", "usd": 0.0}
2026-09-30 11:04:36 /background-jobs/3acf34a7-ba9c-4842-b950-ad3acd8e1031 {"type": "usd", "usd": 0.0}
2026-09-30 11:04:38 /background-jobs/c0214686-0781-4cee-a1b4-c9b9dd831a30 {"type": "usd", "usd": 0.0}
2026-09-30 11:04:40 /background-jobs/9e90786f-5407-44d9-9c5d-5ebfd202b575 {"type": "usd", "usd": 0.0}
2026-09-30 11:04:40 /background-jobs/a3c49225-a128-4cfd-85a2-0eaa5dc1e585 {"type": "usd", "usd": 0.0}
2026-09-30 11:04:40 /background-jobs/6ef90a2b-7051-4d5f-8bde-4f1bc447a3bb {"type": "usd", "usd": 0.0}
2026-09-30 11:04:41 /background-jobs/99b2271b-1b48-4cec-92db-0f9e4e24e7d2 {"type": "usd", "usd": 0.0}
2026-09-30 11:04:43 /background-jobs/3acf34a7-ba9c-4842-b950-ad3acd8e1031 {"type": "usd", "usd": 0.0}
2026-09-30 11:04:44 /background-jobs/c0214686-0781-4cee-a1b4-c9b9dd831a30 {"type": "usd", "usd": 0.0}
2026-09-30 11:04:46 /background-jobs/9e90786f-5407-44d9-9c5d-5ebfd202b575 {"type": "usd", "usd": 0.0}
2026-09-30 11:04:46 /background-jobs/6ef90a2b-7051-4d5f-8bde-4f1bc447a3bb {"type": "usd", "usd": 0.0}
2026-09-30 11:04:46 /background-jobs/a3c49225-a128-4cfd-85a2-0eaa5dc1e585 {"type": "usd", "usd": 0.0}
2026-09-30 11:04:48 /background-jobs/99b2271b-1b48-4cec-92db-0f9e4e24e7d2 {"type": "usd", "usd": 0.0}
2026-09-30 11:04:48 /background-jobs/3acf34a7-ba9c-4842-b950-ad3acd8e1031 {"type": "usd", "usd": 0.0}
2026-09-30 11:04:50 /background-jobs/c0214686-0781-4cee-a1b4-c9b9dd831a30 {"type": "usd", "usd": 0.0}
2026-09-30 11:04:52 /background-jobs/9e90786f-5407-44d9-9c5d-5ebfd202b575 {"type": "usd", "usd": 0.0}
2026-09-30 11:04:52 /background-jobs/6ef90a2b-7051-4d5f-8bde-4f1bc447a3bb {"type": "usd", "usd": 0.0}
2026-09-30 11:04:52 /background-jobs/a3c49225-a128-4cfd-85a2-0eaa5dc1e585 {"type": "usd", "usd": 0.0}
2026-09-30 11:04:54 /background-jobs/99b2271b-1b48-4cec-92db-0f9e4e24e7d2 {"type": "usd", "usd": 0.0}
2026-09-30 11:04:54 /background-jobs/3acf34a7-ba9c-4842-b950-ad3acd8e1031 {"type": "usd", "usd": 0.0}
2026-09-30 11:04:56 /background-jobs/c0214686-0781-4cee-a1b4-c9b9dd831a30 {"type": "usd", "usd": 0.0}
2026-09-30 11:04:57 /background-jobs/9e90786f-5407-44d9-9c5d-5ebfd202b575 {"type": "usd", "usd": 0.0}
2026-09-30 11:04:57 /background-jobs/a3c49225-a128-4cfd-85a2-0eaa5dc1e585 {"type": "usd", "usd": 0.0}
2026-09-30 11:04:57 /background-jobs/6ef90a2b-7051-4d5f-8bde-4f1bc447a3bb {"type": "usd", "usd": 0.0}
2026-09-30 11:05:00 /background-jobs/99b2271b-1b48-4cec-92db-0f9e4e24e7d2 {"type": "usd", "usd": 0.0}
2026-09-30 11:05:01 /background-jobs/3acf34a7-ba9c-4842-b950-ad3acd8e1031 {"type": "usd", "usd": 0.0}
2026-09-30 11:05:01 /background-jobs/c0214686-0781-4cee-a1b4-c9b9dd831a30 {"type": "usd", "usd": 0.0}
2026-09-30 11:05:03 /background-jobs/9e90786f-5407-44d9-9c5d-5ebfd202b575 {"type": "usd", "usd": 0.0}
2026-09-30 11:05:03 /background-jobs/a3c49225-a128-4cfd-85a2-0eaa5dc1e585 {"type": "usd", "usd": 0.0}
2026-09-30 11:05:03 /background-jobs/6ef90a2b-7051-4d5f-8bde-4f1bc447a3bb {"type": "usd", "usd": 0.0}
2026-09-30 11:05:06 /background-jobs/99b2271b-1b48-4cec-92db-0f9e4e24e7d2 {"type": "usd", "usd": 0.0}
2026-09-30 11:05:07 /background-jobs/3acf34a7-ba9c-4842-b950-ad3acd8e1031 {"type": "usd", "usd": 0.0}
2026-09-30 11:05:07 /background-jobs/c0214686-0781-4cee-a1b4-c9b9dd831a30 {"type": "usd", "usd": 0.0}
2026-09-30 11:05:09 /background-jobs/9e90786f-5407-44d9-9c5d-5ebfd202b575 {"type": "usd", "usd": 0.0}
2026-09-30 11:05:11 /background-jobs/a3c49225-a128-4cfd-85a2-0eaa5dc1e585 {"type": "usd", "usd": 0.0}
2026-09-30 11:05:11 /background-jobs/99b2271b-1b48-4cec-92db-0f9e4e24e7d2 {"type": "usd", "usd": 0.0}
2026-09-30 11:05:12 /background-jobs/6ef90a2b-7051-4d5f-8bde-4f1bc447a3bb {"type": "usd", "usd": 0.0}
2026-09-30 11:05:13 /background-jobs/3acf34a7-ba9c-4842-b950-ad3acd8e1031 {"type": "usd", "usd": 0.0}
2026-09-30 11:05:13 /background-jobs/c0214686-0781-4cee-a1b4-c9b9dd831a30 {"type": "usd", "usd": 0.0}
2026-09-30 11:05:15 /background-jobs/9e90786f-5407-44d9-9c5d-5ebfd202b575 {"type": "usd", "usd": 0.0}
2026-09-30 11:05:17 /background-jobs/a3c49225-a128-4cfd-85a2-0eaa5dc1e585 {"type": "usd", "usd": 0.0}
2026-09-30 11:05:18 /background-jobs/99b2271b-1b48-4cec-92db-0f9e4e24e7d2 {"type": "usd", "usd": 0.0}
2026-09-30 11:05:18 /background-jobs/6ef90a2b-7051-4d5f-8bde-4f1bc447a3bb {"type": "usd", "usd": 0.0}
2026-09-30 11:05:19 /background-jobs/3acf34a7-ba9c-4842-b950-ad3acd8e1031 {"type": "usd", "usd": 0.0}
2026-09-30 11:05:19 /background-jobs/c0214686-0781-4cee-a1b4-c9b9dd831a30 {"type": "usd", "usd": 0.0}
2026-09-30 11:05:20 /background-jobs/9e90786f-5407-44d9-9c5d-5ebfd202b575 {"type": "usd", "usd": 0.0}
2026-09-30 11:05:23 /background-jobs/a3c49225-a128-4cfd-85a2-0eaa5dc1e585 {"type": "usd", "usd": 0.0}
2026-09-30 11:05:24 /background-jobs/99b2271b-1b48-4cec-92db-0f9e4e24e7d2 {"type": "usd", "usd": 0.0}
2026-09-30 11:05:26 /background-jobs/6ef90a2b-7051-4d5f-8bde-4f1bc447a3bb {"type": "usd", "usd": 0.0}
2026-09-30 11:05:26 /background-jobs/c0214686-0781-4cee-a1b4-c9b9dd831a30 {"type": "usd", "usd": 0.0}
2026-09-30 11:05:26 /background-jobs/9e90786f-5407-44d9-9c5d-5ebfd202b575 {"type": "usd", "usd": 0.0}
2026-09-30 11:05:26 /background-jobs/3acf34a7-ba9c-4842-b950-ad3acd8e1031 {"type": "usd", "usd": 0.0}
2026-09-30 11:05:29 /background-jobs/a3c49225-a128-4cfd-85a2-0eaa5dc1e585 {"type": "usd", "usd": 0.0}
2026-09-30 11:05:30 /background-jobs/99b2271b-1b48-4cec-92db-0f9e4e24e7d2 {"type": "usd", "usd": 0.0}
2026-09-30 11:05:31 /background-jobs/6ef90a2b-7051-4d5f-8bde-4f1bc447a3bb {"type": "usd", "usd": 0.0}
2026-09-30 11:05:32 /background-jobs/c0214686-0781-4cee-a1b4-c9b9dd831a30 {"type": "usd", "usd": 0.0}
2026-09-30 11:05:32 /background-jobs/9e90786f-5407-44d9-9c5d-5ebfd202b575 {"type": "usd", "usd": 0.0}
2026-09-30 11:05:32 /background-jobs/3acf34a7-ba9c-4842-b950-ad3acd8e1031 {"type": "usd", "usd": 0.0}
2026-09-30 11:05:35 /background-jobs/a3c49225-a128-4cfd-85a2-0eaa5dc1e585 {"type": "usd", "usd": 0.0}
2026-09-30 11:05:37 /background-jobs/99b2271b-1b48-4cec-92db-0f9e4e24e7d2 {"type": "usd", "usd": 0.0}
2026-09-30 11:05:37 /background-jobs/6ef90a2b-7051-4d5f-8bde-4f1bc447a3bb {"type": "usd", "usd": 0.0}
2026-09-30 11:05:37 /background-jobs/c0214686-0781-4cee-a1b4-c9b9dd831a30 {"type": "usd", "usd": 0.0}
2026-09-30 11:05:38 /background-jobs/9e90786f-5407-44d9-9c5d-5ebfd202b575 {"type": "usd", "usd": 0.0}
2026-09-30 11:05:39 /background-jobs/3acf34a7-ba9c-4842-b950-ad3acd8e1031 {"type": "usd", "usd": 0.0}
2026-09-30 11:05:40 /background-jobs/a3c49225-a128-4cfd-85a2-0eaa5dc1e585 {"type": "usd", "usd": 0.0}
2026-09-30 11:05:42 /background-jobs/99b2271b-1b48-4cec-92db-0f9e4e24e7d2 {"type": "usd", "usd": 0.0}
2026-09-30 11:05:43 /background-jobs/9e90786f-5407-44d9-9c5d-5ebfd202b575 {"type": "usd", "usd": 0.0}
2026-09-30 11:05:44 /background-jobs/6ef90a2b-7051-4d5f-8bde-4f1bc447a3bb {"type": "usd", "usd": 0.0}
2026-09-30 11:05:44 /background-jobs/c0214686-0781-4cee-a1b4-c9b9dd831a30 {"type": "usd", "usd": 0.0}
2026-09-30 11:05:44 /background-jobs/3acf34a7-ba9c-4842-b950-ad3acd8e1031 {"type": "usd", "usd": 0.0}
2026-09-30 11:05:46 /background-jobs/a3c49225-a128-4cfd-85a2-0eaa5dc1e585 {"type": "usd", "usd": 0.0}
2026-09-30 11:05:48 /background-jobs/99b2271b-1b48-4cec-92db-0f9e4e24e7d2 {"type": "usd", "usd": 0.0}
2026-09-30 11:05:49 /background-jobs/9e90786f-5407-44d9-9c5d-5ebfd202b575 {"type": "usd", "usd": 0.0}
2026-09-30 11:05:49 /background-jobs/6ef90a2b-7051-4d5f-8bde-4f1bc447a3bb {"type": "usd", "usd": 0.0}
2026-09-30 11:05:49 /background-jobs/c0214686-0781-4cee-a1b4-c9b9dd831a30 {"type": "usd", "usd": 0.0}
2026-09-30 11:05:50 /background-jobs/3acf34a7-ba9c-4842-b950-ad3acd8e1031 {"type": "usd", "usd": 0.0}
2026-09-30 11:05:52 /background-jobs/a3c49225-a128-4cfd-85a2-0eaa5dc1e585 {"type": "usd", "usd": 0.0}
2026-09-30 11:05:54 /background-jobs/99b2271b-1b48-4cec-92db-0f9e4e24e7d2 {"type": "usd", "usd": 0.0}
2026-09-30 11:05:55 /background-jobs/9e90786f-5407-44d9-9c5d-5ebfd202b575 {"type": "usd", "usd": 0.0}
2026-09-30 11:05:55 /background-jobs/c0214686-0781-4cee-a1b4-c9b9dd831a30 {"type": "usd", "usd": 0.0}
2026-09-30 11:05:55 /background-jobs/6ef90a2b-7051-4d5f-8bde-4f1bc447a3bb {"type": "usd", "usd": 0.0}
2026-09-30 11:05:56 /background-jobs/3acf34a7-ba9c-4842-b950-ad3acd8e1031 {"type": "usd", "usd": 0.0}
2026-09-30 11:05:57 /background-jobs/a3c49225-a128-4cfd-85a2-0eaa5dc1e585 {"type": "usd", "usd": 0.0}
2026-09-30 11:05:59 /background-jobs/99b2271b-1b48-4cec-92db-0f9e4e24e7d2 {"type": "usd", "usd": 0.0}
2026-09-30 11:06:01 /background-jobs/6ef90a2b-7051-4d5f-8bde-4f1bc447a3bb {"type": "usd", "usd": 0.0}
2026-09-30 11:06:01 /background-jobs/c0214686-0781-4cee-a1b4-c9b9dd831a30 {"type": "usd", "usd": 0.0}
2026-09-30 11:06:01 /background-jobs/3acf34a7-ba9c-4842-b950-ad3acd8e1031 {"type": "usd", "usd": 0.0}
2026-09-30 11:06:02 /background-jobs/9e90786f-5407-44d9-9c5d-5ebfd202b575 {"type": "usd", "usd": 0.0}
2026-09-30 11:06:03 /background-jobs/a3c49225-a128-4cfd-85a2-0eaa5dc1e585 {"type": "usd", "usd": 0.0}
2026-09-30 11:06:05 /background-jobs/99b2271b-1b48-4cec-92db-0f9e4e24e7d2 {"type": "usd", "usd": 0.0}
2026-09-30 11:06:06 /background-jobs/c0214686-0781-4cee-a1b4-c9b9dd831a30 {"type": "usd", "usd": 0.0}
2026-09-30 11:06:06 /background-jobs/6ef90a2b-7051-4d5f-8bde-4f1bc447a3bb {"type": "usd", "usd": 0.0}
2026-09-30 11:06:07 /background-jobs/3acf34a7-ba9c-4842-b950-ad3acd8e1031 {"type": "usd", "usd": 0.0}
2026-09-30 11:06:07 /background-jobs/9e90786f-5407-44d9-9c5d-5ebfd202b575 {"type": "usd", "usd": 0.0}
2026-09-30 11:06:10 /background-jobs/a3c49225-a128-4cfd-85a2-0eaa5dc1e585 {"type": "usd", "usd": 0.0}
2026-09-30 11:06:11 /background-jobs/99b2271b-1b48-4cec-92db-0f9e4e24e7d2 {"type": "usd", "usd": 0.0}
2026-09-30 11:06:12 /background-jobs/6ef90a2b-7051-4d5f-8bde-4f1bc447a3bb {"type": "usd", "usd": 0.0}
2026-09-30 11:06:12 /background-jobs/c0214686-0781-4cee-a1b4-c9b9dd831a30 {"type": "usd", "usd": 0.0}
2026-09-30 11:06:13 /background-jobs/3acf34a7-ba9c-4842-b950-ad3acd8e1031 {"type": "usd", "usd": 0.0}
2026-09-30 11:06:13 /background-jobs/9e90786f-5407-44d9-9c5d-5ebfd202b575 {"type": "usd", "usd": 0.0}
2026-09-30 11:06:15 /background-jobs/a3c49225-a128-4cfd-85a2-0eaa5dc1e585 {"type": "usd", "usd": 0.0}
2026-09-30 11:06:17 /background-jobs/99b2271b-1b48-4cec-92db-0f9e4e24e7d2 {"type": "usd", "usd": 0.0}
2026-09-30 11:06:18 /background-jobs/6ef90a2b-7051-4d5f-8bde-4f1bc447a3bb {"type": "usd", "usd": 0.0}
2026-09-30 11:06:18 /background-jobs/c0214686-0781-4cee-a1b4-c9b9dd831a30 {"type": "usd", "usd": 0.0}
2026-09-30 11:06:19 /background-jobs/3acf34a7-ba9c-4842-b950-ad3acd8e1031 {"type": "usd", "usd": 0.0}
2026-09-30 11:06:19 /background-jobs/9e90786f-5407-44d9-9c5d-5ebfd202b575 {"type": "usd", "usd": 0.0}
2026-09-30 11:06:21 /background-jobs/a3c49225-a128-4cfd-85a2-0eaa5dc1e585 {"type": "usd", "usd": 0.0}
2026-09-30 11:06:23 /background-jobs/99b2271b-1b48-4cec-92db-0f9e4e24e7d2 {"type": "usd", "usd": 0.0}
2026-09-30 11:06:23 /background-jobs/6ef90a2b-7051-4d5f-8bde-4f1bc447a3bb {"type": "usd", "usd": 0.0}
2026-09-30 11:06:24 /background-jobs/c0214686-0781-4cee-a1b4-c9b9dd831a30 {"type": "usd", "usd": 0.0}
2026-09-30 11:06:25 /background-jobs/3acf34a7-ba9c-4842-b950-ad3acd8e1031 {"type": "usd", "usd": 0.0}
2026-09-30 11:06:25 /background-jobs/9e90786f-5407-44d9-9c5d-5ebfd202b575 {"type": "usd", "usd": 0.0}
2026-09-30 11:06:27 /background-jobs/a3c49225-a128-4cfd-85a2-0eaa5dc1e585 {"type": "usd", "usd": 0.0}
2026-09-30 11:06:29 /background-jobs/99b2271b-1b48-4cec-92db-0f9e4e24e7d2 {"type": "usd", "usd": 0.0}
2026-09-30 11:06:29 /background-jobs/6ef90a2b-7051-4d5f-8bde-4f1bc447a3bb {"type": "usd", "usd": 0.0}
2026-09-30 11:06:29 /background-jobs/c0214686-0781-4cee-a1b4-c9b9dd831a30 {"type": "usd", "usd": 0.0}
2026-09-30 11:06:31 /background-jobs/3acf34a7-ba9c-4842-b950-ad3acd8e1031 {"type": "usd", "usd": 0.0}
2026-09-30 11:06:31 /background-jobs/9e90786f-5407-44d9-9c5d-5ebfd202b575 {"type": "usd", "usd": 0.0}
2026-09-30 11:06:32 /background-jobs/a3c49225-a128-4cfd-85a2-0eaa5dc1e585 {"type": "usd", "usd": 0.0}
2026-09-30 11:06:35 /background-jobs/6ef90a2b-7051-4d5f-8bde-4f1bc447a3bb {"type": "usd", "usd": 0.0}
2026-09-30 11:06:35 /background-jobs/99b2271b-1b48-4cec-92db-0f9e4e24e7d2 {"type": "usd", "usd": 0.0}
2026-09-30 11:06:35 /background-jobs/c0214686-0781-4cee-a1b4-c9b9dd831a30 {"type": "usd", "usd": 0.0}
2026-09-30 11:06:37 /background-jobs/9e90786f-5407-44d9-9c5d-5ebfd202b575 {"type": "usd", "usd": 0.0}
2026-09-30 11:06:38 /background-jobs/3acf34a7-ba9c-4842-b950-ad3acd8e1031 {"type": "usd", "usd": 0.0}
2026-09-30 11:06:38 /background-jobs/a3c49225-a128-4cfd-85a2-0eaa5dc1e585 {"type": "usd", "usd": 0.0}
2026-09-30 11:06:40 /background-jobs/6ef90a2b-7051-4d5f-8bde-4f1bc447a3bb {"type": "usd", "usd": 0.0}
2026-09-30 11:06:41 /background-jobs/99b2271b-1b48-4cec-92db-0f9e4e24e7d2 {"type": "usd", "usd": 0.0}
2026-09-30 11:06:42 /background-jobs/c0214686-0781-4cee-a1b4-c9b9dd831a30 {"type": "usd", "usd": 0.0}
2026-09-30 11:06:43 /background-jobs/9e90786f-5407-44d9-9c5d-5ebfd202b575 {"type": "usd", "usd": 0.0}
2026-09-30 11:06:45 /background-jobs/a3c49225-a128-4cfd-85a2-0eaa5dc1e585 {"type": "usd", "usd": 0.0}
2026-09-30 11:06:45 /background-jobs/3acf34a7-ba9c-4842-b950-ad3acd8e1031 {"type": "usd", "usd": 0.0}
2026-09-30 11:06:46 /background-jobs/6ef90a2b-7051-4d5f-8bde-4f1bc447a3bb {"type": "usd", "usd": 0.0}
2026-09-30 11:06:47 /background-jobs/c0214686-0781-4cee-a1b4-c9b9dd831a30 {"type": "usd", "usd": 0.0}
2026-09-30 11:06:47 /background-jobs/99b2271b-1b48-4cec-92db-0f9e4e24e7d2 {"type": "usd", "usd": 0.0}
2026-09-30 11:06:49 /background-jobs/9e90786f-5407-44d9-9c5d-5ebfd202b575 {"type": "usd", "usd": 0.0}
2026-09-30 11:06:51 /background-jobs/3acf34a7-ba9c-4842-b950-ad3acd8e1031 {"type": "usd", "usd": 0.0}
2026-09-30 11:06:51 /background-jobs/a3c49225-a128-4cfd-85a2-0eaa5dc1e585 {"type": "usd", "usd": 0.0}
2026-09-30 11:06:52 /background-jobs/6ef90a2b-7051-4d5f-8bde-4f1bc447a3bb {"type": "usd", "usd": 0.0}
2026-09-30 11:06:53 /background-jobs/c0214686-0781-4cee-a1b4-c9b9dd831a30 {"type": "usd", "usd": 0.0}
2026-09-30 11:06:53 /background-jobs/99b2271b-1b48-4cec-92db-0f9e4e24e7d2 {"type": "usd", "usd": 0.0}
2026-09-30 11:06:54 /background-jobs/9e90786f-5407-44d9-9c5d-5ebfd202b575 {"type": "usd", "usd": 0.0}
2026-09-30 11:06:57 /background-jobs/3acf34a7-ba9c-4842-b950-ad3acd8e1031 {"type": "usd", "usd": 0.0}
2026-09-30 11:06:58 /background-jobs/6ef90a2b-7051-4d5f-8bde-4f1bc447a3bb {"type": "usd", "usd": 0.0}
2026-09-30 11:06:58 /background-jobs/a3c49225-a128-4cfd-85a2-0eaa5dc1e585 {"type": "usd", "usd": 0.0}
2026-09-30 11:06:59 /background-jobs/99b2271b-1b48-4cec-92db-0f9e4e24e7d2 {"type": "usd", "usd": 0.0}
2026-09-30 11:06:59 /background-jobs/c0214686-0781-4cee-a1b4-c9b9dd831a30 {"type": "usd", "usd": 0.0}
2026-09-30 11:07:00 /background-jobs/9e90786f-5407-44d9-9c5d-5ebfd202b575 {"type": "usd", "usd": 0.0}
2026-09-30 11:07:03 /background-jobs/3acf34a7-ba9c-4842-b950-ad3acd8e1031 {"type": "usd", "usd": 0.0}
2026-09-30 11:07:03 /background-jobs/6ef90a2b-7051-4d5f-8bde-4f1bc447a3bb {"type": "usd", "usd": 0.0}
2026-09-30 11:07:04 /background-jobs/a3c49225-a128-4cfd-85a2-0eaa5dc1e585 {"type": "usd", "usd": 0.0}
2026-09-30 11:07:04 /background-jobs/c0214686-0781-4cee-a1b4-c9b9dd831a30 {"type": "usd", "usd": 0.0}
2026-09-30 11:07:05 /background-jobs/9e90786f-5407-44d9-9c5d-5ebfd202b575 {"type": "usd", "usd": 0.0}
2026-09-30 11:07:06 /background-jobs/99b2271b-1b48-4cec-92db-0f9e4e24e7d2 {"type": "usd", "usd": 0.0}
2026-09-30 11:07:08 /background-jobs/3acf34a7-ba9c-4842-b950-ad3acd8e1031 {"type": "usd", "usd": 0.0}
2026-09-30 11:07:09 /background-jobs/6ef90a2b-7051-4d5f-8bde-4f1bc447a3bb {"type": "usd", "usd": 0.0}
2026-09-30 11:07:09 /background-jobs/a3c49225-a128-4cfd-85a2-0eaa5dc1e585 {"type": "usd", "usd": 0.0}
2026-09-30 11:07:10 /background-jobs/c0214686-0781-4cee-a1b4-c9b9dd831a30 {"type": "usd", "usd": 0.0}
2026-09-30 11:07:12 /background-jobs/9e90786f-5407-44d9-9c5d-5ebfd202b575 {"type": "usd", "usd": 0.0}
2026-09-30 11:07:13 /background-jobs/99b2271b-1b48-4cec-92db-0f9e4e24e7d2 {"type": "usd", "usd": 0.0}
2026-09-30 11:07:14 /background-jobs/3acf34a7-ba9c-4842-b950-ad3acd8e1031 {"type": "usd", "usd": 0.0}
2026-09-30 11:07:15 /background-jobs/6ef90a2b-7051-4d5f-8bde-4f1bc447a3bb {"type": "usd", "usd": 0.0}
2026-09-30 11:07:16 /background-jobs/a3c49225-a128-4cfd-85a2-0eaa5dc1e585 {"type": "usd", "usd": 0.0}
2026-09-30 11:07:16 /background-jobs/c0214686-0781-4cee-a1b4-c9b9dd831a30 {"type": "usd", "usd": 0.0}
2026-09-30 11:07:18 /background-jobs/9e90786f-5407-44d9-9c5d-5ebfd202b575 {"type": "usd", "usd": 0.0}
2026-09-30 11:07:18 /background-jobs/99b2271b-1b48-4cec-92db-0f9e4e24e7d2 {"type": "usd", "usd": 0.0}
2026-09-30 11:07:20 /background-jobs/3acf34a7-ba9c-4842-b950-ad3acd8e1031 {"type": "usd", "usd": 0.0}
2026-09-30 11:07:21 /background-jobs/6ef90a2b-7051-4d5f-8bde-4f1bc447a3bb {"type": "usd", "usd": 0.0}
2026-09-30 11:07:21 /background-jobs/a3c49225-a128-4cfd-85a2-0eaa5dc1e585 {"type": "usd", "usd": 0.0}
2026-09-30 11:07:22 /background-jobs/c0214686-0781-4cee-a1b4-c9b9dd831a30 {"type": "usd", "usd": 0.0}
2026-09-30 11:07:24 /background-jobs/9e90786f-5407-44d9-9c5d-5ebfd202b575 {"type": "usd", "usd": 0.0}
2026-09-30 11:07:24 /background-jobs/99b2271b-1b48-4cec-92db-0f9e4e24e7d2 {"type": "usd", "usd": 0.0}
2026-09-30 11:07:26 /background-jobs/3acf34a7-ba9c-4842-b950-ad3acd8e1031 {"type": "usd", "usd": 0.0}
2026-09-30 11:07:27 /background-jobs/6ef90a2b-7051-4d5f-8bde-4f1bc447a3bb {"type": "usd", "usd": 0.0}
2026-09-30 11:07:27 /background-jobs/a3c49225-a128-4cfd-85a2-0eaa5dc1e585 {"type": "usd", "usd": 0.0}
2026-09-30 11:07:27 /background-jobs/c0214686-0781-4cee-a1b4-c9b9dd831a30 {"type": "usd", "usd": 0.0}
2026-09-30 11:07:29 /background-jobs/9e90786f-5407-44d9-9c5d-5ebfd202b575 {"type": "usd", "usd": 0.0}
2026-09-30 11:07:30 /background-jobs/99b2271b-1b48-4cec-92db-0f9e4e24e7d2 {"type": "usd", "usd": 0.0}
2026-09-30 11:07:32 /background-jobs/3acf34a7-ba9c-4842-b950-ad3acd8e1031 {"type": "usd", "usd": 0.0}
2026-09-30 11:07:32 /background-jobs/6ef90a2b-7051-4d5f-8bde-4f1bc447a3bb {"type": "usd", "usd": 0.0}
2026-09-30 11:07:33 /background-jobs/a3c49225-a128-4cfd-85a2-0eaa5dc1e585 {"type": "usd", "usd": 0.0}
2026-09-30 11:07:33 /background-jobs/c0214686-0781-4cee-a1b4-c9b9dd831a30 {"type": "usd", "usd": 0.0}
2026-09-30 11:07:36 /background-jobs/99b2271b-1b48-4cec-92db-0f9e4e24e7d2 {"type": "usd", "usd": 0.0}
2026-09-30 11:07:36 /background-jobs/9e90786f-5407-44d9-9c5d-5ebfd202b575 {"type": "usd", "usd": 0.0}
2026-09-30 11:07:38 /background-jobs/3acf34a7-ba9c-4842-b950-ad3acd8e1031 {"type": "usd", "usd": 0.0}
2026-09-30 11:07:38 /background-jobs/a3c49225-a128-4cfd-85a2-0eaa5dc1e585 {"type": "usd", "usd": 0.0}
2026-09-30 11:07:39 /background-jobs/6ef90a2b-7051-4d5f-8bde-4f1bc447a3bb {"type": "usd", "usd": 0.0}
2026-09-30 11:07:41 /background-jobs/99b2271b-1b48-4cec-92db-0f9e4e24e7d2 {"type": "usd", "usd": 0.0}
2026-09-30 11:07:41 /background-jobs/c0214686-0781-4cee-a1b4-c9b9dd831a30 {"type": "usd", "usd": 0.0}
2026-09-30 11:07:42 /background-jobs/9e90786f-5407-44d9-9c5d-5ebfd202b575 {"type": "usd", "usd": 0.0}
2026-09-30 11:07:44 /background-jobs/3acf34a7-ba9c-4842-b950-ad3acd8e1031 {"type": "usd", "usd": 0.0}
2026-09-30 11:07:44 /background-jobs/a3c49225-a128-4cfd-85a2-0eaa5dc1e585 {"type": "usd", "usd": 0.0}
2026-09-30 11:07:47 /background-jobs/6ef90a2b-7051-4d5f-8bde-4f1bc447a3bb {"type": "usd", "usd": 0.0}
2026-09-30 11:07:48 /background-jobs/c0214686-0781-4cee-a1b4-c9b9dd831a30 {"type": "usd", "usd": 0.0}
2026-09-30 11:07:48 /background-jobs/99b2271b-1b48-4cec-92db-0f9e4e24e7d2 {"type": "usd", "usd": 0.0}
2026-09-30 11:07:48 /background-jobs/9e90786f-5407-44d9-9c5d-5ebfd202b575 {"type": "usd", "usd": 0.0}
2026-09-30 11:07:49 /background-jobs/3acf34a7-ba9c-4842-b950-ad3acd8e1031 {"type": "usd", "usd": 0.0}
2026-09-30 11:07:50 /background-jobs/a3c49225-a128-4cfd-85a2-0eaa5dc1e585 {"type": "usd", "usd": 0.0}
2026-09-30 11:07:53 /background-jobs/6ef90a2b-7051-4d5f-8bde-4f1bc447a3bb {"type": "usd", "usd": 0.0}
2026-09-30 11:07:53 /background-jobs/c0214686-0781-4cee-a1b4-c9b9dd831a30 {"type": "usd", "usd": 0.0}
2026-09-30 11:07:54 /background-jobs/99b2271b-1b48-4cec-92db-0f9e4e24e7d2 {"type": "usd", "usd": 0.0}
2026-09-30 11:07:54 /background-jobs/9e90786f-5407-44d9-9c5d-5ebfd202b575 {"type": "usd", "usd": 0.0}
2026-09-30 11:07:55 /background-jobs/3acf34a7-ba9c-4842-b950-ad3acd8e1031 {"type": "usd", "usd": 0.0}
2026-09-30 11:07:55 /background-jobs/a3c49225-a128-4cfd-85a2-0eaa5dc1e585 {"type": "usd", "usd": 0.0}
2026-09-30 11:07:59 /background-jobs/6ef90a2b-7051-4d5f-8bde-4f1bc447a3bb {"type": "usd", "usd": 0.0}
2026-09-30 11:07:59 /background-jobs/c0214686-0781-4cee-a1b4-c9b9dd831a30 {"type": "usd", "usd": 0.0}
2026-09-30 11:07:59 /background-jobs/99b2271b-1b48-4cec-92db-0f9e4e24e7d2 {"type": "usd", "usd": 0.0}
2026-09-30 11:08:00 /background-jobs/9e90786f-5407-44d9-9c5d-5ebfd202b575 {"type": "usd", "usd": 0.0}
2026-09-30 11:08:01 /background-jobs/3acf34a7-ba9c-4842-b950-ad3acd8e1031 {"type": "usd", "usd": 0.0}
2026-09-30 11:08:01 /background-jobs/a3c49225-a128-4cfd-85a2-0eaa5dc1e585 {"type": "usd", "usd": 0.0}
2026-09-30 11:08:04 /background-jobs/6ef90a2b-7051-4d5f-8bde-4f1bc447a3bb {"type": "usd", "usd": 0.0}
2026-09-30 11:08:05 /background-jobs/99b2271b-1b48-4cec-92db-0f9e4e24e7d2 {"type": "usd", "usd": 0.0}
2026-09-30 11:08:05 /background-jobs/c0214686-0781-4cee-a1b4-c9b9dd831a30 {"type": "usd", "usd": 0.0}
2026-09-30 11:08:05 /background-jobs/9e90786f-5407-44d9-9c5d-5ebfd202b575 {"type": "usd", "usd": 0.0}
2026-09-30 11:08:06 /background-jobs/3acf34a7-ba9c-4842-b950-ad3acd8e1031 {"type": "usd", "usd": 0.0}
2026-09-30 11:08:07 /background-jobs/a3c49225-a128-4cfd-85a2-0eaa5dc1e585 {"type": "usd", "usd": 0.0}
2026-09-30 11:08:10 /background-jobs/6ef90a2b-7051-4d5f-8bde-4f1bc447a3bb {"type": "usd", "usd": 0.0}
2026-09-30 11:08:11 /background-jobs/99b2271b-1b48-4cec-92db-0f9e4e24e7d2 {"type": "usd", "usd": 0.0}
2026-09-30 11:08:11 /background-jobs/c0214686-0781-4cee-a1b4-c9b9dd831a30 {"type": "usd", "usd": 0.0}
2026-09-30 11:08:11 /background-jobs/9e90786f-5407-44d9-9c5d-5ebfd202b575 {"type": "usd", "usd": 0.0}
2026-09-30 11:08:12 /background-jobs/3acf34a7-ba9c-4842-b950-ad3acd8e1031 {"type": "usd", "usd": 0.0}
2026-09-30 11:08:12 /background-jobs/a3c49225-a128-4cfd-85a2-0eaa5dc1e585 {"type": "usd", "usd": 0.0}
2026-09-30 11:08:16 /background-jobs/6ef90a2b-7051-4d5f-8bde-4f1bc447a3bb {"type": "usd", "usd": 0.0}
2026-09-30 11:08:17 /background-jobs/99b2271b-1b48-4cec-92db-0f9e4e24e7d2 {"type": "usd", "usd": 0.0}
2026-09-30 11:08:17 /background-jobs/c0214686-0781-4cee-a1b4-c9b9dd831a30 {"type": "usd", "usd": 0.0}
2026-09-30 11:08:17 /background-jobs/9e90786f-5407-44d9-9c5d-5ebfd202b575 {"type": "usd", "usd": 0.0}
2026-09-30 11:08:18 /background-jobs/3acf34a7-ba9c-4842-b950-ad3acd8e1031 {"type": "usd", "usd": 0.0}
2026-09-30 11:08:18 /background-jobs/a3c49225-a128-4cfd-85a2-0eaa5dc1e585 {"type": "usd", "usd": 0.0}
2026-09-30 11:08:23 /background-jobs/6ef90a2b-7051-4d5f-8bde-4f1bc447a3bb {"type": "usd", "usd": 0.0}
2026-09-30 11:08:23 /background-jobs/c0214686-0781-4cee-a1b4-c9b9dd831a30 {"type": "generations", "generations": 1.0}
2026-09-30 11:08:23 /background-jobs/99b2271b-1b48-4cec-92db-0f9e4e24e7d2 {"type": "usd", "usd": 0.0}
2026-09-30 11:08:24 /background-jobs/9e90786f-5407-44d9-9c5d-5ebfd202b575 {"type": "usd", "usd": 0.0}
2026-09-30 11:08:24 /background-jobs/3acf34a7-ba9c-4842-b950-ad3acd8e1031 {"type": "usd", "usd": 0.0}
2026-09-30 11:08:24 /background-jobs/a3c49225-a128-4cfd-85a2-0eaa5dc1e585 {"type": "usd", "usd": 0.0}
2026-09-30 11:08:28 /background-jobs/6ef90a2b-7051-4d5f-8bde-4f1bc447a3bb {"type": "usd", "usd": 0.0}
2026-09-30 11:08:28 /background-jobs/c0214686-0781-4cee-a1b4-c9b9dd831a30 {"type": "generations", "generations": 1.0}
2026-09-30 11:08:29 /background-jobs/99b2271b-1b48-4cec-92db-0f9e4e24e7d2 {"type": "usd", "usd": 0.0}
2026-09-30 11:08:29 /background-jobs/9e90786f-5407-44d9-9c5d-5ebfd202b575 {"type": "usd", "usd": 0.0}
2026-09-30 11:08:29 /background-jobs/3acf34a7-ba9c-4842-b950-ad3acd8e1031 {"type": "usd", "usd": 0.0}
2026-09-30 11:08:30 /background-jobs/a3c49225-a128-4cfd-85a2-0eaa5dc1e585 {"type": "usd", "usd": 0.0}
2026-09-30 11:08:34 /background-jobs/6ef90a2b-7051-4d5f-8bde-4f1bc447a3bb {"type": "usd", "usd": 0.0}
2026-09-30 11:08:34 /background-jobs/c0214686-0781-4cee-a1b4-c9b9dd831a30 {"type": "generations", "generations": 1.0}
2026-09-30 11:08:35 /background-jobs/99b2271b-1b48-4cec-92db-0f9e4e24e7d2 {"type": "usd", "usd": 0.0}
2026-09-30 11:08:35 /background-jobs/9e90786f-5407-44d9-9c5d-5ebfd202b575 {"type": "usd", "usd": 0.0}
2026-09-30 11:08:35 /background-jobs/3acf34a7-ba9c-4842-b950-ad3acd8e1031 {"type": "usd", "usd": 0.0}
2026-09-30 11:08:35 /background-jobs/a3c49225-a128-4cfd-85a2-0eaa5dc1e585 {"type": "usd", "usd": 0.0}
2026-09-30 11:08:40 /background-jobs/6ef90a2b-7051-4d5f-8bde-4f1bc447a3bb {"type": "usd", "usd": 0.0}
2026-09-30 11:08:41 /background-jobs/99b2271b-1b48-4cec-92db-0f9e4e24e7d2 {"type": "usd", "usd": 0.0}
2026-09-30 11:08:41 /background-jobs/9e90786f-5407-44d9-9c5d-5ebfd202b575 {"type": "usd", "usd": 0.0}
2026-09-30 11:08:41 /background-jobs/3acf34a7-ba9c-4842-b950-ad3acd8e1031 {"type": "usd", "usd": 0.0}
2026-09-30 11:08:41 /background-jobs/a3c49225-a128-4cfd-85a2-0eaa5dc1e585 {"type": "usd", "usd": 0.0}
2026-09-30 11:08:46 /background-jobs/6ef90a2b-7051-4d5f-8bde-4f1bc447a3bb {"type": "usd", "usd": 0.0}
2026-09-30 11:08:46 /background-jobs/99b2271b-1b48-4cec-92db-0f9e4e24e7d2 {"type": "usd", "usd": 0.0}
2026-09-30 11:08:46 /background-jobs/9e90786f-5407-44d9-9c5d-5ebfd202b575 {"type": "usd", "usd": 0.0}
2026-09-30 11:08:46 /background-jobs/3acf34a7-ba9c-4842-b950-ad3acd8e1031 {"type": "usd", "usd": 0.0}
2026-09-30 11:08:47 /background-jobs/a3c49225-a128-4cfd-85a2-0eaa5dc1e585 {"type": "usd", "usd": 0.0}
2026-09-30 11:08:52 /background-jobs/6ef90a2b-7051-4d5f-8bde-4f1bc447a3bb {"type": "usd", "usd": 0.0}
2026-09-30 11:08:52 /background-jobs/3acf34a7-ba9c-4842-b950-ad3acd8e1031 {"type": "usd", "usd": 0.0}
2026-09-30 11:08:52 /background-jobs/99b2271b-1b48-4cec-92db-0f9e4e24e7d2 {"type": "usd", "usd": 0.0}
2026-09-30 11:08:52 /background-jobs/9e90786f-5407-44d9-9c5d-5ebfd202b575 {"type": "usd", "usd": 0.0}
2026-09-30 11:08:53 /background-jobs/a3c49225-a128-4cfd-85a2-0eaa5dc1e585 {"type": "usd", "usd": 0.0}
2026-09-30 11:08:57 /background-jobs/6ef90a2b-7051-4d5f-8bde-4f1bc447a3bb {"type": "usd", "usd": 0.0}
2026-09-30 11:08:58 /background-jobs/3acf34a7-ba9c-4842-b950-ad3acd8e1031 {"type": "usd", "usd": 0.0}
2026-09-30 11:08:58 /background-jobs/9e90786f-5407-44d9-9c5d-5ebfd202b575 {"type": "usd", "usd": 0.0}
2026-09-30 11:08:58 /background-jobs/99b2271b-1b48-4cec-92db-0f9e4e24e7d2 {"type": "usd", "usd": 0.0}
2026-09-30 11:08:58 /background-jobs/a3c49225-a128-4cfd-85a2-0eaa5dc1e585 {"type": "usd", "usd": 0.0}
2026-09-30 11:09:03 /background-jobs/6ef90a2b-7051-4d5f-8bde-4f1bc447a3bb {"type": "usd", "usd": 0.0}
2026-09-30 11:09:04 /background-jobs/9e90786f-5407-44d9-9c5d-5ebfd202b575 {"type": "usd", "usd": 0.0}
2026-09-30 11:09:04 /background-jobs/a3c49225-a128-4cfd-85a2-0eaa5dc1e585 {"type": "usd", "usd": 0.0}
2026-09-30 11:09:04 /background-jobs/3acf34a7-ba9c-4842-b950-ad3acd8e1031 {"type": "usd", "usd": 0.0}
2026-09-30 11:09:04 /background-jobs/99b2271b-1b48-4cec-92db-0f9e4e24e7d2 {"type": "usd", "usd": 0.0}
2026-09-30 11:09:09 /background-jobs/6ef90a2b-7051-4d5f-8bde-4f1bc447a3bb {"type": "usd", "usd": 0.0}
2026-09-30 11:09:09 /background-jobs/9e90786f-5407-44d9-9c5d-5ebfd202b575 {"type": "usd", "usd": 0.0}
2026-09-30 11:09:10 /background-jobs/99b2271b-1b48-4cec-92db-0f9e4e24e7d2 {"type": "usd", "usd": 0.0}
2026-09-30 11:09:10 /background-jobs/3acf34a7-ba9c-4842-b950-ad3acd8e1031 {"type": "usd", "usd": 0.0}
2026-09-30 11:09:11 /background-jobs/a3c49225-a128-4cfd-85a2-0eaa5dc1e585 {"type": "usd", "usd": 0.0}
2026-09-30 11:09:14 /background-jobs/6ef90a2b-7051-4d5f-8bde-4f1bc447a3bb {"type": "usd", "usd": 0.0}
2026-09-30 11:09:15 /background-jobs/9e90786f-5407-44d9-9c5d-5ebfd202b575 {"type": "usd", "usd": 0.0}
2026-09-30 11:09:16 /background-jobs/99b2271b-1b48-4cec-92db-0f9e4e24e7d2 {"type": "usd", "usd": 0.0}
2026-09-30 11:09:16 /background-jobs/3acf34a7-ba9c-4842-b950-ad3acd8e1031 {"type": "usd", "usd": 0.0}
2026-09-30 11:09:17 /background-jobs/a3c49225-a128-4cfd-85a2-0eaa5dc1e585 {"type": "usd", "usd": 0.0}
2026-09-30 11:09:20 /background-jobs/6ef90a2b-7051-4d5f-8bde-4f1bc447a3bb {"type": "usd", "usd": 0.0}
2026-09-30 11:09:21 /background-jobs/9e90786f-5407-44d9-9c5d-5ebfd202b575 {"type": "usd", "usd": 0.0}
2026-09-30 11:09:21 /background-jobs/99b2271b-1b48-4cec-92db-0f9e4e24e7d2 {"type": "usd", "usd": 0.0}
2026-09-30 11:09:22 /background-jobs/3acf34a7-ba9c-4842-b950-ad3acd8e1031 {"type": "usd", "usd": 0.0}
2026-09-30 11:09:23 /background-jobs/a3c49225-a128-4cfd-85a2-0eaa5dc1e585 {"type": "usd", "usd": 0.0}
2026-09-30 11:09:26 /background-jobs/6ef90a2b-7051-4d5f-8bde-4f1bc447a3bb {"type": "usd", "usd": 0.0}
2026-09-30 11:09:26 /background-jobs/9e90786f-5407-44d9-9c5d-5ebfd202b575 {"type": "usd", "usd": 0.0}
2026-09-30 11:09:27 /background-jobs/99b2271b-1b48-4cec-92db-0f9e4e24e7d2 {"type": "usd", "usd": 0.0}
2026-09-30 11:09:27 /background-jobs/3acf34a7-ba9c-4842-b950-ad3acd8e1031 {"type": "usd", "usd": 0.0}
2026-09-30 11:09:29 /background-jobs/a3c49225-a128-4cfd-85a2-0eaa5dc1e585 {"type": "usd", "usd": 0.0}
2026-09-30 11:09:32 /background-jobs/6ef90a2b-7051-4d5f-8bde-4f1bc447a3bb {"type": "usd", "usd": 0.0}
2026-09-30 11:09:32 /background-jobs/9e90786f-5407-44d9-9c5d-5ebfd202b575 {"type": "usd", "usd": 0.0}
2026-09-30 11:09:32 /background-jobs/99b2271b-1b48-4cec-92db-0f9e4e24e7d2 {"type": "usd", "usd": 0.0}
2026-09-30 11:09:33 /background-jobs/3acf34a7-ba9c-4842-b950-ad3acd8e1031 {"type": "usd", "usd": 0.0}
2026-09-30 11:09:34 /background-jobs/a3c49225-a128-4cfd-85a2-0eaa5dc1e585 {"type": "usd", "usd": 0.0}
2026-09-30 11:09:37 /background-jobs/6ef90a2b-7051-4d5f-8bde-4f1bc447a3bb {"type": "usd", "usd": 0.0}
2026-09-30 11:09:38 /background-jobs/9e90786f-5407-44d9-9c5d-5ebfd202b575 {"type": "usd", "usd": 0.0}
2026-09-30 11:09:38 /background-jobs/99b2271b-1b48-4cec-92db-0f9e4e24e7d2 {"type": "usd", "usd": 0.0}
2026-09-30 11:09:38 /background-jobs/3acf34a7-ba9c-4842-b950-ad3acd8e1031 {"type": "usd", "usd": 0.0}
2026-09-30 11:09:42 /background-jobs/a3c49225-a128-4cfd-85a2-0eaa5dc1e585 {"type": "usd", "usd": 0.0}
2026-09-30 11:09:43 /background-jobs/9e90786f-5407-44d9-9c5d-5ebfd202b575 {"type": "usd", "usd": 0.0}
2026-09-30 11:09:45 /background-jobs/3acf34a7-ba9c-4842-b950-ad3acd8e1031 {"type": "usd", "usd": 0.0}
2026-09-30 11:09:45 /background-jobs/6ef90a2b-7051-4d5f-8bde-4f1bc447a3bb {"type": "usd", "usd": 0.0}
2026-09-30 11:09:48 /background-jobs/a3c49225-a128-4cfd-85a2-0eaa5dc1e585 {"type": "usd", "usd": 0.0}
2026-09-30 11:09:49 /background-jobs/99b2271b-1b48-4cec-92db-0f9e4e24e7d2 {"type": "usd", "usd": 0.0}
2026-09-30 11:09:49 /background-jobs/9e90786f-5407-44d9-9c5d-5ebfd202b575 {"type": "usd", "usd": 0.0}
2026-09-30 11:09:50 /background-jobs/3acf34a7-ba9c-4842-b950-ad3acd8e1031 {"type": "usd", "usd": 0.0}
2026-09-30 11:09:51 /background-jobs/6ef90a2b-7051-4d5f-8bde-4f1bc447a3bb {"type": "usd", "usd": 0.0}
2026-09-30 11:09:53 /background-jobs/a3c49225-a128-4cfd-85a2-0eaa5dc1e585 {"type": "usd", "usd": 0.0}
2026-09-30 11:09:55 /background-jobs/9e90786f-5407-44d9-9c5d-5ebfd202b575 {"type": "usd", "usd": 0.0}
2026-09-30 11:09:55 /background-jobs/99b2271b-1b48-4cec-92db-0f9e4e24e7d2 {"type": "usd", "usd": 0.0}
2026-09-30 11:09:56 /background-jobs/3acf34a7-ba9c-4842-b950-ad3acd8e1031 {"type": "usd", "usd": 0.0}
2026-09-30 11:09:57 /background-jobs/6ef90a2b-7051-4d5f-8bde-4f1bc447a3bb {"type": "usd", "usd": 0.0}
2026-09-30 11:09:59 /background-jobs/a3c49225-a128-4cfd-85a2-0eaa5dc1e585 {"type": "usd", "usd": 0.0}
2026-09-30 11:10:00 /background-jobs/99b2271b-1b48-4cec-92db-0f9e4e24e7d2 {"type": "usd", "usd": 0.0}
2026-09-30 11:10:01 /background-jobs/9e90786f-5407-44d9-9c5d-5ebfd202b575 {"type": "usd", "usd": 0.0}
2026-09-30 11:10:02 /background-jobs/3acf34a7-ba9c-4842-b950-ad3acd8e1031 {"type": "usd", "usd": 0.0}
2026-09-30 11:10:03 /background-jobs/6ef90a2b-7051-4d5f-8bde-4f1bc447a3bb {"type": "usd", "usd": 0.0}
2026-09-30 11:10:05 /background-jobs/a3c49225-a128-4cfd-85a2-0eaa5dc1e585 {"type": "usd", "usd": 0.0}
2026-09-30 11:10:06 /background-jobs/99b2271b-1b48-4cec-92db-0f9e4e24e7d2 {"type": "usd", "usd": 0.0}
2026-09-30 11:10:06 /background-jobs/9e90786f-5407-44d9-9c5d-5ebfd202b575 {"type": "usd", "usd": 0.0}
2026-09-30 11:10:08 /background-jobs/3acf34a7-ba9c-4842-b950-ad3acd8e1031 {"type": "usd", "usd": 0.0}
2026-09-30 11:10:08 /background-jobs/6ef90a2b-7051-4d5f-8bde-4f1bc447a3bb {"type": "usd", "usd": 0.0}
2026-09-30 11:10:11 /background-jobs/a3c49225-a128-4cfd-85a2-0eaa5dc1e585 {"type": "usd", "usd": 0.0}
2026-09-30 11:10:12 /background-jobs/99b2271b-1b48-4cec-92db-0f9e4e24e7d2 {"type": "usd", "usd": 0.0}
2026-09-30 11:10:12 /background-jobs/9e90786f-5407-44d9-9c5d-5ebfd202b575 {"type": "usd", "usd": 0.0}
2026-09-30 11:10:13 /background-jobs/3acf34a7-ba9c-4842-b950-ad3acd8e1031 {"type": "usd", "usd": 0.0}
2026-09-30 11:10:14 /background-jobs/6ef90a2b-7051-4d5f-8bde-4f1bc447a3bb {"type": "usd", "usd": 0.0}
2026-09-30 11:10:16 /background-jobs/a3c49225-a128-4cfd-85a2-0eaa5dc1e585 {"type": "usd", "usd": 0.0}
2026-09-30 11:10:17 /background-jobs/99b2271b-1b48-4cec-92db-0f9e4e24e7d2 {"type": "usd", "usd": 0.0}
2026-09-30 11:10:18 /background-jobs/9e90786f-5407-44d9-9c5d-5ebfd202b575 {"type": "usd", "usd": 0.0}
2026-09-30 11:10:19 /background-jobs/3acf34a7-ba9c-4842-b950-ad3acd8e1031 {"type": "usd", "usd": 0.0}
2026-09-30 11:10:20 /background-jobs/6ef90a2b-7051-4d5f-8bde-4f1bc447a3bb {"type": "usd", "usd": 0.0}
2026-09-30 11:10:22 /background-jobs/a3c49225-a128-4cfd-85a2-0eaa5dc1e585 {"type": "usd", "usd": 0.0}
2026-09-30 11:10:23 /background-jobs/99b2271b-1b48-4cec-92db-0f9e4e24e7d2 {"type": "usd", "usd": 0.0}
2026-09-30 11:10:23 /background-jobs/9e90786f-5407-44d9-9c5d-5ebfd202b575 {"type": "usd", "usd": 0.0}
2026-09-30 11:10:25 /background-jobs/3acf34a7-ba9c-4842-b950-ad3acd8e1031 {"type": "usd", "usd": 0.0}
2026-09-30 11:10:25 /background-jobs/6ef90a2b-7051-4d5f-8bde-4f1bc447a3bb {"type": "usd", "usd": 0.0}
2026-09-30 11:10:29 /background-jobs/99b2271b-1b48-4cec-92db-0f9e4e24e7d2 {"type": "usd", "usd": 0.0}
2026-09-30 11:10:29 /background-jobs/a3c49225-a128-4cfd-85a2-0eaa5dc1e585 {"type": "usd", "usd": 0.0}
2026-09-30 11:10:30 /background-jobs/9e90786f-5407-44d9-9c5d-5ebfd202b575 {"type": "usd", "usd": 0.0}
2026-09-30 11:10:31 /background-jobs/3acf34a7-ba9c-4842-b950-ad3acd8e1031 {"type": "usd", "usd": 0.0}
2026-09-30 11:10:31 /background-jobs/6ef90a2b-7051-4d5f-8bde-4f1bc447a3bb {"type": "usd", "usd": 0.0}
2026-09-30 11:10:34 /background-jobs/99b2271b-1b48-4cec-92db-0f9e4e24e7d2 {"type": "usd", "usd": 0.0}
2026-09-30 11:10:34 /background-jobs/a3c49225-a128-4cfd-85a2-0eaa5dc1e585 {"type": "usd", "usd": 0.0}
2026-09-30 11:10:35 /background-jobs/9e90786f-5407-44d9-9c5d-5ebfd202b575 {"type": "usd", "usd": 0.0}
2026-09-30 11:10:37 /background-jobs/3acf34a7-ba9c-4842-b950-ad3acd8e1031 {"type": "usd", "usd": 0.0}
2026-09-30 11:10:37 /background-jobs/6ef90a2b-7051-4d5f-8bde-4f1bc447a3bb {"type": "usd", "usd": 0.0}
2026-09-30 11:10:41 /background-jobs/9e90786f-5407-44d9-9c5d-5ebfd202b575 {"type": "usd", "usd": 0.0}
2026-09-30 11:10:43 /background-jobs/6ef90a2b-7051-4d5f-8bde-4f1bc447a3bb {"type": "usd", "usd": 0.0}
2026-09-30 11:10:43 /background-jobs/99b2271b-1b48-4cec-92db-0f9e4e24e7d2 {"type": "usd", "usd": 0.0}
2026-09-30 11:10:44 /background-jobs/3acf34a7-ba9c-4842-b950-ad3acd8e1031 {"type": "usd", "usd": 0.0}
2026-09-30 11:10:45 /background-jobs/a3c49225-a128-4cfd-85a2-0eaa5dc1e585 {"type": "usd", "usd": 0.0}
2026-09-30 11:10:47 /background-jobs/9e90786f-5407-44d9-9c5d-5ebfd202b575 {"type": "usd", "usd": 0.0}
2026-09-30 11:10:48 /background-jobs/6ef90a2b-7051-4d5f-8bde-4f1bc447a3bb {"type": "usd", "usd": 0.0}
2026-09-30 11:10:49 /background-jobs/99b2271b-1b48-4cec-92db-0f9e4e24e7d2 {"type": "usd", "usd": 0.0}
2026-09-30 11:10:49 /background-jobs/3acf34a7-ba9c-4842-b950-ad3acd8e1031 {"type": "usd", "usd": 0.0}
2026-09-30 11:10:51 /background-jobs/a3c49225-a128-4cfd-85a2-0eaa5dc1e585 {"type": "usd", "usd": 0.0}
2026-09-30 11:10:53 /background-jobs/9e90786f-5407-44d9-9c5d-5ebfd202b575 {"type": "usd", "usd": 0.0}
2026-09-30 11:10:54 /background-jobs/6ef90a2b-7051-4d5f-8bde-4f1bc447a3bb {"type": "usd", "usd": 0.0}
2026-09-30 11:10:55 /background-jobs/99b2271b-1b48-4cec-92db-0f9e4e24e7d2 {"type": "usd", "usd": 0.0}
2026-09-30 11:10:55 /background-jobs/3acf34a7-ba9c-4842-b950-ad3acd8e1031 {"type": "usd", "usd": 0.0}
2026-09-30 11:10:57 /background-jobs/a3c49225-a128-4cfd-85a2-0eaa5dc1e585 {"type": "usd", "usd": 0.0}
2026-09-30 11:10:58 /background-jobs/9e90786f-5407-44d9-9c5d-5ebfd202b575 {"type": "usd", "usd": 0.0}
2026-09-30 11:11:00 /background-jobs/6ef90a2b-7051-4d5f-8bde-4f1bc447a3bb {"type": "usd", "usd": 0.0}
2026-09-30 11:11:00 /background-jobs/99b2271b-1b48-4cec-92db-0f9e4e24e7d2 {"type": "usd", "usd": 0.0}
2026-09-30 11:11:01 /background-jobs/3acf34a7-ba9c-4842-b950-ad3acd8e1031 {"type": "usd", "usd": 0.0}
2026-09-30 11:11:02 /background-jobs/a3c49225-a128-4cfd-85a2-0eaa5dc1e585 {"type": "usd", "usd": 0.0}
2026-09-30 11:11:04 /background-jobs/9e90786f-5407-44d9-9c5d-5ebfd202b575 {"type": "usd", "usd": 0.0}
2026-09-30 11:11:05 /background-jobs/6ef90a2b-7051-4d5f-8bde-4f1bc447a3bb {"type": "usd", "usd": 0.0}
2026-09-30 11:11:06 /background-jobs/99b2271b-1b48-4cec-92db-0f9e4e24e7d2 {"type": "usd", "usd": 0.0}
2026-09-30 11:11:06 /background-jobs/3acf34a7-ba9c-4842-b950-ad3acd8e1031 {"type": "usd", "usd": 0.0}
2026-09-30 11:11:08 /background-jobs/a3c49225-a128-4cfd-85a2-0eaa5dc1e585 {"type": "usd", "usd": 0.0}
2026-09-30 11:11:10 /background-jobs/9e90786f-5407-44d9-9c5d-5ebfd202b575 {"type": "usd", "usd": 0.0}
2026-09-30 11:11:11 /background-jobs/6ef90a2b-7051-4d5f-8bde-4f1bc447a3bb {"type": "usd", "usd": 0.0}
2026-09-30 11:11:12 /background-jobs/99b2271b-1b48-4cec-92db-0f9e4e24e7d2 {"type": "usd", "usd": 0.0}
2026-09-30 11:11:13 /background-jobs/3acf34a7-ba9c-4842-b950-ad3acd8e1031 {"type": "usd", "usd": 0.0}
2026-09-30 11:11:14 /background-jobs/a3c49225-a128-4cfd-85a2-0eaa5dc1e585 {"type": "usd", "usd": 0.0}
2026-09-30 11:11:16 /background-jobs/9e90786f-5407-44d9-9c5d-5ebfd202b575 {"type": "usd", "usd": 0.0}
2026-09-30 11:11:17 /background-jobs/6ef90a2b-7051-4d5f-8bde-4f1bc447a3bb {"type": "usd", "usd": 0.0}
2026-09-30 11:11:18 /background-jobs/99b2271b-1b48-4cec-92db-0f9e4e24e7d2 {"type": "usd", "usd": 0.0}
2026-09-30 11:11:18 /background-jobs/3acf34a7-ba9c-4842-b950-ad3acd8e1031 {"type": "usd", "usd": 0.0}
2026-09-30 11:11:20 /background-jobs/a3c49225-a128-4cfd-85a2-0eaa5dc1e585 {"type": "usd", "usd": 0.0}
2026-09-30 11:11:22 /background-jobs/9e90786f-5407-44d9-9c5d-5ebfd202b575 {"type": "usd", "usd": 0.0}
2026-09-30 11:11:22 /background-jobs/6ef90a2b-7051-4d5f-8bde-4f1bc447a3bb {"type": "usd", "usd": 0.0}
2026-09-30 11:11:23 /background-jobs/99b2271b-1b48-4cec-92db-0f9e4e24e7d2 {"type": "usd", "usd": 0.0}
2026-09-30 11:11:24 /background-jobs/3acf34a7-ba9c-4842-b950-ad3acd8e1031 {"type": "usd", "usd": 0.0}
2026-09-30 11:11:25 /background-jobs/a3c49225-a128-4cfd-85a2-0eaa5dc1e585 {"type": "usd", "usd": 0.0}
2026-09-30 11:11:28 /background-jobs/9e90786f-5407-44d9-9c5d-5ebfd202b575 {"type": "usd", "usd": 0.0}
2026-09-30 11:11:28 /background-jobs/6ef90a2b-7051-4d5f-8bde-4f1bc447a3bb {"type": "usd", "usd": 0.0}
2026-09-30 11:11:29 /background-jobs/99b2271b-1b48-4cec-92db-0f9e4e24e7d2 {"type": "usd", "usd": 0.0}
2026-09-30 11:11:30 /background-jobs/3acf34a7-ba9c-4842-b950-ad3acd8e1031 {"type": "usd", "usd": 0.0}
2026-09-30 11:11:31 /background-jobs/a3c49225-a128-4cfd-85a2-0eaa5dc1e585 {"type": "usd", "usd": 0.0}
2026-09-30 11:11:34 /background-jobs/9e90786f-5407-44d9-9c5d-5ebfd202b575 {"type": "usd", "usd": 0.0}
2026-09-30 11:11:35 /background-jobs/99b2271b-1b48-4cec-92db-0f9e4e24e7d2 {"type": "usd", "usd": 0.0}
2026-09-30 11:11:35 /background-jobs/3acf34a7-ba9c-4842-b950-ad3acd8e1031 {"type": "usd", "usd": 0.0}
2026-09-30 11:11:37 /background-jobs/a3c49225-a128-4cfd-85a2-0eaa5dc1e585 {"type": "usd", "usd": 0.0}
2026-09-30 11:11:39 /background-jobs/9e90786f-5407-44d9-9c5d-5ebfd202b575 {"type": "usd", "usd": 0.0}
2026-09-30 11:11:40 /background-jobs/99b2271b-1b48-4cec-92db-0f9e4e24e7d2 {"type": "usd", "usd": 0.0}
2026-09-30 11:11:41 /background-jobs/3acf34a7-ba9c-4842-b950-ad3acd8e1031 {"type": "usd", "usd": 0.0}
2026-09-30 11:11:42 /background-jobs/6ef90a2b-7051-4d5f-8bde-4f1bc447a3bb {"type": "usd", "usd": 0.0}
2026-09-30 11:11:43 /background-jobs/a3c49225-a128-4cfd-85a2-0eaa5dc1e585 {"type": "usd", "usd": 0.0}
2026-09-30 11:11:45 /background-jobs/9e90786f-5407-44d9-9c5d-5ebfd202b575 {"type": "usd", "usd": 0.0}
2026-09-30 11:11:46 /background-jobs/99b2271b-1b48-4cec-92db-0f9e4e24e7d2 {"type": "usd", "usd": 0.0}
2026-09-30 11:11:47 /background-jobs/3acf34a7-ba9c-4842-b950-ad3acd8e1031 {"type": "usd", "usd": 0.0}
2026-09-30 11:11:47 /background-jobs/6ef90a2b-7051-4d5f-8bde-4f1bc447a3bb {"type": "usd", "usd": 0.0}
2026-09-30 11:11:49 /background-jobs/a3c49225-a128-4cfd-85a2-0eaa5dc1e585 {"type": "usd", "usd": 0.0}
2026-09-30 11:11:51 /background-jobs/9e90786f-5407-44d9-9c5d-5ebfd202b575 {"type": "usd", "usd": 0.0}
2026-09-30 11:11:51 /background-jobs/99b2271b-1b48-4cec-92db-0f9e4e24e7d2 {"type": "usd", "usd": 0.0}
2026-09-30 11:11:52 /background-jobs/3acf34a7-ba9c-4842-b950-ad3acd8e1031 {"type": "usd", "usd": 0.0}
2026-09-30 11:11:53 /background-jobs/6ef90a2b-7051-4d5f-8bde-4f1bc447a3bb {"type": "usd", "usd": 0.0}
2026-09-30 11:11:54 /background-jobs/a3c49225-a128-4cfd-85a2-0eaa5dc1e585 {"type": "usd", "usd": 0.0}
2026-09-30 11:11:56 /background-jobs/9e90786f-5407-44d9-9c5d-5ebfd202b575 {"type": "usd", "usd": 0.0}
2026-09-30 11:11:57 /background-jobs/99b2271b-1b48-4cec-92db-0f9e4e24e7d2 {"type": "generations", "generations": 1.0}
2026-09-30 11:11:58 /background-jobs/3acf34a7-ba9c-4842-b950-ad3acd8e1031 {"type": "usd", "usd": 0.0}
2026-09-30 11:11:59 /background-jobs/6ef90a2b-7051-4d5f-8bde-4f1bc447a3bb {"type": "usd", "usd": 0.0}
2026-09-30 11:12:00 /background-jobs/a3c49225-a128-4cfd-85a2-0eaa5dc1e585 {"type": "usd", "usd": 0.0}
2026-09-30 11:12:02 /background-jobs/9e90786f-5407-44d9-9c5d-5ebfd202b575 {"type": "usd", "usd": 0.0}
2026-09-30 11:12:03 /background-jobs/99b2271b-1b48-4cec-92db-0f9e4e24e7d2 {"type": "generations", "generations": 1.0}
2026-09-30 11:12:04 /background-jobs/3acf34a7-ba9c-4842-b950-ad3acd8e1031 {"type": "usd", "usd": 0.0}
2026-09-30 11:12:05 /background-jobs/6ef90a2b-7051-4d5f-8bde-4f1bc447a3bb {"type": "usd", "usd": 0.0}
2026-09-30 11:12:06 /background-jobs/a3c49225-a128-4cfd-85a2-0eaa5dc1e585 {"type": "usd", "usd": 0.0}
2026-09-30 11:12:08 /background-jobs/9e90786f-5407-44d9-9c5d-5ebfd202b575 {"type": "usd", "usd": 0.0}
2026-09-30 11:12:10 /background-jobs/3acf34a7-ba9c-4842-b950-ad3acd8e1031 {"type": "usd", "usd": 0.0}
2026-09-30 11:12:11 /background-jobs/6ef90a2b-7051-4d5f-8bde-4f1bc447a3bb {"type": "usd", "usd": 0.0}
2026-09-30 11:12:12 /background-jobs/a3c49225-a128-4cfd-85a2-0eaa5dc1e585 {"type": "usd", "usd": 0.0}
2026-09-30 11:12:13 /background-jobs/9e90786f-5407-44d9-9c5d-5ebfd202b575 {"type": "usd", "usd": 0.0}
2026-09-30 11:12:15 /background-jobs/3acf34a7-ba9c-4842-b950-ad3acd8e1031 {"type": "usd", "usd": 0.0}
2026-09-30 11:12:16 /background-jobs/6ef90a2b-7051-4d5f-8bde-4f1bc447a3bb {"type": "usd", "usd": 0.0}
2026-09-30 11:12:18 /background-jobs/a3c49225-a128-4cfd-85a2-0eaa5dc1e585 {"type": "usd", "usd": 0.0}
2026-09-30 11:12:19 /background-jobs/9e90786f-5407-44d9-9c5d-5ebfd202b575 {"type": "usd", "usd": 0.0}
2026-09-30 11:12:21 /background-jobs/3acf34a7-ba9c-4842-b950-ad3acd8e1031 {"type": "usd", "usd": 0.0}
2026-09-30 11:12:24 /background-jobs/6ef90a2b-7051-4d5f-8bde-4f1bc447a3bb {"type": "usd", "usd": 0.0}
2026-09-30 11:12:25 /background-jobs/9e90786f-5407-44d9-9c5d-5ebfd202b575 {"type": "usd", "usd": 0.0}
2026-09-30 11:12:27 /background-jobs/3acf34a7-ba9c-4842-b950-ad3acd8e1031 {"type": "usd", "usd": 0.0}
2026-09-30 11:12:27 /background-jobs/a3c49225-a128-4cfd-85a2-0eaa5dc1e585 {"type": "usd", "usd": 0.0}
2026-09-30 11:12:30 /background-jobs/6ef90a2b-7051-4d5f-8bde-4f1bc447a3bb {"type": "usd", "usd": 0.0}
2026-09-30 11:12:31 /background-jobs/9e90786f-5407-44d9-9c5d-5ebfd202b575 {"type": "usd", "usd": 0.0}
2026-09-30 11:12:33 /background-jobs/3acf34a7-ba9c-4842-b950-ad3acd8e1031 {"type": "usd", "usd": 0.0}
2026-09-30 11:12:33 /background-jobs/a3c49225-a128-4cfd-85a2-0eaa5dc1e585 {"type": "usd", "usd": 0.0}
2026-09-30 11:12:36 /background-jobs/6ef90a2b-7051-4d5f-8bde-4f1bc447a3bb {"type": "usd", "usd": 0.0}
2026-09-30 11:12:37 /background-jobs/9e90786f-5407-44d9-9c5d-5ebfd202b575 {"type": "usd", "usd": 0.0}
2026-09-30 11:12:38 /background-jobs/3acf34a7-ba9c-4842-b950-ad3acd8e1031 {"type": "usd", "usd": 0.0}
2026-09-30 11:12:39 /background-jobs/a3c49225-a128-4cfd-85a2-0eaa5dc1e585 {"type": "usd", "usd": 0.0}
2026-09-30 11:12:41 /background-jobs/6ef90a2b-7051-4d5f-8bde-4f1bc447a3bb {"type": "usd", "usd": 0.0}
2026-09-30 11:12:42 /background-jobs/9e90786f-5407-44d9-9c5d-5ebfd202b575 {"type": "usd", "usd": 0.0}
2026-09-30 11:12:44 /background-jobs/3acf34a7-ba9c-4842-b950-ad3acd8e1031 {"type": "usd", "usd": 0.0}
2026-09-30 11:12:44 /background-jobs/a3c49225-a128-4cfd-85a2-0eaa5dc1e585 {"type": "usd", "usd": 0.0}
2026-09-30 11:12:47 /background-jobs/6ef90a2b-7051-4d5f-8bde-4f1bc447a3bb {"type": "usd", "usd": 0.0}
2026-09-30 11:12:48 /background-jobs/9e90786f-5407-44d9-9c5d-5ebfd202b575 {"type": "usd", "usd": 0.0}
2026-09-30 11:12:50 /background-jobs/3acf34a7-ba9c-4842-b950-ad3acd8e1031 {"type": "usd", "usd": 0.0}
2026-09-30 11:12:50 /background-jobs/a3c49225-a128-4cfd-85a2-0eaa5dc1e585 {"type": "usd", "usd": 0.0}
2026-09-30 11:12:54 /background-jobs/6ef90a2b-7051-4d5f-8bde-4f1bc447a3bb {"type": "usd", "usd": 0.0}
2026-09-30 11:12:54 /background-jobs/9e90786f-5407-44d9-9c5d-5ebfd202b575 {"type": "usd", "usd": 0.0}
2026-09-30 11:12:57 /background-jobs/3acf34a7-ba9c-4842-b950-ad3acd8e1031 {"type": "usd", "usd": 0.0}
2026-09-30 11:12:57 /background-jobs/a3c49225-a128-4cfd-85a2-0eaa5dc1e585 {"type": "usd", "usd": 0.0}
2026-09-30 11:13:00 /background-jobs/6ef90a2b-7051-4d5f-8bde-4f1bc447a3bb {"type": "usd", "usd": 0.0}
2026-09-30 11:13:00 /background-jobs/9e90786f-5407-44d9-9c5d-5ebfd202b575 {"type": "usd", "usd": 0.0}
2026-09-30 11:13:03 /background-jobs/3acf34a7-ba9c-4842-b950-ad3acd8e1031 {"type": "usd", "usd": 0.0}
2026-09-30 11:13:03 /background-jobs/a3c49225-a128-4cfd-85a2-0eaa5dc1e585 {"type": "usd", "usd": 0.0}
2026-09-30 11:13:05 /background-jobs/6ef90a2b-7051-4d5f-8bde-4f1bc447a3bb {"type": "usd", "usd": 0.0}
2026-09-30 11:13:06 /background-jobs/9e90786f-5407-44d9-9c5d-5ebfd202b575 {"type": "usd", "usd": 0.0}
2026-09-30 11:13:08 /background-jobs/3acf34a7-ba9c-4842-b950-ad3acd8e1031 {"type": "usd", "usd": 0.0}
2026-09-30 11:13:09 /background-jobs/a3c49225-a128-4cfd-85a2-0eaa5dc1e585 {"type": "usd", "usd": 0.0}
2026-09-30 11:13:11 /background-jobs/6ef90a2b-7051-4d5f-8bde-4f1bc447a3bb {"type": "usd", "usd": 0.0}
2026-09-30 11:13:12 /background-jobs/9e90786f-5407-44d9-9c5d-5ebfd202b575 {"type": "usd", "usd": 0.0}
2026-09-30 11:13:14 /background-jobs/3acf34a7-ba9c-4842-b950-ad3acd8e1031 {"type": "usd", "usd": 0.0}
2026-09-30 11:13:14 /background-jobs/a3c49225-a128-4cfd-85a2-0eaa5dc1e585 {"type": "usd", "usd": 0.0}
2026-09-30 11:13:17 /background-jobs/6ef90a2b-7051-4d5f-8bde-4f1bc447a3bb {"type": "usd", "usd": 0.0}
2026-09-30 11:13:17 /background-jobs/9e90786f-5407-44d9-9c5d-5ebfd202b575 {"type": "usd", "usd": 0.0}
2026-09-30 11:13:20 /background-jobs/3acf34a7-ba9c-4842-b950-ad3acd8e1031 {"type": "usd", "usd": 0.0}
2026-09-30 11:13:20 /background-jobs/a3c49225-a128-4cfd-85a2-0eaa5dc1e585 {"type": "usd", "usd": 0.0}
2026-09-30 11:13:22 /background-jobs/6ef90a2b-7051-4d5f-8bde-4f1bc447a3bb {"type": "usd", "usd": 0.0}
2026-09-30 11:13:23 /background-jobs/9e90786f-5407-44d9-9c5d-5ebfd202b575 {"type": "usd", "usd": 0.0}
2026-09-30 11:13:26 /background-jobs/a3c49225-a128-4cfd-85a2-0eaa5dc1e585 {"type": "usd", "usd": 0.0}
2026-09-30 11:13:26 /background-jobs/3acf34a7-ba9c-4842-b950-ad3acd8e1031 {"type": "usd", "usd": 0.0}
2026-09-30 11:13:28 /background-jobs/6ef90a2b-7051-4d5f-8bde-4f1bc447a3bb {"type": "usd", "usd": 0.0}
2026-09-30 11:13:29 /background-jobs/9e90786f-5407-44d9-9c5d-5ebfd202b575 {"type": "usd", "usd": 0.0}
2026-09-30 11:13:31 /background-jobs/3acf34a7-ba9c-4842-b950-ad3acd8e1031 {"type": "usd", "usd": 0.0}
2026-09-30 11:13:31 /background-jobs/a3c49225-a128-4cfd-85a2-0eaa5dc1e585 {"type": "usd", "usd": 0.0}
2026-09-30 11:13:34 /background-jobs/6ef90a2b-7051-4d5f-8bde-4f1bc447a3bb {"type": "usd", "usd": 0.0}
2026-09-30 11:13:34 /background-jobs/9e90786f-5407-44d9-9c5d-5ebfd202b575 {"type": "usd", "usd": 0.0}
2026-09-30 11:13:37 /background-jobs/3acf34a7-ba9c-4842-b950-ad3acd8e1031 {"type": "usd", "usd": 0.0}
2026-09-30 11:13:37 /background-jobs/a3c49225-a128-4cfd-85a2-0eaa5dc1e585 {"type": "usd", "usd": 0.0}
2026-09-30 11:13:39 /background-jobs/6ef90a2b-7051-4d5f-8bde-4f1bc447a3bb {"type": "usd", "usd": 0.0}
2026-09-30 11:13:41 /background-jobs/9e90786f-5407-44d9-9c5d-5ebfd202b575 {"type": "usd", "usd": 0.0}
2026-09-30 11:13:43 /background-jobs/3acf34a7-ba9c-4842-b950-ad3acd8e1031 {"type": "usd", "usd": 0.0}
2026-09-30 11:13:43 /background-jobs/a3c49225-a128-4cfd-85a2-0eaa5dc1e585 {"type": "usd", "usd": 0.0}
2026-09-30 11:13:45 /background-jobs/6ef90a2b-7051-4d5f-8bde-4f1bc447a3bb {"type": "usd", "usd": 0.0}
2026-09-30 11:13:47 /background-jobs/9e90786f-5407-44d9-9c5d-5ebfd202b575 {"type": "usd", "usd": 0.0}
2026-09-30 11:13:48 /background-jobs/3acf34a7-ba9c-4842-b950-ad3acd8e1031 {"type": "usd", "usd": 0.0}
2026-09-30 11:13:48 /background-jobs/a3c49225-a128-4cfd-85a2-0eaa5dc1e585 {"type": "usd", "usd": 0.0}
2026-09-30 11:13:51 /background-jobs/6ef90a2b-7051-4d5f-8bde-4f1bc447a3bb {"type": "usd", "usd": 0.0}
2026-09-30 11:13:52 /background-jobs/9e90786f-5407-44d9-9c5d-5ebfd202b575 {"type": "usd", "usd": 0.0}
2026-09-30 11:13:54 /background-jobs/a3c49225-a128-4cfd-85a2-0eaa5dc1e585 {"type": "usd", "usd": 0.0}
2026-09-30 11:13:54 /background-jobs/3acf34a7-ba9c-4842-b950-ad3acd8e1031 {"type": "usd", "usd": 0.0}
2026-09-30 11:13:57 /background-jobs/6ef90a2b-7051-4d5f-8bde-4f1bc447a3bb {"type": "usd", "usd": 0.0}
2026-09-30 11:13:59 /background-jobs/9e90786f-5407-44d9-9c5d-5ebfd202b575 {"type": "usd", "usd": 0.0}
2026-09-30 11:14:00 /background-jobs/3acf34a7-ba9c-4842-b950-ad3acd8e1031 {"type": "usd", "usd": 0.0}
2026-09-30 11:14:01 /background-jobs/a3c49225-a128-4cfd-85a2-0eaa5dc1e585 {"type": "usd", "usd": 0.0}
2026-09-30 11:14:03 /background-jobs/6ef90a2b-7051-4d5f-8bde-4f1bc447a3bb {"type": "usd", "usd": 0.0}
2026-09-30 11:14:05 /background-jobs/9e90786f-5407-44d9-9c5d-5ebfd202b575 {"type": "usd", "usd": 0.0}
2026-09-30 11:14:06 /background-jobs/a3c49225-a128-4cfd-85a2-0eaa5dc1e585 {"type": "usd", "usd": 0.0}
2026-09-30 11:14:06 /background-jobs/3acf34a7-ba9c-4842-b950-ad3acd8e1031 {"type": "usd", "usd": 0.0}
2026-09-30 11:14:09 /background-jobs/6ef90a2b-7051-4d5f-8bde-4f1bc447a3bb {"type": "usd", "usd": 0.0}
2026-09-30 11:14:11 /background-jobs/9e90786f-5407-44d9-9c5d-5ebfd202b575 {"type": "usd", "usd": 0.0}
2026-09-30 11:14:12 /background-jobs/a3c49225-a128-4cfd-85a2-0eaa5dc1e585 {"type": "usd", "usd": 0.0}
2026-09-30 11:14:12 /background-jobs/3acf34a7-ba9c-4842-b950-ad3acd8e1031 {"type": "usd", "usd": 0.0}
2026-09-30 11:14:15 /background-jobs/6ef90a2b-7051-4d5f-8bde-4f1bc447a3bb {"type": "usd", "usd": 0.0}
2026-09-30 11:14:17 /background-jobs/9e90786f-5407-44d9-9c5d-5ebfd202b575 {"type": "usd", "usd": 0.0}
2026-09-30 11:14:18 /background-jobs/a3c49225-a128-4cfd-85a2-0eaa5dc1e585 {"type": "usd", "usd": 0.0}
2026-09-30 11:14:18 /background-jobs/3acf34a7-ba9c-4842-b950-ad3acd8e1031 {"type": "usd", "usd": 0.0}
2026-09-30 11:14:20 /background-jobs/6ef90a2b-7051-4d5f-8bde-4f1bc447a3bb {"type": "usd", "usd": 0.0}
2026-09-30 11:14:22 /background-jobs/9e90786f-5407-44d9-9c5d-5ebfd202b575 {"type": "usd", "usd": 0.0}
2026-09-30 11:14:23 /background-jobs/a3c49225-a128-4cfd-85a2-0eaa5dc1e585 {"type": "usd", "usd": 0.0}
2026-09-30 11:14:24 /background-jobs/3acf34a7-ba9c-4842-b950-ad3acd8e1031 {"type": "usd", "usd": 0.0}
2026-09-30 11:14:26 /background-jobs/6ef90a2b-7051-4d5f-8bde-4f1bc447a3bb {"type": "usd", "usd": 0.0}
2026-09-30 11:14:28 /background-jobs/9e90786f-5407-44d9-9c5d-5ebfd202b575 {"type": "usd", "usd": 0.0}
2026-09-30 11:14:29 /background-jobs/a3c49225-a128-4cfd-85a2-0eaa5dc1e585 {"type": "usd", "usd": 0.0}
2026-09-30 11:14:29 /background-jobs/3acf34a7-ba9c-4842-b950-ad3acd8e1031 {"type": "usd", "usd": 0.0}
2026-09-30 11:14:32 /background-jobs/6ef90a2b-7051-4d5f-8bde-4f1bc447a3bb {"type": "usd", "usd": 0.0}
2026-09-30 11:14:35 /background-jobs/9e90786f-5407-44d9-9c5d-5ebfd202b575 {"type": "usd", "usd": 0.0}
2026-09-30 11:14:35 /background-jobs/a3c49225-a128-4cfd-85a2-0eaa5dc1e585 {"type": "usd", "usd": 0.0}
2026-09-30 11:14:35 /background-jobs/3acf34a7-ba9c-4842-b950-ad3acd8e1031 {"type": "usd", "usd": 0.0}
2026-09-30 11:14:37 /background-jobs/6ef90a2b-7051-4d5f-8bde-4f1bc447a3bb {"type": "usd", "usd": 0.0}
2026-09-30 11:14:40 /background-jobs/9e90786f-5407-44d9-9c5d-5ebfd202b575 {"type": "usd", "usd": 0.0}
2026-09-30 11:14:41 /background-jobs/a3c49225-a128-4cfd-85a2-0eaa5dc1e585 {"type": "usd", "usd": 0.0}
2026-09-30 11:14:41 /background-jobs/3acf34a7-ba9c-4842-b950-ad3acd8e1031 {"type": "usd", "usd": 0.0}
2026-09-30 11:14:43 /background-jobs/6ef90a2b-7051-4d5f-8bde-4f1bc447a3bb {"type": "usd", "usd": 0.0}
2026-09-30 11:14:46 /background-jobs/9e90786f-5407-44d9-9c5d-5ebfd202b575 {"type": "usd", "usd": 0.0}
2026-09-30 11:14:47 /background-jobs/a3c49225-a128-4cfd-85a2-0eaa5dc1e585 {"type": "usd", "usd": 0.0}
2026-09-30 11:14:48 /background-jobs/3acf34a7-ba9c-4842-b950-ad3acd8e1031 {"type": "usd", "usd": 0.0}
2026-09-30 11:14:49 /background-jobs/6ef90a2b-7051-4d5f-8bde-4f1bc447a3bb {"type": "usd", "usd": 0.0}
2026-09-30 11:14:52 /background-jobs/9e90786f-5407-44d9-9c5d-5ebfd202b575 {"type": "usd", "usd": 0.0}
2026-09-30 11:14:52 /background-jobs/a3c49225-a128-4cfd-85a2-0eaa5dc1e585 {"type": "usd", "usd": 0.0}
2026-09-30 11:14:54 /background-jobs/3acf34a7-ba9c-4842-b950-ad3acd8e1031 {"type": "usd", "usd": 0.0}
2026-09-30 11:14:57 /background-jobs/6ef90a2b-7051-4d5f-8bde-4f1bc447a3bb {"type": "usd", "usd": 0.0}
2026-09-30 11:14:58 /background-jobs/9e90786f-5407-44d9-9c5d-5ebfd202b575 {"type": "usd", "usd": 0.0}
2026-09-30 11:14:58 /background-jobs/a3c49225-a128-4cfd-85a2-0eaa5dc1e585 {"type": "usd", "usd": 0.0}
2026-09-30 11:15:00 /background-jobs/3acf34a7-ba9c-4842-b950-ad3acd8e1031 {"type": "usd", "usd": 0.0}
2026-09-30 11:15:02 /background-jobs/6ef90a2b-7051-4d5f-8bde-4f1bc447a3bb {"type": "usd", "usd": 0.0}
2026-09-30 11:15:03 /background-jobs/9e90786f-5407-44d9-9c5d-5ebfd202b575 {"type": "usd", "usd": 0.0}
2026-09-30 11:15:04 /background-jobs/a3c49225-a128-4cfd-85a2-0eaa5dc1e585 {"type": "usd", "usd": 0.0}
2026-09-30 11:15:05 /background-jobs/3acf34a7-ba9c-4842-b950-ad3acd8e1031 {"type": "usd", "usd": 0.0}
2026-09-30 11:15:08 /background-jobs/6ef90a2b-7051-4d5f-8bde-4f1bc447a3bb {"type": "usd", "usd": 0.0}
2026-09-30 11:15:09 /background-jobs/9e90786f-5407-44d9-9c5d-5ebfd202b575 {"type": "usd", "usd": 0.0}
2026-09-30 11:15:09 /background-jobs/a3c49225-a128-4cfd-85a2-0eaa5dc1e585 {"type": "usd", "usd": 0.0}
2026-09-30 11:15:11 /background-jobs/3acf34a7-ba9c-4842-b950-ad3acd8e1031 {"type": "usd", "usd": 0.0}
2026-09-30 11:15:14 /background-jobs/6ef90a2b-7051-4d5f-8bde-4f1bc447a3bb {"type": "usd", "usd": 0.0}
2026-09-30 11:15:15 /background-jobs/9e90786f-5407-44d9-9c5d-5ebfd202b575 {"type": "usd", "usd": 0.0}
2026-09-30 11:15:15 /background-jobs/a3c49225-a128-4cfd-85a2-0eaa5dc1e585 {"type": "usd", "usd": 0.0}
2026-09-30 11:15:17 /background-jobs/3acf34a7-ba9c-4842-b950-ad3acd8e1031 {"type": "usd", "usd": 0.0}
2026-09-30 11:15:19 /background-jobs/6ef90a2b-7051-4d5f-8bde-4f1bc447a3bb {"type": "usd", "usd": 0.0}
2026-09-30 11:15:21 /background-jobs/9e90786f-5407-44d9-9c5d-5ebfd202b575 {"type": "usd", "usd": 0.0}
2026-09-30 11:15:21 /background-jobs/a3c49225-a128-4cfd-85a2-0eaa5dc1e585 {"type": "usd", "usd": 0.0}
2026-09-30 11:15:23 /background-jobs/3acf34a7-ba9c-4842-b950-ad3acd8e1031 {"type": "usd", "usd": 0.0}
2026-09-30 11:15:25 /background-jobs/6ef90a2b-7051-4d5f-8bde-4f1bc447a3bb {"type": "usd", "usd": 0.0}
2026-09-30 11:15:26 /background-jobs/9e90786f-5407-44d9-9c5d-5ebfd202b575 {"type": "usd", "usd": 0.0}
2026-09-30 11:15:27 /background-jobs/a3c49225-a128-4cfd-85a2-0eaa5dc1e585 {"type": "usd", "usd": 0.0}
2026-09-30 11:15:28 /background-jobs/3acf34a7-ba9c-4842-b950-ad3acd8e1031 {"type": "usd", "usd": 0.0}
2026-09-30 11:15:30 /background-jobs/6ef90a2b-7051-4d5f-8bde-4f1bc447a3bb {"type": "usd", "usd": 0.0}
2026-09-30 11:15:32 /background-jobs/9e90786f-5407-44d9-9c5d-5ebfd202b575 {"type": "usd", "usd": 0.0}
2026-09-30 11:15:33 /background-jobs/a3c49225-a128-4cfd-85a2-0eaa5dc1e585 {"type": "usd", "usd": 0.0}
2026-09-30 11:15:34 /background-jobs/3acf34a7-ba9c-4842-b950-ad3acd8e1031 {"type": "usd", "usd": 0.0}
2026-09-30 11:15:36 /background-jobs/6ef90a2b-7051-4d5f-8bde-4f1bc447a3bb {"type": "usd", "usd": 0.0}
2026-09-30 11:15:38 /background-jobs/9e90786f-5407-44d9-9c5d-5ebfd202b575 {"type": "usd", "usd": 0.0}
2026-09-30 11:15:38 /background-jobs/a3c49225-a128-4cfd-85a2-0eaa5dc1e585 {"type": "usd", "usd": 0.0}
2026-09-30 11:15:40 /background-jobs/3acf34a7-ba9c-4842-b950-ad3acd8e1031 {"type": "usd", "usd": 0.0}
2026-09-30 11:15:42 /background-jobs/6ef90a2b-7051-4d5f-8bde-4f1bc447a3bb {"type": "usd", "usd": 0.0}
2026-09-30 11:15:44 /background-jobs/9e90786f-5407-44d9-9c5d-5ebfd202b575 {"type": "usd", "usd": 0.0}
2026-09-30 11:15:44 /background-jobs/a3c49225-a128-4cfd-85a2-0eaa5dc1e585 {"type": "usd", "usd": 0.0}
2026-09-30 11:15:46 /background-jobs/3acf34a7-ba9c-4842-b950-ad3acd8e1031 {"type": "usd", "usd": 0.0}
2026-09-30 11:15:47 /background-jobs/6ef90a2b-7051-4d5f-8bde-4f1bc447a3bb {"type": "usd", "usd": 0.0}
2026-09-30 11:15:49 /background-jobs/9e90786f-5407-44d9-9c5d-5ebfd202b575 {"type": "usd", "usd": 0.0}
2026-09-30 11:15:50 /background-jobs/a3c49225-a128-4cfd-85a2-0eaa5dc1e585 {"type": "usd", "usd": 0.0}
2026-09-30 11:15:52 /background-jobs/3acf34a7-ba9c-4842-b950-ad3acd8e1031 {"type": "usd", "usd": 0.0}
2026-09-30 11:15:53 /background-jobs/6ef90a2b-7051-4d5f-8bde-4f1bc447a3bb {"type": "usd", "usd": 0.0}
2026-09-30 11:15:55 /background-jobs/9e90786f-5407-44d9-9c5d-5ebfd202b575 {"type": "usd", "usd": 0.0}
2026-09-30 11:15:55 /background-jobs/a3c49225-a128-4cfd-85a2-0eaa5dc1e585 {"type": "usd", "usd": 0.0}
2026-09-30 11:15:58 /background-jobs/3acf34a7-ba9c-4842-b950-ad3acd8e1031 {"type": "usd", "usd": 0.0}
2026-09-30 11:16:01 /background-jobs/a3c49225-a128-4cfd-85a2-0eaa5dc1e585 {"type": "usd", "usd": 0.0}
2026-09-30 11:16:01 /background-jobs/9e90786f-5407-44d9-9c5d-5ebfd202b575 {"type": "usd", "usd": 0.0}
2026-09-30 11:16:03 /background-jobs/6ef90a2b-7051-4d5f-8bde-4f1bc447a3bb {"type": "usd", "usd": 0.0}
2026-09-30 11:16:04 /background-jobs/3acf34a7-ba9c-4842-b950-ad3acd8e1031 {"type": "usd", "usd": 0.0}
2026-09-30 11:16:07 /background-jobs/a3c49225-a128-4cfd-85a2-0eaa5dc1e585 {"type": "usd", "usd": 0.0}
2026-09-30 11:16:07 /background-jobs/9e90786f-5407-44d9-9c5d-5ebfd202b575 {"type": "usd", "usd": 0.0}
2026-09-30 11:16:09 /background-jobs/6ef90a2b-7051-4d5f-8bde-4f1bc447a3bb {"type": "usd", "usd": 0.0}
2026-09-30 11:16:10 /background-jobs/3acf34a7-ba9c-4842-b950-ad3acd8e1031 {"type": "usd", "usd": 0.0}
2026-09-30 11:16:12 /background-jobs/a3c49225-a128-4cfd-85a2-0eaa5dc1e585 {"type": "usd", "usd": 0.0}
2026-09-30 11:16:13 /background-jobs/9e90786f-5407-44d9-9c5d-5ebfd202b575 {"type": "usd", "usd": 0.0}
2026-09-30 11:16:15 /background-jobs/6ef90a2b-7051-4d5f-8bde-4f1bc447a3bb {"type": "usd", "usd": 0.0}
2026-09-30 11:16:16 /background-jobs/3acf34a7-ba9c-4842-b950-ad3acd8e1031 {"type": "usd", "usd": 0.0}
2026-09-30 11:16:18 /background-jobs/9e90786f-5407-44d9-9c5d-5ebfd202b575 {"type": "usd", "usd": 0.0}
2026-09-30 11:16:18 /background-jobs/a3c49225-a128-4cfd-85a2-0eaa5dc1e585 {"type": "usd", "usd": 0.0}
2026-09-30 11:16:20 /background-jobs/6ef90a2b-7051-4d5f-8bde-4f1bc447a3bb {"type": "usd", "usd": 0.0}
2026-09-30 11:16:22 /background-jobs/3acf34a7-ba9c-4842-b950-ad3acd8e1031 {"type": "usd", "usd": 0.0}
2026-09-30 11:16:24 /background-jobs/a3c49225-a128-4cfd-85a2-0eaa5dc1e585 {"type": "usd", "usd": 0.0}
2026-09-30 11:16:24 /background-jobs/9e90786f-5407-44d9-9c5d-5ebfd202b575 {"type": "usd", "usd": 0.0}
2026-09-30 11:16:26 /background-jobs/6ef90a2b-7051-4d5f-8bde-4f1bc447a3bb {"type": "usd", "usd": 0.0}
2026-09-30 11:16:28 /background-jobs/3acf34a7-ba9c-4842-b950-ad3acd8e1031 {"type": "usd", "usd": 0.0}
2026-09-30 11:16:30 /background-jobs/a3c49225-a128-4cfd-85a2-0eaa5dc1e585 {"type": "usd", "usd": 0.0}
2026-09-30 11:16:30 /background-jobs/9e90786f-5407-44d9-9c5d-5ebfd202b575 {"type": "usd", "usd": 0.0}
2026-09-30 11:16:32 /background-jobs/6ef90a2b-7051-4d5f-8bde-4f1bc447a3bb {"type": "usd", "usd": 0.0}
2026-09-30 11:16:33 /background-jobs/3acf34a7-ba9c-4842-b950-ad3acd8e1031 {"type": "usd", "usd": 0.0}
2026-09-30 11:16:36 /background-jobs/9e90786f-5407-44d9-9c5d-5ebfd202b575 {"type": "usd", "usd": 0.0}
2026-09-30 11:16:36 /background-jobs/a3c49225-a128-4cfd-85a2-0eaa5dc1e585 {"type": "usd", "usd": 0.0}
2026-09-30 11:16:37 /background-jobs/6ef90a2b-7051-4d5f-8bde-4f1bc447a3bb {"type": "usd", "usd": 0.0}
2026-09-30 11:16:39 /background-jobs/3acf34a7-ba9c-4842-b950-ad3acd8e1031 {"type": "usd", "usd": 0.0}
2026-09-30 11:16:41 /background-jobs/9e90786f-5407-44d9-9c5d-5ebfd202b575 {"type": "usd", "usd": 0.0}
2026-09-30 11:16:42 /background-jobs/a3c49225-a128-4cfd-85a2-0eaa5dc1e585 {"type": "usd", "usd": 0.0}
2026-09-30 11:16:44 /background-jobs/6ef90a2b-7051-4d5f-8bde-4f1bc447a3bb {"type": "usd", "usd": 0.0}
2026-09-30 11:16:45 /background-jobs/3acf34a7-ba9c-4842-b950-ad3acd8e1031 {"type": "usd", "usd": 0.0}
2026-09-30 11:16:47 /background-jobs/9e90786f-5407-44d9-9c5d-5ebfd202b575 {"type": "usd", "usd": 0.0}
2026-09-30 11:16:48 /background-jobs/a3c49225-a128-4cfd-85a2-0eaa5dc1e585 {"type": "usd", "usd": 0.0}
2026-09-30 11:16:50 /background-jobs/6ef90a2b-7051-4d5f-8bde-4f1bc447a3bb {"type": "usd", "usd": 0.0}
2026-09-30 11:16:52 /background-jobs/3acf34a7-ba9c-4842-b950-ad3acd8e1031 {"type": "usd", "usd": 0.0}
2026-09-30 11:16:54 /background-jobs/a3c49225-a128-4cfd-85a2-0eaa5dc1e585 {"type": "usd", "usd": 0.0}
2026-09-30 11:16:54 /background-jobs/9e90786f-5407-44d9-9c5d-5ebfd202b575 {"type": "usd", "usd": 0.0}
2026-09-30 11:16:56 /background-jobs/6ef90a2b-7051-4d5f-8bde-4f1bc447a3bb {"type": "usd", "usd": 0.0}
2026-09-30 11:16:57 /background-jobs/3acf34a7-ba9c-4842-b950-ad3acd8e1031 {"type": "usd", "usd": 0.0}
2026-09-30 11:17:00 /background-jobs/a3c49225-a128-4cfd-85a2-0eaa5dc1e585 {"type": "usd", "usd": 0.0}
2026-09-30 11:17:00 /background-jobs/9e90786f-5407-44d9-9c5d-5ebfd202b575 {"type": "usd", "usd": 0.0}
2026-09-30 11:17:01 /background-jobs/6ef90a2b-7051-4d5f-8bde-4f1bc447a3bb {"type": "usd", "usd": 0.0}
2026-09-30 11:17:03 /background-jobs/3acf34a7-ba9c-4842-b950-ad3acd8e1031 {"type": "usd", "usd": 0.0}
2026-09-30 11:17:06 /background-jobs/a3c49225-a128-4cfd-85a2-0eaa5dc1e585 {"type": "usd", "usd": 0.0}
2026-09-30 11:17:06 /background-jobs/9e90786f-5407-44d9-9c5d-5ebfd202b575 {"type": "usd", "usd": 0.0}
2026-09-30 11:17:07 /background-jobs/6ef90a2b-7051-4d5f-8bde-4f1bc447a3bb {"type": "usd", "usd": 0.0}
2026-09-30 11:17:09 /background-jobs/3acf34a7-ba9c-4842-b950-ad3acd8e1031 {"type": "usd", "usd": 0.0}
2026-09-30 11:17:11 /background-jobs/a3c49225-a128-4cfd-85a2-0eaa5dc1e585 {"type": "usd", "usd": 0.0}
2026-09-30 11:17:12 /background-jobs/9e90786f-5407-44d9-9c5d-5ebfd202b575 {"type": "usd", "usd": 0.0}
2026-09-30 11:17:14 /background-jobs/3acf34a7-ba9c-4842-b950-ad3acd8e1031 {"type": "usd", "usd": 0.0}
2026-09-30 11:17:15 /background-jobs/6ef90a2b-7051-4d5f-8bde-4f1bc447a3bb {"type": "usd", "usd": 0.0}
2026-09-30 11:17:17 /background-jobs/a3c49225-a128-4cfd-85a2-0eaa5dc1e585 {"type": "usd", "usd": 0.0}
2026-09-30 11:17:17 /background-jobs/9e90786f-5407-44d9-9c5d-5ebfd202b575 {"type": "usd", "usd": 0.0}
2026-09-30 11:17:20 /background-jobs/3acf34a7-ba9c-4842-b950-ad3acd8e1031 {"type": "usd", "usd": 0.0}
2026-09-30 11:17:21 /background-jobs/6ef90a2b-7051-4d5f-8bde-4f1bc447a3bb {"type": "usd", "usd": 0.0}
2026-09-30 11:17:23 /background-jobs/a3c49225-a128-4cfd-85a2-0eaa5dc1e585 {"type": "usd", "usd": 0.0}
2026-09-30 11:17:23 /background-jobs/9e90786f-5407-44d9-9c5d-5ebfd202b575 {"type": "usd", "usd": 0.0}
2026-09-30 11:17:26 /background-jobs/3acf34a7-ba9c-4842-b950-ad3acd8e1031 {"type": "usd", "usd": 0.0}
2026-09-30 11:17:27 /background-jobs/6ef90a2b-7051-4d5f-8bde-4f1bc447a3bb {"type": "usd", "usd": 0.0}
2026-09-30 11:17:28 /background-jobs/a3c49225-a128-4cfd-85a2-0eaa5dc1e585 {"type": "usd", "usd": 0.0}
2026-09-30 11:17:28 /background-jobs/9e90786f-5407-44d9-9c5d-5ebfd202b575 {"type": "usd", "usd": 0.0}
2026-09-30 11:17:31 /background-jobs/3acf34a7-ba9c-4842-b950-ad3acd8e1031 {"type": "usd", "usd": 0.0}
2026-09-30 11:17:32 /background-jobs/6ef90a2b-7051-4d5f-8bde-4f1bc447a3bb {"type": "usd", "usd": 0.0}
2026-09-30 11:17:34 /background-jobs/a3c49225-a128-4cfd-85a2-0eaa5dc1e585 {"type": "usd", "usd": 0.0}
2026-09-30 11:17:35 /background-jobs/9e90786f-5407-44d9-9c5d-5ebfd202b575 {"type": "usd", "usd": 0.0}
2026-09-30 11:17:38 /background-jobs/6ef90a2b-7051-4d5f-8bde-4f1bc447a3bb {"type": "usd", "usd": 0.0}
2026-09-30 11:17:40 /background-jobs/9e90786f-5407-44d9-9c5d-5ebfd202b575 {"type": "usd", "usd": 0.0}
2026-09-30 11:17:41 /background-jobs/3acf34a7-ba9c-4842-b950-ad3acd8e1031 {"type": "usd", "usd": 0.0}
2026-09-30 11:17:41 /background-jobs/a3c49225-a128-4cfd-85a2-0eaa5dc1e585 {"type": "usd", "usd": 0.0}
2026-09-30 11:17:44 /background-jobs/6ef90a2b-7051-4d5f-8bde-4f1bc447a3bb {"type": "usd", "usd": 0.0}
2026-09-30 11:17:46 /background-jobs/9e90786f-5407-44d9-9c5d-5ebfd202b575 {"type": "usd", "usd": 0.0}
2026-09-30 11:17:46 /background-jobs/3acf34a7-ba9c-4842-b950-ad3acd8e1031 {"type": "usd", "usd": 0.0}
2026-09-30 11:17:46 /background-jobs/a3c49225-a128-4cfd-85a2-0eaa5dc1e585 {"type": "usd", "usd": 0.0}
2026-09-30 11:17:50 /background-jobs/6ef90a2b-7051-4d5f-8bde-4f1bc447a3bb {"type": "usd", "usd": 0.0}
2026-09-30 11:17:52 /background-jobs/9e90786f-5407-44d9-9c5d-5ebfd202b575 {"type": "usd", "usd": 0.0}
2026-09-30 11:17:52 /background-jobs/3acf34a7-ba9c-4842-b950-ad3acd8e1031 {"type": "usd", "usd": 0.0}
2026-09-30 11:17:52 /background-jobs/a3c49225-a128-4cfd-85a2-0eaa5dc1e585 {"type": "usd", "usd": 0.0}
2026-09-30 11:17:56 /background-jobs/6ef90a2b-7051-4d5f-8bde-4f1bc447a3bb {"type": "usd", "usd": 0.0}
2026-09-30 11:17:58 /background-jobs/3acf34a7-ba9c-4842-b950-ad3acd8e1031 {"type": "usd", "usd": 0.0}
2026-09-30 11:17:58 /background-jobs/a3c49225-a128-4cfd-85a2-0eaa5dc1e585 {"type": "usd", "usd": 0.0}
2026-09-30 11:18:01 /background-jobs/9e90786f-5407-44d9-9c5d-5ebfd202b575 {"type": "usd", "usd": 0.0}
2026-09-30 11:18:02 /background-jobs/6ef90a2b-7051-4d5f-8bde-4f1bc447a3bb {"type": "usd", "usd": 0.0}
2026-09-30 11:18:04 /background-jobs/a3c49225-a128-4cfd-85a2-0eaa5dc1e585 {"type": "usd", "usd": 0.0}
2026-09-30 11:18:05 /background-jobs/3acf34a7-ba9c-4842-b950-ad3acd8e1031 {"type": "usd", "usd": 0.0}
2026-09-30 11:18:07 /background-jobs/9e90786f-5407-44d9-9c5d-5ebfd202b575 {"type": "generations", "generations": 1.0}
2026-09-30 11:18:07 /background-jobs/6ef90a2b-7051-4d5f-8bde-4f1bc447a3bb {"type": "usd", "usd": 0.0}
2026-09-30 11:18:10 /background-jobs/a3c49225-a128-4cfd-85a2-0eaa5dc1e585 {"type": "usd", "usd": 0.0}
2026-09-30 11:18:10 /background-jobs/3acf34a7-ba9c-4842-b950-ad3acd8e1031 {"type": "usd", "usd": 0.0}
2026-09-30 11:18:14 /background-jobs/6ef90a2b-7051-4d5f-8bde-4f1bc447a3bb {"type": "usd", "usd": 0.0}
2026-09-30 11:18:16 /background-jobs/a3c49225-a128-4cfd-85a2-0eaa5dc1e585 {"type": "usd", "usd": 0.0}
2026-09-30 11:18:17 /background-jobs/3acf34a7-ba9c-4842-b950-ad3acd8e1031 {"type": "usd", "usd": 0.0}
2026-09-30 11:18:20 /background-jobs/6ef90a2b-7051-4d5f-8bde-4f1bc447a3bb {"type": "usd", "usd": 0.0}
2026-09-30 11:18:22 /background-jobs/a3c49225-a128-4cfd-85a2-0eaa5dc1e585 {"type": "usd", "usd": 0.0}
2026-09-30 11:18:22 /background-jobs/3acf34a7-ba9c-4842-b950-ad3acd8e1031 {"type": "usd", "usd": 0.0}
2026-09-30 11:18:26 /background-jobs/6ef90a2b-7051-4d5f-8bde-4f1bc447a3bb {"type": "usd", "usd": 0.0}
2026-09-30 11:18:29 /background-jobs/3acf34a7-ba9c-4842-b950-ad3acd8e1031 {"type": "usd", "usd": 0.0}
2026-09-30 11:18:31 /background-jobs/a3c49225-a128-4cfd-85a2-0eaa5dc1e585 {"type": "usd", "usd": 0.0}
2026-09-30 11:18:32 /background-jobs/6ef90a2b-7051-4d5f-8bde-4f1bc447a3bb {"type": "usd", "usd": 0.0}
2026-09-30 11:18:35 /background-jobs/3acf34a7-ba9c-4842-b950-ad3acd8e1031 {"type": "usd", "usd": 0.0}
2026-09-30 11:18:36 /background-jobs/a3c49225-a128-4cfd-85a2-0eaa5dc1e585 {"type": "usd", "usd": 0.0}
2026-09-30 11:18:38 /background-jobs/6ef90a2b-7051-4d5f-8bde-4f1bc447a3bb {"type": "usd", "usd": 0.0}
2026-09-30 11:18:40 /background-jobs/3acf34a7-ba9c-4842-b950-ad3acd8e1031 {"type": "usd", "usd": 0.0}
2026-09-30 11:18:43 /background-jobs/a3c49225-a128-4cfd-85a2-0eaa5dc1e585 {"type": "usd", "usd": 0.0}
2026-09-30 11:18:44 /background-jobs/6ef90a2b-7051-4d5f-8bde-4f1bc447a3bb {"type": "usd", "usd": 0.0}
2026-09-30 11:18:48 /background-jobs/3acf34a7-ba9c-4842-b950-ad3acd8e1031 {"type": "usd", "usd": 0.0}
2026-09-30 11:18:49 /background-jobs/a3c49225-a128-4cfd-85a2-0eaa5dc1e585 {"type": "usd", "usd": 0.0}
2026-09-30 11:18:50 /background-jobs/6ef90a2b-7051-4d5f-8bde-4f1bc447a3bb {"type": "usd", "usd": 0.0}
2026-09-30 11:18:54 /background-jobs/3acf34a7-ba9c-4842-b950-ad3acd8e1031 {"type": "usd", "usd": 0.0}
2026-09-30 11:18:54 /background-jobs/a3c49225-a128-4cfd-85a2-0eaa5dc1e585 {"type": "usd", "usd": 0.0}
2026-09-30 11:18:55 /background-jobs/6ef90a2b-7051-4d5f-8bde-4f1bc447a3bb {"type": "usd", "usd": 0.0}
2026-09-30 11:19:00 /background-jobs/a3c49225-a128-4cfd-85a2-0eaa5dc1e585 {"type": "usd", "usd": 0.0}
2026-09-30 11:19:01 /background-jobs/6ef90a2b-7051-4d5f-8bde-4f1bc447a3bb {"type": "usd", "usd": 0.0}
2026-09-30 11:19:01 /background-jobs/3acf34a7-ba9c-4842-b950-ad3acd8e1031 {"type": "usd", "usd": 0.0}
2026-09-30 11:19:06 /background-jobs/a3c49225-a128-4cfd-85a2-0eaa5dc1e585 {"type": "usd", "usd": 0.0}
2026-09-30 11:19:07 /background-jobs/6ef90a2b-7051-4d5f-8bde-4f1bc447a3bb {"type": "usd", "usd": 0.0}
2026-09-30 11:19:07 /background-jobs/3acf34a7-ba9c-4842-b950-ad3acd8e1031 {"type": "usd", "usd": 0.0}
2026-09-30 11:19:12 /background-jobs/a3c49225-a128-4cfd-85a2-0eaa5dc1e585 {"type": "usd", "usd": 0.0}
2026-09-30 11:19:13 /background-jobs/3acf34a7-ba9c-4842-b950-ad3acd8e1031 {"type": "usd", "usd": 0.0}
2026-09-30 11:19:15 /background-jobs/6ef90a2b-7051-4d5f-8bde-4f1bc447a3bb {"type": "usd", "usd": 0.0}
2026-09-30 11:19:18 /background-jobs/a3c49225-a128-4cfd-85a2-0eaa5dc1e585 {"type": "usd", "usd": 0.0}
2026-09-30 11:19:19 /background-jobs/3acf34a7-ba9c-4842-b950-ad3acd8e1031 {"type": "usd", "usd": 0.0}
2026-09-30 11:19:20 /background-jobs/6ef90a2b-7051-4d5f-8bde-4f1bc447a3bb {"type": "usd", "usd": 0.0}
2026-09-30 11:19:24 /background-jobs/a3c49225-a128-4cfd-85a2-0eaa5dc1e585 {"type": "usd", "usd": 0.0}
2026-09-30 11:19:25 /background-jobs/3acf34a7-ba9c-4842-b950-ad3acd8e1031 {"type": "usd", "usd": 0.0}
2026-09-30 11:19:26 /background-jobs/6ef90a2b-7051-4d5f-8bde-4f1bc447a3bb {"type": "usd", "usd": 0.0}
2026-09-30 11:19:30 /background-jobs/a3c49225-a128-4cfd-85a2-0eaa5dc1e585 {"type": "usd", "usd": 0.0}
2026-09-30 11:19:30 /background-jobs/3acf34a7-ba9c-4842-b950-ad3acd8e1031 {"type": "usd", "usd": 0.0}
2026-09-30 11:19:36 /background-jobs/6ef90a2b-7051-4d5f-8bde-4f1bc447a3bb {"type": "usd", "usd": 0.0}
2026-09-30 11:19:36 /background-jobs/3acf34a7-ba9c-4842-b950-ad3acd8e1031 {"type": "usd", "usd": 0.0}
2026-09-30 11:19:37 /background-jobs/a3c49225-a128-4cfd-85a2-0eaa5dc1e585 {"type": "usd", "usd": 0.0}
2026-09-30 11:19:41 /background-jobs/6ef90a2b-7051-4d5f-8bde-4f1bc447a3bb {"type": "usd", "usd": 0.0}
2026-09-30 11:19:42 /background-jobs/3acf34a7-ba9c-4842-b950-ad3acd8e1031 {"type": "usd", "usd": 0.0}
2026-09-30 11:19:42 /background-jobs/a3c49225-a128-4cfd-85a2-0eaa5dc1e585 {"type": "usd", "usd": 0.0}
2026-09-30 11:19:47 /background-jobs/6ef90a2b-7051-4d5f-8bde-4f1bc447a3bb {"type": "usd", "usd": 0.0}
2026-09-30 11:19:47 /background-jobs/3acf34a7-ba9c-4842-b950-ad3acd8e1031 {"type": "usd", "usd": 0.0}
2026-09-30 11:19:48 /background-jobs/a3c49225-a128-4cfd-85a2-0eaa5dc1e585 {"type": "usd", "usd": 0.0}
2026-09-30 11:19:53 /background-jobs/6ef90a2b-7051-4d5f-8bde-4f1bc447a3bb {"type": "usd", "usd": 0.0}
2026-09-30 11:19:53 /background-jobs/3acf34a7-ba9c-4842-b950-ad3acd8e1031 {"type": "usd", "usd": 0.0}
2026-09-30 11:19:54 /background-jobs/a3c49225-a128-4cfd-85a2-0eaa5dc1e585 {"type": "usd", "usd": 0.0}
2026-09-30 11:19:58 /background-jobs/6ef90a2b-7051-4d5f-8bde-4f1bc447a3bb {"type": "usd", "usd": 0.0}
2026-09-30 11:19:59 /background-jobs/3acf34a7-ba9c-4842-b950-ad3acd8e1031 {"type": "usd", "usd": 0.0}
2026-09-30 11:20:00 /background-jobs/a3c49225-a128-4cfd-85a2-0eaa5dc1e585 {"type": "usd", "usd": 0.0}
2026-09-30 11:20:04 /background-jobs/6ef90a2b-7051-4d5f-8bde-4f1bc447a3bb {"type": "usd", "usd": 0.0}
2026-09-30 11:20:04 /background-jobs/3acf34a7-ba9c-4842-b950-ad3acd8e1031 {"type": "usd", "usd": 0.0}
2026-09-30 11:20:06 /background-jobs/a3c49225-a128-4cfd-85a2-0eaa5dc1e585 {"type": "usd", "usd": 0.0}
2026-09-30 11:20:10 /background-jobs/6ef90a2b-7051-4d5f-8bde-4f1bc447a3bb {"type": "usd", "usd": 0.0}
2026-09-30 11:20:10 /background-jobs/3acf34a7-ba9c-4842-b950-ad3acd8e1031 {"type": "usd", "usd": 0.0}
2026-09-30 11:20:11 /background-jobs/a3c49225-a128-4cfd-85a2-0eaa5dc1e585 {"type": "usd", "usd": 0.0}
2026-09-30 11:20:16 /background-jobs/3acf34a7-ba9c-4842-b950-ad3acd8e1031 {"type": "usd", "usd": 0.0}
2026-09-30 11:20:16 /background-jobs/6ef90a2b-7051-4d5f-8bde-4f1bc447a3bb {"type": "usd", "usd": 0.0}
2026-09-30 11:20:17 /background-jobs/a3c49225-a128-4cfd-85a2-0eaa5dc1e585 {"type": "usd", "usd": 0.0}
2026-09-30 11:20:21 /background-jobs/3acf34a7-ba9c-4842-b950-ad3acd8e1031 {"type": "usd", "usd": 0.0}
2026-09-30 11:20:22 /background-jobs/6ef90a2b-7051-4d5f-8bde-4f1bc447a3bb {"type": "usd", "usd": 0.0}
2026-09-30 11:20:23 /background-jobs/a3c49225-a128-4cfd-85a2-0eaa5dc1e585 {"type": "usd", "usd": 0.0}
2026-09-30 11:20:27 /background-jobs/3acf34a7-ba9c-4842-b950-ad3acd8e1031 {"type": "usd", "usd": 0.0}
2026-09-30 11:20:28 /background-jobs/6ef90a2b-7051-4d5f-8bde-4f1bc447a3bb {"type": "usd", "usd": 0.0}
2026-09-30 11:20:29 /background-jobs/a3c49225-a128-4cfd-85a2-0eaa5dc1e585 {"type": "usd", "usd": 0.0}
2026-09-30 11:20:33 /background-jobs/3acf34a7-ba9c-4842-b950-ad3acd8e1031 {"type": "usd", "usd": 0.0}
2026-09-30 11:20:34 /background-jobs/6ef90a2b-7051-4d5f-8bde-4f1bc447a3bb {"type": "usd", "usd": 0.0}
2026-09-30 11:20:34 /background-jobs/a3c49225-a128-4cfd-85a2-0eaa5dc1e585 {"type": "usd", "usd": 0.0}
2026-09-30 11:20:39 /background-jobs/3acf34a7-ba9c-4842-b950-ad3acd8e1031 {"type": "usd", "usd": 0.0}
2026-09-30 11:20:39 /background-jobs/6ef90a2b-7051-4d5f-8bde-4f1bc447a3bb {"type": "usd", "usd": 0.0}
2026-09-30 11:20:40 /background-jobs/a3c49225-a128-4cfd-85a2-0eaa5dc1e585 {"type": "usd", "usd": 0.0}
2026-09-30 11:20:44 /background-jobs/3acf34a7-ba9c-4842-b950-ad3acd8e1031 {"type": "usd", "usd": 0.0}
2026-09-30 11:20:45 /background-jobs/6ef90a2b-7051-4d5f-8bde-4f1bc447a3bb {"type": "usd", "usd": 0.0}
2026-09-30 11:20:46 /background-jobs/a3c49225-a128-4cfd-85a2-0eaa5dc1e585 {"type": "usd", "usd": 0.0}
2026-09-30 11:20:50 /background-jobs/3acf34a7-ba9c-4842-b950-ad3acd8e1031 {"type": "usd", "usd": 0.0}
2026-09-30 11:20:51 /background-jobs/6ef90a2b-7051-4d5f-8bde-4f1bc447a3bb {"type": "usd", "usd": 0.0}
2026-09-30 11:20:51 /background-jobs/a3c49225-a128-4cfd-85a2-0eaa5dc1e585 {"type": "usd", "usd": 0.0}
2026-09-30 11:20:56 /background-jobs/3acf34a7-ba9c-4842-b950-ad3acd8e1031 {"type": "usd", "usd": 0.0}
2026-09-30 11:20:57 /background-jobs/6ef90a2b-7051-4d5f-8bde-4f1bc447a3bb {"type": "usd", "usd": 0.0}
2026-09-30 11:20:57 /background-jobs/a3c49225-a128-4cfd-85a2-0eaa5dc1e585 {"type": "usd", "usd": 0.0}
2026-09-30 11:21:01 /background-jobs/3acf34a7-ba9c-4842-b950-ad3acd8e1031 {"type": "generations", "generations": 1.0}
2026-09-30 11:21:03 /background-jobs/a3c49225-a128-4cfd-85a2-0eaa5dc1e585 {"type": "usd", "usd": 0.0}
2026-09-30 11:21:06 /background-jobs/6ef90a2b-7051-4d5f-8bde-4f1bc447a3bb {"type": "usd", "usd": 0.0}
2026-09-30 11:21:12 /background-jobs/a3c49225-a128-4cfd-85a2-0eaa5dc1e585 {"type": "usd", "usd": 0.0}
2026-09-30 11:21:12 /background-jobs/6ef90a2b-7051-4d5f-8bde-4f1bc447a3bb {"type": "usd", "usd": 0.0}
2026-09-30 11:21:17 /background-jobs/a3c49225-a128-4cfd-85a2-0eaa5dc1e585 {"type": "usd", "usd": 0.0}
2026-09-30 11:21:18 /background-jobs/6ef90a2b-7051-4d5f-8bde-4f1bc447a3bb {"type": "usd", "usd": 0.0}
2026-09-30 11:21:23 /background-jobs/a3c49225-a128-4cfd-85a2-0eaa5dc1e585 {"type": "usd", "usd": 0.0}
2026-09-30 11:21:24 /background-jobs/6ef90a2b-7051-4d5f-8bde-4f1bc447a3bb {"type": "usd", "usd": 0.0}
2026-09-30 11:21:29 /background-jobs/a3c49225-a128-4cfd-85a2-0eaa5dc1e585 {"type": "usd", "usd": 0.0}
2026-09-30 11:21:30 /background-jobs/6ef90a2b-7051-4d5f-8bde-4f1bc447a3bb {"type": "usd", "usd": 0.0}
2026-09-30 11:21:35 /background-jobs/a3c49225-a128-4cfd-85a2-0eaa5dc1e585 {"type": "usd", "usd": 0.0}
2026-09-30 11:21:36 /background-jobs/6ef90a2b-7051-4d5f-8bde-4f1bc447a3bb {"type": "usd", "usd": 0.0}
2026-09-30 11:21:41 /background-jobs/a3c49225-a128-4cfd-85a2-0eaa5dc1e585 {"type": "usd", "usd": 0.0}
2026-09-30 11:21:41 /background-jobs/6ef90a2b-7051-4d5f-8bde-4f1bc447a3bb {"type": "usd", "usd": 0.0}
2026-09-30 11:21:47 /background-jobs/a3c49225-a128-4cfd-85a2-0eaa5dc1e585 {"type": "usd", "usd": 0.0}
2026-09-30 11:21:47 /background-jobs/6ef90a2b-7051-4d5f-8bde-4f1bc447a3bb {"type": "usd", "usd": 0.0}
2026-09-30 11:21:52 /background-jobs/a3c49225-a128-4cfd-85a2-0eaa5dc1e585 {"type": "usd", "usd": 0.0}
2026-09-30 11:21:53 /background-jobs/6ef90a2b-7051-4d5f-8bde-4f1bc447a3bb {"type": "usd", "usd": 0.0}
2026-09-30 11:21:58 /background-jobs/a3c49225-a128-4cfd-85a2-0eaa5dc1e585 {"type": "usd", "usd": 0.0}
2026-09-30 11:21:59 /background-jobs/6ef90a2b-7051-4d5f-8bde-4f1bc447a3bb {"type": "usd", "usd": 0.0}
2026-09-30 11:22:04 /background-jobs/a3c49225-a128-4cfd-85a2-0eaa5dc1e585 {"type": "usd", "usd": 0.0}
2026-09-30 11:22:04 /background-jobs/6ef90a2b-7051-4d5f-8bde-4f1bc447a3bb {"type": "usd", "usd": 0.0}
2026-09-30 11:22:11 /background-jobs/6ef90a2b-7051-4d5f-8bde-4f1bc447a3bb {"type": "usd", "usd": 0.0}
2026-09-30 11:22:11 /background-jobs/a3c49225-a128-4cfd-85a2-0eaa5dc1e585 {"type": "usd", "usd": 0.0}
2026-09-30 11:22:16 /background-jobs/6ef90a2b-7051-4d5f-8bde-4f1bc447a3bb {"type": "usd", "usd": 0.0}
2026-09-30 11:22:17 /background-jobs/a3c49225-a128-4cfd-85a2-0eaa5dc1e585 {"type": "usd", "usd": 0.0}
2026-09-30 11:22:23 /background-jobs/a3c49225-a128-4cfd-85a2-0eaa5dc1e585 {"type": "usd", "usd": 0.0}
2026-09-30 11:22:23 /background-jobs/6ef90a2b-7051-4d5f-8bde-4f1bc447a3bb {"type": "usd", "usd": 0.0}
2026-09-30 11:22:29 /background-jobs/6ef90a2b-7051-4d5f-8bde-4f1bc447a3bb {"type": "usd", "usd": 0.0}
2026-09-30 11:22:29 /background-jobs/a3c49225-a128-4cfd-85a2-0eaa5dc1e585 {"type": "usd", "usd": 0.0}
2026-09-30 11:22:35 /background-jobs/6ef90a2b-7051-4d5f-8bde-4f1bc447a3bb {"type": "usd", "usd": 0.0}
2026-09-30 11:22:35 /background-jobs/a3c49225-a128-4cfd-85a2-0eaa5dc1e585 {"type": "usd", "usd": 0.0}
2026-09-30 11:22:40 /background-jobs/6ef90a2b-7051-4d5f-8bde-4f1bc447a3bb {"type": "usd", "usd": 0.0}
2026-09-30 11:22:40 /background-jobs/a3c49225-a128-4cfd-85a2-0eaa5dc1e585 {"type": "usd", "usd": 0.0}
2026-09-30 11:22:46 /background-jobs/6ef90a2b-7051-4d5f-8bde-4f1bc447a3bb {"type": "usd", "usd": 0.0}
2026-09-30 11:22:46 /background-jobs/a3c49225-a128-4cfd-85a2-0eaa5dc1e585 {"type": "usd", "usd": 0.0}
2026-09-30 11:22:52 /background-jobs/6ef90a2b-7051-4d5f-8bde-4f1bc447a3bb {"type": "usd", "usd": 0.0}
2026-09-30 11:22:52 /background-jobs/a3c49225-a128-4cfd-85a2-0eaa5dc1e585 {"type": "usd", "usd": 0.0}
2026-09-30 11:22:58 /background-jobs/6ef90a2b-7051-4d5f-8bde-4f1bc447a3bb {"type": "usd", "usd": 0.0}
2026-09-30 11:23:02 /background-jobs/a3c49225-a128-4cfd-85a2-0eaa5dc1e585 {"type": "usd", "usd": 0.0}
2026-09-30 11:23:04 /background-jobs/6ef90a2b-7051-4d5f-8bde-4f1bc447a3bb {"type": "usd", "usd": 0.0}
2026-09-30 11:23:07 /background-jobs/a3c49225-a128-4cfd-85a2-0eaa5dc1e585 {"type": "usd", "usd": 0.0}
2026-09-30 11:23:09 /background-jobs/6ef90a2b-7051-4d5f-8bde-4f1bc447a3bb {"type": "usd", "usd": 0.0}
2026-09-30 11:23:13 /background-jobs/a3c49225-a128-4cfd-85a2-0eaa5dc1e585 {"type": "usd", "usd": 0.0}
2026-09-30 11:23:15 /background-jobs/6ef90a2b-7051-4d5f-8bde-4f1bc447a3bb {"type": "usd", "usd": 0.0}
2026-09-30 11:23:20 /background-jobs/a3c49225-a128-4cfd-85a2-0eaa5dc1e585 {"type": "usd", "usd": 0.0}
2026-09-30 11:23:21 /background-jobs/6ef90a2b-7051-4d5f-8bde-4f1bc447a3bb {"type": "usd", "usd": 0.0}
2026-09-30 11:23:26 /background-jobs/a3c49225-a128-4cfd-85a2-0eaa5dc1e585 {"type": "usd", "usd": 0.0}
2026-09-30 11:23:26 /background-jobs/6ef90a2b-7051-4d5f-8bde-4f1bc447a3bb {"type": "usd", "usd": 0.0}
2026-09-30 11:23:31 /background-jobs/a3c49225-a128-4cfd-85a2-0eaa5dc1e585 {"type": "usd", "usd": 0.0}
2026-09-30 11:23:32 /background-jobs/6ef90a2b-7051-4d5f-8bde-4f1bc447a3bb {"type": "usd", "usd": 0.0}
2026-09-30 11:23:38 /background-jobs/a3c49225-a128-4cfd-85a2-0eaa5dc1e585 {"type": "usd", "usd": 0.0}
2026-09-30 11:23:38 /background-jobs/6ef90a2b-7051-4d5f-8bde-4f1bc447a3bb {"type": "usd", "usd": 0.0}
2026-09-30 11:23:44 /background-jobs/a3c49225-a128-4cfd-85a2-0eaa5dc1e585 {"type": "usd", "usd": 0.0}
2026-09-30 11:23:44 /background-jobs/6ef90a2b-7051-4d5f-8bde-4f1bc447a3bb {"type": "usd", "usd": 0.0}
2026-09-30 11:23:49 /background-jobs/a3c49225-a128-4cfd-85a2-0eaa5dc1e585 {"type": "usd", "usd": 0.0}
2026-09-30 11:23:49 /background-jobs/6ef90a2b-7051-4d5f-8bde-4f1bc447a3bb {"type": "usd", "usd": 0.0}
2026-09-30 11:23:55 /background-jobs/a3c49225-a128-4cfd-85a2-0eaa5dc1e585 {"type": "usd", "usd": 0.0}
2026-09-30 11:23:55 /background-jobs/6ef90a2b-7051-4d5f-8bde-4f1bc447a3bb {"type": "usd", "usd": 0.0}
2026-09-30 11:24:01 /background-jobs/a3c49225-a128-4cfd-85a2-0eaa5dc1e585 {"type": "usd", "usd": 0.0}
2026-09-30 11:24:01 /background-jobs/6ef90a2b-7051-4d5f-8bde-4f1bc447a3bb {"type": "usd", "usd": 0.0}
2026-09-30 11:24:06 /background-jobs/6ef90a2b-7051-4d5f-8bde-4f1bc447a3bb {"type": "usd", "usd": 0.0}
2026-09-30 11:24:07 /background-jobs/a3c49225-a128-4cfd-85a2-0eaa5dc1e585 {"type": "usd", "usd": 0.0}
2026-09-30 11:24:12 /background-jobs/a3c49225-a128-4cfd-85a2-0eaa5dc1e585 {"type": "usd", "usd": 0.0}
2026-09-30 11:24:12 /background-jobs/6ef90a2b-7051-4d5f-8bde-4f1bc447a3bb {"type": "usd", "usd": 0.0}
2026-09-30 11:24:18 /background-jobs/6ef90a2b-7051-4d5f-8bde-4f1bc447a3bb {"type": "usd", "usd": 0.0}
2026-09-30 11:24:18 /background-jobs/a3c49225-a128-4cfd-85a2-0eaa5dc1e585 {"type": "usd", "usd": 0.0}
2026-09-30 11:24:24 /background-jobs/a3c49225-a128-4cfd-85a2-0eaa5dc1e585 {"type": "usd", "usd": 0.0}
2026-09-30 11:24:27 /background-jobs/6ef90a2b-7051-4d5f-8bde-4f1bc447a3bb {"type": "usd", "usd": 0.0}
2026-09-30 11:24:30 /background-jobs/a3c49225-a128-4cfd-85a2-0eaa5dc1e585 {"type": "usd", "usd": 0.0}
2026-09-30 11:24:33 /background-jobs/6ef90a2b-7051-4d5f-8bde-4f1bc447a3bb {"type": "usd", "usd": 0.0}
2026-09-30 11:24:35 /background-jobs/a3c49225-a128-4cfd-85a2-0eaa5dc1e585 {"type": "usd", "usd": 0.0}
2026-09-30 11:24:38 /background-jobs/6ef90a2b-7051-4d5f-8bde-4f1bc447a3bb {"type": "usd", "usd": 0.0}
2026-09-30 11:24:44 /background-jobs/6ef90a2b-7051-4d5f-8bde-4f1bc447a3bb {"type": "usd", "usd": 0.0}
2026-09-30 11:24:50 /background-jobs/6ef90a2b-7051-4d5f-8bde-4f1bc447a3bb {"type": "usd", "usd": 0.0}
2026-09-30 11:24:55 /background-jobs/a3c49225-a128-4cfd-85a2-0eaa5dc1e585 {"type": "generations", "generations": 1.0}
2026-09-30 11:24:56 /background-jobs/6ef90a2b-7051-4d5f-8bde-4f1bc447a3bb {"type": "usd", "usd": 0.0}
2026-09-30 11:25:01 /background-jobs/6ef90a2b-7051-4d5f-8bde-4f1bc447a3bb {"type": "usd", "usd": 0.0}
2026-09-30 11:25:07 /background-jobs/6ef90a2b-7051-4d5f-8bde-4f1bc447a3bb {"type": "usd", "usd": 0.0}
2026-09-30 11:25:13 /background-jobs/6ef90a2b-7051-4d5f-8bde-4f1bc447a3bb {"type": "usd", "usd": 0.0}
2026-09-30 11:25:18 /background-jobs/6ef90a2b-7051-4d5f-8bde-4f1bc447a3bb {"type": "usd", "usd": 0.0}
2026-09-30 11:25:24 /background-jobs/6ef90a2b-7051-4d5f-8bde-4f1bc447a3bb {"type": "usd", "usd": 0.0}
2026-09-30 11:25:30 /background-jobs/6ef90a2b-7051-4d5f-8bde-4f1bc447a3bb {"type": "usd", "usd": 0.0}
2026-09-30 11:25:36 /background-jobs/6ef90a2b-7051-4d5f-8bde-4f1bc447a3bb {"type": "usd", "usd": 0.0}
2026-09-30 11:25:42 /background-jobs/6ef90a2b-7051-4d5f-8bde-4f1bc447a3bb {"type": "usd", "usd": 0.0}
2026-09-30 11:25:48 /background-jobs/6ef90a2b-7051-4d5f-8bde-4f1bc447a3bb {"type": "usd", "usd": 0.0}
2026-09-30 11:25:54 /background-jobs/6ef90a2b-7051-4d5f-8bde-4f1bc447a3bb {"type": "usd", "usd": 0.0}
2026-09-30 11:26:00 /background-jobs/6ef90a2b-7051-4d5f-8bde-4f1bc447a3bb {"type": "usd", "usd": 0.0}
2026-09-30 11:26:06 /background-jobs/6ef90a2b-7051-4d5f-8bde-4f1bc447a3bb {"type": "usd", "usd": 0.0}
2026-09-30 11:26:12 /background-jobs/6ef90a2b-7051-4d5f-8bde-4f1bc447a3bb {"type": "usd", "usd": 0.0}
2026-09-30 11:26:18 /background-jobs/6ef90a2b-7051-4d5f-8bde-4f1bc447a3bb {"type": "usd", "usd": 0.0}
2026-09-30 11:26:24 /background-jobs/6ef90a2b-7051-4d5f-8bde-4f1bc447a3bb {"type": "usd", "usd": 0.0}
2026-09-30 11:26:29 /background-jobs/6ef90a2b-7051-4d5f-8bde-4f1bc447a3bb {"type": "usd", "usd": 0.0}
2026-09-30 11:26:35 /background-jobs/6ef90a2b-7051-4d5f-8bde-4f1bc447a3bb {"type": "usd", "usd": 0.0}
2026-09-30 11:26:41 /background-jobs/6ef90a2b-7051-4d5f-8bde-4f1bc447a3bb {"type": "usd", "usd": 0.0}
2026-09-30 11:26:47 /background-jobs/6ef90a2b-7051-4d5f-8bde-4f1bc447a3bb {"type": "usd", "usd": 0.0}
2026-09-30 11:26:52 /background-jobs/6ef90a2b-7051-4d5f-8bde-4f1bc447a3bb {"type": "usd", "usd": 0.0}
2026-09-30 11:26:58 /background-jobs/6ef90a2b-7051-4d5f-8bde-4f1bc447a3bb {"type": "usd", "usd": 0.0}
2026-09-30 11:27:05 /background-jobs/6ef90a2b-7051-4d5f-8bde-4f1bc447a3bb {"type": "usd", "usd": 0.0}
2026-09-30 11:27:11 /background-jobs/6ef90a2b-7051-4d5f-8bde-4f1bc447a3bb {"type": "usd", "usd": 0.0}
2026-09-30 11:27:17 /background-jobs/6ef90a2b-7051-4d5f-8bde-4f1bc447a3bb {"type": "usd", "usd": 0.0}
2026-09-30 11:27:23 /background-jobs/6ef90a2b-7051-4d5f-8bde-4f1bc447a3bb {"type": "usd", "usd": 0.0}
2026-09-30 11:27:54 /background-jobs/6ef90a2b-7051-4d5f-8bde-4f1bc447a3bb {"type": "usd", "usd": 0.0}
2026-09-30 11:28:06 /background-jobs/6ef90a2b-7051-4d5f-8bde-4f1bc447a3bb {"type": "usd", "usd": 0.0}
2026-09-30 11:28:11 /background-jobs/6ef90a2b-7051-4d5f-8bde-4f1bc447a3bb {"type": "usd", "usd": 0.0}
2026-09-30 11:28:17 /background-jobs/6ef90a2b-7051-4d5f-8bde-4f1bc447a3bb {"type": "usd", "usd": 0.0}
2026-09-30 11:28:23 /background-jobs/6ef90a2b-7051-4d5f-8bde-4f1bc447a3bb {"type": "usd", "usd": 0.0}
2026-09-30 11:28:28 /background-jobs/6ef90a2b-7051-4d5f-8bde-4f1bc447a3bb {"type": "usd", "usd": 0.0}
2026-09-30 11:28:35 /background-jobs/6ef90a2b-7051-4d5f-8bde-4f1bc447a3bb {"type": "usd", "usd": 0.0}
2026-09-30 11:28:41 /background-jobs/6ef90a2b-7051-4d5f-8bde-4f1bc447a3bb {"type": "usd", "usd": 0.0}
2026-09-30 11:28:48 /background-jobs/6ef90a2b-7051-4d5f-8bde-4f1bc447a3bb {"type": "generations", "generations": 1.0}
2026-09-30 11:28:55 /background-jobs/6ef90a2b-7051-4d5f-8bde-4f1bc447a3bb {"type": "generations", "generations": 1.0}
2026-09-30 11:29:01 /background-jobs/6ef90a2b-7051-4d5f-8bde-4f1bc447a3bb {"type": "generations", "generations": 1.0}
2026-09-30 11:30:55 /background-jobs/21082266-41b8-47ee-b809-979317958198 {"type": "usd", "usd": 0.0}
2026-09-30 11:31:01 /background-jobs/21082266-41b8-47ee-b809-979317958198 {"type": "usd", "usd": 0.0}
2026-09-30 11:31:07 /background-jobs/21082266-41b8-47ee-b809-979317958198 {"type": "usd", "usd": 0.0}
2026-09-30 11:31:13 /background-jobs/21082266-41b8-47ee-b809-979317958198 {"type": "usd", "usd": 0.0}
2026-09-30 11:31:19 /background-jobs/21082266-41b8-47ee-b809-979317958198 {"type": "usd", "usd": 0.0}
2026-09-30 11:31:25 /background-jobs/21082266-41b8-47ee-b809-979317958198 {"type": "usd", "usd": 0.0}
2026-09-30 11:31:31 /background-jobs/21082266-41b8-47ee-b809-979317958198 {"type": "usd", "usd": 0.0}
2026-09-30 11:31:37 /background-jobs/21082266-41b8-47ee-b809-979317958198 {"type": "usd", "usd": 0.0}
2026-09-30 11:31:42 /background-jobs/21082266-41b8-47ee-b809-979317958198 {"type": "usd", "usd": 0.0}
2026-09-30 11:31:48 /background-jobs/21082266-41b8-47ee-b809-979317958198 {"type": "usd", "usd": 0.0}
2026-09-30 11:31:54 /background-jobs/21082266-41b8-47ee-b809-979317958198 {"type": "usd", "usd": 0.0}
2026-09-30 11:32:01 /background-jobs/21082266-41b8-47ee-b809-979317958198 {"type": "usd", "usd": 0.0}
2026-09-30 11:32:07 /background-jobs/21082266-41b8-47ee-b809-979317958198 {"type": "usd", "usd": 0.0}
2026-09-30 11:32:13 /background-jobs/21082266-41b8-47ee-b809-979317958198 {"type": "usd", "usd": 0.0}
2026-09-30 11:32:18 /background-jobs/21082266-41b8-47ee-b809-979317958198 {"type": "usd", "usd": 0.0}
2026-09-30 11:32:24 /background-jobs/21082266-41b8-47ee-b809-979317958198 {"type": "usd", "usd": 0.0}
2026-09-30 11:32:30 /background-jobs/21082266-41b8-47ee-b809-979317958198 {"type": "usd", "usd": 0.0}
2026-09-30 11:32:36 /background-jobs/21082266-41b8-47ee-b809-979317958198 {"type": "usd", "usd": 0.0}
2026-09-30 11:32:41 /background-jobs/21082266-41b8-47ee-b809-979317958198 {"type": "usd", "usd": 0.0}
2026-09-30 11:32:47 /background-jobs/21082266-41b8-47ee-b809-979317958198 {"type": "usd", "usd": 0.0}
2026-09-30 11:32:54 /background-jobs/21082266-41b8-47ee-b809-979317958198 {"type": "usd", "usd": 0.0}
2026-09-30 11:32:59 /background-jobs/21082266-41b8-47ee-b809-979317958198 {"type": "usd", "usd": 0.0}
2026-09-30 11:33:05 /background-jobs/21082266-41b8-47ee-b809-979317958198 {"type": "usd", "usd": 0.0}
2026-09-30 11:33:11 /background-jobs/21082266-41b8-47ee-b809-979317958198 {"type": "usd", "usd": 0.0}
2026-09-30 11:33:17 /background-jobs/21082266-41b8-47ee-b809-979317958198 {"type": "usd", "usd": 0.0}
2026-09-30 11:33:22 /background-jobs/21082266-41b8-47ee-b809-979317958198 {"type": "usd", "usd": 0.0}
2026-09-30 11:33:28 /background-jobs/21082266-41b8-47ee-b809-979317958198 {"type": "usd", "usd": 0.0}
2026-09-30 11:33:34 /background-jobs/21082266-41b8-47ee-b809-979317958198 {"type": "usd", "usd": 0.0}
2026-09-30 11:33:39 /background-jobs/21082266-41b8-47ee-b809-979317958198 {"type": "usd", "usd": 0.0}
2026-09-30 11:33:46 /background-jobs/21082266-41b8-47ee-b809-979317958198 {"type": "usd", "usd": 0.0}
2026-09-30 11:33:52 /background-jobs/21082266-41b8-47ee-b809-979317958198 {"type": "usd", "usd": 0.0}
2026-09-30 11:33:57 /background-jobs/21082266-41b8-47ee-b809-979317958198 {"type": "usd", "usd": 0.0}
2026-09-30 11:34:04 /background-jobs/21082266-41b8-47ee-b809-979317958198 {"type": "usd", "usd": 0.0}
2026-09-30 11:34:10 /background-jobs/21082266-41b8-47ee-b809-979317958198 {"type": "usd", "usd": 0.0}
2026-09-30 11:34:15 /background-jobs/21082266-41b8-47ee-b809-979317958198 {"type": "usd", "usd": 0.0}
2026-09-30 11:34:21 /background-jobs/21082266-41b8-47ee-b809-979317958198 {"type": "usd", "usd": 0.0}
2026-09-30 11:34:27 /background-jobs/21082266-41b8-47ee-b809-979317958198 {"type": "usd", "usd": 0.0}
2026-09-30 11:34:32 /background-jobs/21082266-41b8-47ee-b809-979317958198 {"type": "usd", "usd": 0.0}
2026-09-30 11:34:38 /background-jobs/21082266-41b8-47ee-b809-979317958198 {"type": "usd", "usd": 0.0}
2026-09-30 11:34:44 /background-jobs/21082266-41b8-47ee-b809-979317958198 {"type": "usd", "usd": 0.0}
2026-09-30 11:34:49 /background-jobs/21082266-41b8-47ee-b809-979317958198 {"type": "usd", "usd": 0.0}
2026-09-30 11:34:55 /background-jobs/21082266-41b8-47ee-b809-979317958198 {"type": "usd", "usd": 0.0}
2026-09-30 11:35:01 /background-jobs/21082266-41b8-47ee-b809-979317958198 {"type": "usd", "usd": 0.0}
2026-09-30 11:35:06 /background-jobs/21082266-41b8-47ee-b809-979317958198 {"type": "usd", "usd": 0.0}
2026-09-30 11:35:12 /background-jobs/21082266-41b8-47ee-b809-979317958198 {"type": "usd", "usd": 0.0}
2026-09-30 11:35:18 /background-jobs/21082266-41b8-47ee-b809-979317958198 {"type": "usd", "usd": 0.0}
2026-09-30 11:35:23 /background-jobs/21082266-41b8-47ee-b809-979317958198 {"type": "usd", "usd": 0.0}
2026-09-30 11:35:33 /background-jobs/21082266-41b8-47ee-b809-979317958198 {"type": "usd", "usd": 0.0}
2026-09-30 11:35:39 /background-jobs/21082266-41b8-47ee-b809-979317958198 {"type": "usd", "usd": 0.0}
2026-09-30 11:35:46 /background-jobs/21082266-41b8-47ee-b809-979317958198 {"type": "usd", "usd": 0.0}
2026-09-30 11:35:51 /background-jobs/21082266-41b8-47ee-b809-979317958198 {"type": "usd", "usd": 0.0}
2026-09-30 11:35:57 /background-jobs/21082266-41b8-47ee-b809-979317958198 {"type": "usd", "usd": 0.0}
2026-09-30 11:36:03 /background-jobs/21082266-41b8-47ee-b809-979317958198 {"type": "usd", "usd": 0.0}
2026-09-30 11:36:09 /background-jobs/21082266-41b8-47ee-b809-979317958198 {"type": "usd", "usd": 0.0}
2026-09-30 11:36:15 /background-jobs/21082266-41b8-47ee-b809-979317958198 {"type": "usd", "usd": 0.0}
2026-09-30 11:36:21 /background-jobs/21082266-41b8-47ee-b809-979317958198 {"type": "usd", "usd": 0.0}
2026-09-30 11:36:26 /background-jobs/21082266-41b8-47ee-b809-979317958198 {"type": "usd", "usd": 0.0}
2026-09-30 11:36:32 /background-jobs/21082266-41b8-47ee-b809-979317958198 {"type": "usd", "usd": 0.0}
2026-09-30 11:36:40 /background-jobs/21082266-41b8-47ee-b809-979317958198 {"type": "usd", "usd": 0.0}
2026-09-30 11:36:46 /background-jobs/21082266-41b8-47ee-b809-979317958198 {"type": "generations", "generations": 1.0}
2026-09-30 11:36:52 /background-jobs/21082266-41b8-47ee-b809-979317958198 {"type": "generations", "generations": 1.0}
2026-09-30 11:46:40 /background-jobs/d9325a79-07f2-438b-add4-86ea9e77ff9e {"type": "usd", "usd": 0.0}
2026-09-30 11:46:46 /background-jobs/d9325a79-07f2-438b-add4-86ea9e77ff9e {"type": "usd", "usd": 0.0}
2026-09-30 11:46:52 /background-jobs/d9325a79-07f2-438b-add4-86ea9e77ff9e {"type": "usd", "usd": 0.0}
2026-09-30 11:46:59 /background-jobs/d9325a79-07f2-438b-add4-86ea9e77ff9e {"type": "generations", "generations": 1.0}
2026-09-30 11:47:04 /background-jobs/d9325a79-07f2-438b-add4-86ea9e77ff9e {"type": "generations", "generations": 1.0}
2026-09-30 11:47:21 /background-jobs/8d3e5bf3-6add-4769-bbe0-4cd8b3d017a8 {"type": "usd", "usd": 0.0}
2026-09-30 11:47:27 /background-jobs/8d3e5bf3-6add-4769-bbe0-4cd8b3d017a8 {"type": "usd", "usd": 0.0}
2026-09-30 11:47:33 /background-jobs/8d3e5bf3-6add-4769-bbe0-4cd8b3d017a8 {"type": "usd", "usd": 0.0}
2026-09-30 11:47:38 /background-jobs/8d3e5bf3-6add-4769-bbe0-4cd8b3d017a8 {"type": "usd", "usd": 0.0}
2026-09-30 11:47:44 /background-jobs/8d3e5bf3-6add-4769-bbe0-4cd8b3d017a8 {"type": "generations", "generations": 1.0}
2026-09-30 11:47:59 /background-jobs/7b181a7a-bc7a-4a94-ac0c-4095459d6f9f {"type": "usd", "usd": 0.0}
2026-09-30 11:48:05 /background-jobs/7b181a7a-bc7a-4a94-ac0c-4095459d6f9f {"type": "usd", "usd": 0.0}
2026-09-30 11:48:10 /background-jobs/7b181a7a-bc7a-4a94-ac0c-4095459d6f9f {"type": "usd", "usd": 0.0}
2026-09-30 11:48:16 /background-jobs/7b181a7a-bc7a-4a94-ac0c-4095459d6f9f {"type": "usd", "usd": 0.0}
2026-09-30 11:48:22 /background-jobs/7b181a7a-bc7a-4a94-ac0c-4095459d6f9f {"type": "usd", "usd": 0.0}
2026-09-30 11:48:28 /background-jobs/7b181a7a-bc7a-4a94-ac0c-4095459d6f9f {"type": "usd", "usd": 0.0}
2026-09-30 11:48:33 /background-jobs/7b181a7a-bc7a-4a94-ac0c-4095459d6f9f {"type": "generations", "generations": 1.0}
2026-09-30 11:48:39 /background-jobs/7b181a7a-bc7a-4a94-ac0c-4095459d6f9f {"type": "generations", "generations": 1.0}
2026-09-30 11:48:58 /background-jobs/96aa805a-059d-435e-8f47-732379c90aed {"type": "usd", "usd": 0.0}
2026-09-30 11:49:03 /background-jobs/96aa805a-059d-435e-8f47-732379c90aed {"type": "usd", "usd": 0.0}
2026-09-30 11:49:09 /background-jobs/96aa805a-059d-435e-8f47-732379c90aed {"type": "usd", "usd": 0.0}
2026-09-30 11:49:15 /background-jobs/96aa805a-059d-435e-8f47-732379c90aed {"type": "usd", "usd": 0.0}
2026-09-30 11:49:21 /background-jobs/96aa805a-059d-435e-8f47-732379c90aed {"type": "generations", "generations": 1.0}
2026-09-30 11:49:44 /background-jobs/c4d7043b-d947-4cd2-88b5-7760a78c53e0 {"type": "usd", "usd": 0.0}
2026-09-30 11:49:49 /background-jobs/c4d7043b-d947-4cd2-88b5-7760a78c53e0 {"type": "usd", "usd": 0.0}
2026-09-30 11:49:55 /background-jobs/c4d7043b-d947-4cd2-88b5-7760a78c53e0 {"type": "usd", "usd": 0.0}
2026-09-30 11:50:01 /background-jobs/c4d7043b-d947-4cd2-88b5-7760a78c53e0 {"type": "usd", "usd": 0.0}
2026-09-30 11:50:07 /background-jobs/c4d7043b-d947-4cd2-88b5-7760a78c53e0 {"type": "usd", "usd": 0.0}
2026-09-30 11:50:12 /background-jobs/c4d7043b-d947-4cd2-88b5-7760a78c53e0 {"type": "usd", "usd": 0.0}
2026-09-30 11:50:18 /background-jobs/c4d7043b-d947-4cd2-88b5-7760a78c53e0 {"type": "usd", "usd": 0.0}
2026-09-30 11:50:24 /background-jobs/c4d7043b-d947-4cd2-88b5-7760a78c53e0 {"type": "generations", "generations": 1.0}
2026-09-30 11:51:10 /background-jobs/27bee3d8-a625-4522-bf62-4ea8c35c4531 {"type": "usd", "usd": 0.0}
2026-09-30 11:51:16 /background-jobs/27bee3d8-a625-4522-bf62-4ea8c35c4531 {"type": "usd", "usd": 0.0}
2026-09-30 11:51:16 /background-jobs/3b4198c7-5670-40da-a97d-1f43cb9330b8 {"type": "usd", "usd": 0.0}
2026-09-30 11:51:16 /background-jobs/0eebb78a-0c54-4238-9f46-f65829e237c8 {"type": "usd", "usd": 0.0}
2026-09-30 11:51:21 /background-jobs/27bee3d8-a625-4522-bf62-4ea8c35c4531 {"type": "usd", "usd": 0.0057048350175221765}
2026-09-30 11:51:22 /background-jobs/3b4198c7-5670-40da-a97d-1f43cb9330b8 {"type": "usd", "usd": 0.0}
2026-09-30 11:51:22 /background-jobs/0eebb78a-0c54-4238-9f46-f65829e237c8 {"type": "usd", "usd": 0.0}
2026-09-30 11:51:27 /background-jobs/27bee3d8-a625-4522-bf62-4ea8c35c4531 {"type": "usd", "usd": 0.0057048350175221765}
2026-09-30 11:51:27 /background-jobs/3b4198c7-5670-40da-a97d-1f43cb9330b8 {"type": "usd", "usd": 0.0}
2026-09-30 11:51:28 /background-jobs/0eebb78a-0c54-4238-9f46-f65829e237c8 {"type": "usd", "usd": 0.0}
2026-09-30 11:51:33 /background-jobs/27bee3d8-a625-4522-bf62-4ea8c35c4531 {"type": "usd", "usd": 0.0057048350175221765}
2026-09-30 11:51:33 /background-jobs/3b4198c7-5670-40da-a97d-1f43cb9330b8 {"type": "generations", "generations": 1.0}
2026-09-30 11:51:33 /background-jobs/0eebb78a-0c54-4238-9f46-f65829e237c8 {"type": "usd", "usd": 0.0}
2026-09-30 11:51:35 /background-jobs/6552760f-4bd2-4481-9384-8938f0b8dc13 {"type": "usd", "usd": 0.0}
2026-09-30 11:51:39 /background-jobs/0eebb78a-0c54-4238-9f46-f65829e237c8 {"type": "usd", "usd": 0.0}
2026-09-30 11:51:39 /background-jobs/27bee3d8-a625-4522-bf62-4ea8c35c4531 {"type": "usd", "usd": 0.006066922982533773}
2026-09-30 11:51:40 /background-jobs/6552760f-4bd2-4481-9384-8938f0b8dc13 {"type": "usd", "usd": 0.0}
2026-09-30 11:51:43 /create-image-bitforge {"type": "generations", "generations": 1.0}
2026-09-30 11:51:45 /background-jobs/0eebb78a-0c54-4238-9f46-f65829e237c8 {"type": "generations", "generations": 1.0}
2026-09-30 11:51:45 /background-jobs/27bee3d8-a625-4522-bf62-4ea8c35c4531 {"type": "usd", "usd": 0.006066922982533773}
2026-09-30 11:51:46 /background-jobs/6552760f-4bd2-4481-9384-8938f0b8dc13 {"type": "usd", "usd": 0.0}
2026-09-30 11:51:50 /background-jobs/0eebb78a-0c54-4238-9f46-f65829e237c8 {"type": "generations", "generations": 1.0}
2026-09-30 11:51:50 /background-jobs/27bee3d8-a625-4522-bf62-4ea8c35c4531 {"type": "usd", "usd": 0.006008338371912638}
2026-09-30 11:51:52 /background-jobs/ff03875f-e1c5-46f1-9ade-f41e27419857 {"type": "usd", "usd": 0.0}
2026-09-30 11:51:52 /background-jobs/6552760f-4bd2-4481-9384-8938f0b8dc13 {"type": "usd", "usd": 0.0}
2026-09-30 11:51:56 /background-jobs/27bee3d8-a625-4522-bf62-4ea8c35c4531 {"type": "usd", "usd": 0.006008338371912638}
2026-09-30 11:51:57 /background-jobs/ff03875f-e1c5-46f1-9ade-f41e27419857 {"type": "usd", "usd": 0.0}
2026-09-30 11:51:58 /background-jobs/6552760f-4bd2-4481-9384-8938f0b8dc13 {"type": "usd", "usd": 0.0}
2026-09-30 11:52:02 /background-jobs/27bee3d8-a625-4522-bf62-4ea8c35c4531 {"type": "usd", "usd": 0.006008338371912638}
2026-09-30 11:52:03 /background-jobs/ff03875f-e1c5-46f1-9ade-f41e27419857 {"type": "usd", "usd": 0.0}
2026-09-30 11:52:04 /background-jobs/6552760f-4bd2-4481-9384-8938f0b8dc13 {"type": "usd", "usd": 0.0}
2026-09-30 11:52:04 /create-image-bitforge {"type": "generations", "generations": 1.0}
2026-09-30 11:52:07 /background-jobs/27bee3d8-a625-4522-bf62-4ea8c35c4531 {"type": "usd", "usd": 0.006008338371912638}
2026-09-30 11:52:09 /background-jobs/ff03875f-e1c5-46f1-9ade-f41e27419857 {"type": "usd", "usd": 0.0}
2026-09-30 11:52:10 /background-jobs/6552760f-4bd2-4481-9384-8938f0b8dc13 {"type": "usd", "usd": 0.0}
2026-09-30 11:52:14 /background-jobs/ff03875f-e1c5-46f1-9ade-f41e27419857 {"type": "usd", "usd": 0.0}
2026-09-30 11:52:15 /background-jobs/6552760f-4bd2-4481-9384-8938f0b8dc13 {"type": "generations", "generations": 1.0}
2026-09-30 11:52:20 /background-jobs/ff03875f-e1c5-46f1-9ade-f41e27419857 {"type": "generations", "generations": 1.0}
2026-09-30 11:52:20 /background-jobs/27bee3d8-a625-4522-bf62-4ea8c35c4531 {"type": "usd", "usd": 0.006008338371912638}
2026-09-30 11:52:23 /create-image-bitforge {"type": "generations", "generations": 1.0}
2026-09-30 11:52:27 /background-jobs/27bee3d8-a625-4522-bf62-4ea8c35c4531 {"type": "generations", "generations": 4.0}
2026-09-30 11:52:32 /background-jobs/6552760f-4bd2-4481-9384-8938f0b8dc13 {"type": "generations", "generations": 1.0}
2026-09-30 11:52:33 /background-jobs/27bee3d8-a625-4522-bf62-4ea8c35c4531 {"type": "generations", "generations": 4.0}
2026-09-30 11:53:36 /background-jobs/6b6b2716-5864-46c7-bbc2-ba35ecc6b472 {"type": "usd", "usd": 0.0}
2026-09-30 11:53:37 /background-jobs/33a9a7e6-22b9-4375-808c-aa0d4f03c5d9 {"type": "usd", "usd": 0.0}
2026-09-30 11:53:42 /background-jobs/6b6b2716-5864-46c7-bbc2-ba35ecc6b472 {"type": "usd", "usd": 0.0}
2026-09-30 11:53:43 /background-jobs/33a9a7e6-22b9-4375-808c-aa0d4f03c5d9 {"type": "usd", "usd": 0.0}
2026-09-30 11:53:47 /background-jobs/6b6b2716-5864-46c7-bbc2-ba35ecc6b472 {"type": "usd", "usd": 0.0}
2026-09-30 11:53:49 /background-jobs/33a9a7e6-22b9-4375-808c-aa0d4f03c5d9 {"type": "usd", "usd": 0.0}
2026-09-30 11:53:54 /background-jobs/6b6b2716-5864-46c7-bbc2-ba35ecc6b472 {"type": "usd", "usd": 0.006269545396169027}
2026-09-30 11:53:54 /background-jobs/33a9a7e6-22b9-4375-808c-aa0d4f03c5d9 {"type": "usd", "usd": 0.0}
2026-09-30 11:53:59 /background-jobs/6b6b2716-5864-46c7-bbc2-ba35ecc6b472 {"type": "usd", "usd": 0.006269545396169027}
2026-09-30 11:54:00 /background-jobs/33a9a7e6-22b9-4375-808c-aa0d4f03c5d9 {"type": "usd", "usd": 0.0}
2026-09-30 11:54:05 /background-jobs/6b6b2716-5864-46c7-bbc2-ba35ecc6b472 {"type": "usd", "usd": 0.006269545396169027}
2026-09-30 11:54:06 /background-jobs/33a9a7e6-22b9-4375-808c-aa0d4f03c5d9 {"type": "generations", "generations": 1.0}
2026-09-30 11:54:11 /background-jobs/6b6b2716-5864-46c7-bbc2-ba35ecc6b472 {"type": "usd", "usd": 0.00639321247736613}
2026-09-30 11:54:12 /background-jobs/33a9a7e6-22b9-4375-808c-aa0d4f03c5d9 {"type": "generations", "generations": 1.0}
2026-09-30 11:54:13 /background-jobs/4c09254c-1708-4232-9433-1df97ed00872 {"type": "usd", "usd": 0.0}
2026-09-30 11:54:19 /background-jobs/4c09254c-1708-4232-9433-1df97ed00872 {"type": "usd", "usd": 0.0}
2026-09-30 11:54:23 /background-jobs/6b6b2716-5864-46c7-bbc2-ba35ecc6b472 {"type": "usd", "usd": 0.00639321247736613}
2026-09-30 11:54:25 /background-jobs/4c09254c-1708-4232-9433-1df97ed00872 {"type": "usd", "usd": 0.0}
2026-09-30 11:54:30 /background-jobs/6b6b2716-5864-46c7-bbc2-ba35ecc6b472 {"type": "usd", "usd": 0.006495148950152927}
2026-09-30 11:54:34 /background-jobs/4c09254c-1708-4232-9433-1df97ed00872 {"type": "usd", "usd": 0.0}
2026-09-30 11:54:38 /background-jobs/6b6b2716-5864-46c7-bbc2-ba35ecc6b472 {"type": "usd", "usd": 0.006495148950152927}
2026-09-30 11:54:40 /background-jobs/4c09254c-1708-4232-9433-1df97ed00872 {"type": "generations", "generations": 1.0}
2026-09-30 11:54:44 /background-jobs/6b6b2716-5864-46c7-bbc2-ba35ecc6b472 {"type": "usd", "usd": 0.006495148950152927}
2026-09-30 11:54:46 /background-jobs/4c09254c-1708-4232-9433-1df97ed00872 {"type": "generations", "generations": 1.0}
2026-09-30 11:54:51 /background-jobs/6b6b2716-5864-46c7-bbc2-ba35ecc6b472 {"type": "usd", "usd": 0.006495148950152927}
2026-09-30 11:54:57 /background-jobs/6b6b2716-5864-46c7-bbc2-ba35ecc6b472 {"type": "usd", "usd": 0.006495148950152927}
2026-09-30 11:55:03 /background-jobs/6b6b2716-5864-46c7-bbc2-ba35ecc6b472 {"type": "usd", "usd": 0.006495148950152927}
2026-09-30 11:55:09 /background-jobs/6b6b2716-5864-46c7-bbc2-ba35ecc6b472 {"type": "usd", "usd": 0.006495148950152927}
2026-09-30 11:55:15 /background-jobs/6b6b2716-5864-46c7-bbc2-ba35ecc6b472 {"type": "usd", "usd": 0.006495148950152927}
2026-09-30 11:55:21 /background-jobs/6b6b2716-5864-46c7-bbc2-ba35ecc6b472 {"type": "generations", "generations": 4.0}
2026-09-30 11:55:27 /background-jobs/6b6b2716-5864-46c7-bbc2-ba35ecc6b472 {"type": "generations", "generations": 4.0}
2026-09-30 11:55:32 /background-jobs/6b6b2716-5864-46c7-bbc2-ba35ecc6b472 {"type": "generations", "generations": 4.0}
2026-09-30 11:57:44 /background-jobs/c8866e01-d527-4514-9d4a-4dce4c90ad6b {"type": "usd", "usd": 0.0}
2026-09-30 11:57:50 /background-jobs/c8866e01-d527-4514-9d4a-4dce4c90ad6b {"type": "usd", "usd": 0.0}
2026-09-30 11:57:55 /background-jobs/c8866e01-d527-4514-9d4a-4dce4c90ad6b {"type": "usd", "usd": 0.0}
2026-09-30 11:58:01 /background-jobs/c8866e01-d527-4514-9d4a-4dce4c90ad6b {"type": "usd", "usd": 0.0}
2026-09-30 11:58:07 /background-jobs/c8866e01-d527-4514-9d4a-4dce4c90ad6b {"type": "usd", "usd": 0.0}
2026-09-30 11:58:13 /background-jobs/c8866e01-d527-4514-9d4a-4dce4c90ad6b {"type": "generations", "generations": 1.0}
2026-09-30 19:41:26 /background-jobs/20ccc7f3-7f6e-4022-91c3-49e6369cf29b {"type": "usd", "usd": 0.0}
2026-09-30 19:41:31 /background-jobs/0f9e1860-2535-42e3-bc96-4850d9782402 {"type": "usd", "usd": 0.0}
2026-09-30 19:41:31 /background-jobs/8e45a0e1-ae31-4588-a877-976924db4b28 {"type": "usd", "usd": 0.0}
2026-09-30 19:41:32 /background-jobs/20ccc7f3-7f6e-4022-91c3-49e6369cf29b {"type": "usd", "usd": 0.0}
2026-09-30 19:41:36 /background-jobs/0f9e1860-2535-42e3-bc96-4850d9782402 {"type": "usd", "usd": 0.0}
2026-09-30 19:41:37 /background-jobs/8e45a0e1-ae31-4588-a877-976924db4b28 {"type": "usd", "usd": 0.0}
2026-09-30 19:41:38 /background-jobs/20ccc7f3-7f6e-4022-91c3-49e6369cf29b {"type": "usd", "usd": 0.0}
2026-09-30 19:41:42 /background-jobs/0f9e1860-2535-42e3-bc96-4850d9782402 {"type": "usd", "usd": 0.0}
2026-09-30 19:41:43 /background-jobs/8e45a0e1-ae31-4588-a877-976924db4b28 {"type": "usd", "usd": 0.0}
2026-09-30 19:41:43 /background-jobs/20ccc7f3-7f6e-4022-91c3-49e6369cf29b {"type": "usd", "usd": 0.0}
2026-09-30 19:41:48 /background-jobs/0f9e1860-2535-42e3-bc96-4850d9782402 {"type": "usd", "usd": 0.0}
2026-09-30 19:41:48 /background-jobs/8e45a0e1-ae31-4588-a877-976924db4b28 {"type": "usd", "usd": 0.0}
2026-09-30 19:41:49 /background-jobs/20ccc7f3-7f6e-4022-91c3-49e6369cf29b {"type": "generations", "generations": 1.0}
2026-09-30 19:41:50 /create-image-bitforge {"type": "generations", "generations": 1.0}
2026-09-30 19:41:54 /background-jobs/0f9e1860-2535-42e3-bc96-4850d9782402 {"type": "usd", "usd": 0.0}
2026-09-30 19:41:54 /background-jobs/8e45a0e1-ae31-4588-a877-976924db4b28 {"type": "usd", "usd": 0.0}
2026-09-30 19:41:55 /background-jobs/20ccc7f3-7f6e-4022-91c3-49e6369cf29b {"type": "generations", "generations": 1.0}
2026-09-30 19:41:59 /background-jobs/0f9e1860-2535-42e3-bc96-4850d9782402 {"type": "usd", "usd": 0.0}
2026-09-30 19:42:00 /background-jobs/8e45a0e1-ae31-4588-a877-976924db4b28 {"type": "generations", "generations": 1.0}
2026-09-30 19:42:01 /background-jobs/20ccc7f3-7f6e-4022-91c3-49e6369cf29b {"type": "generations", "generations": 1.0}
2026-09-30 19:42:05 /background-jobs/0f9e1860-2535-42e3-bc96-4850d9782402 {"type": "usd", "usd": 0.0}
2026-09-30 19:42:05 /background-jobs/8e45a0e1-ae31-4588-a877-976924db4b28 {"type": "generations", "generations": 1.0}
2026-09-30 19:42:08 /create-image-bitforge {"type": "generations", "generations": 1.0}
2026-09-30 19:42:11 /background-jobs/0f9e1860-2535-42e3-bc96-4850d9782402 {"type": "usd", "usd": 0.0}
2026-09-30 19:42:11 /background-jobs/8e45a0e1-ae31-4588-a877-976924db4b28 {"type": "generations", "generations": 1.0}
2026-09-30 19:42:17 /background-jobs/0f9e1860-2535-42e3-bc96-4850d9782402 {"type": "generations", "generations": 1.0}
2026-09-30 19:42:22 /background-jobs/0f9e1860-2535-42e3-bc96-4850d9782402 {"type": "generations", "generations": 1.0}
2026-09-30 19:42:30 /background-jobs/c66e5118-4f7e-4265-8557-6b254ea690c9 {"type": "usd", "usd": 0.0}
2026-09-30 19:42:30 /background-jobs/323f59a9-c378-4b4d-a505-df6499d82a2e {"type": "usd", "usd": 0.0}
2026-09-30 19:42:30 /background-jobs/7128591d-e5b5-44fa-af07-9e3de9b9eb76 {"type": "usd", "usd": 0.0}
2026-09-30 19:42:31 /background-jobs/fc657930-9e30-4cd0-9098-960843a970e3 {"type": "usd", "usd": 0.0}
2026-09-30 19:42:32 /background-jobs/2c7d60bd-db2d-4c18-987d-90175a0dab2d {"type": "usd", "usd": 0.0}
2026-09-30 19:42:32 /background-jobs/74945daa-974e-40b8-9c29-c439c9078567 {"type": "usd", "usd": 0.0}
2026-09-30 19:42:36 /background-jobs/c66e5118-4f7e-4265-8557-6b254ea690c9 {"type": "usd", "usd": 0.0}
2026-09-30 19:42:36 /background-jobs/323f59a9-c378-4b4d-a505-df6499d82a2e {"type": "usd", "usd": 0.0}
2026-09-30 19:42:36 /background-jobs/7128591d-e5b5-44fa-af07-9e3de9b9eb76 {"type": "usd", "usd": 0.0}
2026-09-30 19:42:37 /background-jobs/fc657930-9e30-4cd0-9098-960843a970e3 {"type": "usd", "usd": 0.0}
2026-09-30 19:42:38 /background-jobs/74945daa-974e-40b8-9c29-c439c9078567 {"type": "usd", "usd": 0.0}
2026-09-30 19:42:38 /background-jobs/2c7d60bd-db2d-4c18-987d-90175a0dab2d {"type": "usd", "usd": 0.0}
2026-09-30 19:42:39 /background-jobs/0f9e1860-2535-42e3-bc96-4850d9782402 {"type": "generations", "generations": 1.0}
2026-09-30 19:42:41 /background-jobs/c66e5118-4f7e-4265-8557-6b254ea690c9 {"type": "usd", "usd": 0.0}
2026-09-30 19:42:42 /background-jobs/7128591d-e5b5-44fa-af07-9e3de9b9eb76 {"type": "usd", "usd": 0.0}
2026-09-30 19:42:42 /background-jobs/323f59a9-c378-4b4d-a505-df6499d82a2e {"type": "usd", "usd": 0.0}
2026-09-30 19:42:43 /background-jobs/fc657930-9e30-4cd0-9098-960843a970e3 {"type": "usd", "usd": 0.0}
2026-09-30 19:42:44 /background-jobs/2c7d60bd-db2d-4c18-987d-90175a0dab2d {"type": "usd", "usd": 0.0}
2026-09-30 19:42:44 /background-jobs/74945daa-974e-40b8-9c29-c439c9078567 {"type": "usd", "usd": 0.0}
2026-09-30 19:42:47 /background-jobs/c66e5118-4f7e-4265-8557-6b254ea690c9 {"type": "generations", "generations": 1.0}
2026-09-30 19:42:48 /background-jobs/7128591d-e5b5-44fa-af07-9e3de9b9eb76 {"type": "generations", "generations": 1.0}
2026-09-30 19:42:48 /background-jobs/323f59a9-c378-4b4d-a505-df6499d82a2e {"type": "usd", "usd": 0.0}
2026-09-30 19:42:49 /background-jobs/fc657930-9e30-4cd0-9098-960843a970e3 {"type": "generations", "generations": 1.0}
2026-09-30 19:42:49 /background-jobs/2c7d60bd-db2d-4c18-987d-90175a0dab2d {"type": "usd", "usd": 0.0}
2026-09-30 19:42:50 /background-jobs/74945daa-974e-40b8-9c29-c439c9078567 {"type": "usd", "usd": 0.0}
2026-09-30 19:42:53 /background-jobs/c66e5118-4f7e-4265-8557-6b254ea690c9 {"type": "generations", "generations": 1.0}
2026-09-30 19:42:53 /background-jobs/7128591d-e5b5-44fa-af07-9e3de9b9eb76 {"type": "generations", "generations": 1.0}
2026-09-30 19:42:54 /background-jobs/323f59a9-c378-4b4d-a505-df6499d82a2e {"type": "usd", "usd": 0.0}
2026-09-30 19:42:54 /background-jobs/fc657930-9e30-4cd0-9098-960843a970e3 {"type": "generations", "generations": 1.0}
2026-09-30 19:42:55 /background-jobs/2c7d60bd-db2d-4c18-987d-90175a0dab2d {"type": "usd", "usd": 0.0}
2026-09-30 19:42:55 /background-jobs/74945daa-974e-40b8-9c29-c439c9078567 {"type": "usd", "usd": 0.0}
2026-09-30 19:42:59 /background-jobs/7128591d-e5b5-44fa-af07-9e3de9b9eb76 {"type": "generations", "generations": 1.0}
2026-09-30 19:43:00 /background-jobs/323f59a9-c378-4b4d-a505-df6499d82a2e {"type": "usd", "usd": 0.0}
2026-09-30 19:43:01 /background-jobs/2c7d60bd-db2d-4c18-987d-90175a0dab2d {"type": "usd", "usd": 0.0}
2026-09-30 19:43:01 /background-jobs/74945daa-974e-40b8-9c29-c439c9078567 {"type": "generations", "generations": 1.0}
2026-09-30 19:43:05 /background-jobs/323f59a9-c378-4b4d-a505-df6499d82a2e {"type": "usd", "usd": 0.0}
2026-09-30 19:43:06 /background-jobs/2c7d60bd-db2d-4c18-987d-90175a0dab2d {"type": "usd", "usd": 0.0}
2026-09-30 19:43:10 /background-jobs/74945daa-974e-40b8-9c29-c439c9078567 {"type": "generations", "generations": 1.0}
2026-09-30 19:43:13 /background-jobs/2c7d60bd-db2d-4c18-987d-90175a0dab2d {"type": "generations", "generations": 1.0}
2026-09-30 19:43:16 /background-jobs/323f59a9-c378-4b4d-a505-df6499d82a2e {"type": "generations", "generations": 1.0}
2026-09-30 19:43:18 /background-jobs/2c7d60bd-db2d-4c18-987d-90175a0dab2d {"type": "generations", "generations": 1.0}
2026-09-30 19:43:55 /create-image-bitforge {"type": "generations", "generations": 1.0}
2026-09-30 19:43:55 /create-image-bitforge {"type": "generations", "generations": 1.0}
2026-09-30 19:43:59 /create-image-bitforge {"type": "generations", "generations": 1.0}
2026-09-30 19:44:03 /create-image-bitforge {"type": "generations", "generations": 1.0}
2026-09-30 19:44:15 /create-image-bitforge {"type": "generations", "generations": 1.0}
2026-09-30 19:44:24 /create-image-bitforge {"type": "generations", "generations": 1.0}
2026-09-30 19:44:27 /create-image-bitforge {"type": "generations", "generations": 1.0}
2026-09-30 19:44:29 /create-image-bitforge {"type": "generations", "generations": 1.0}
2026-09-30 19:44:45 /background-jobs/08be87cb-8bd4-4862-af56-9b1cc1c0d9b0 {"type": "usd", "usd": 0.0}
2026-09-30 19:44:51 /background-jobs/08be87cb-8bd4-4862-af56-9b1cc1c0d9b0 {"type": "usd", "usd": 0.0}
2026-09-30 19:44:52 /create-image-bitforge {"type": "generations", "generations": 1.0}
2026-09-30 19:44:52 /create-image-bitforge {"type": "generations", "generations": 1.0}
2026-09-30 19:44:57 /background-jobs/08be87cb-8bd4-4862-af56-9b1cc1c0d9b0 {"type": "usd", "usd": 0.0}
2026-09-30 19:45:03 /background-jobs/08be87cb-8bd4-4862-af56-9b1cc1c0d9b0 {"type": "generations", "generations": 1.0}
2026-09-30 19:45:09 /create-image-bitforge {"type": "generations", "generations": 1.0}
2026-09-30 19:45:10 /background-jobs/08be87cb-8bd4-4862-af56-9b1cc1c0d9b0 {"type": "generations", "generations": 1.0}
2026-09-30 19:45:11 /background-jobs/730cc780-1096-4baf-986b-72f24a189fbf {"type": "usd", "usd": 0.0}
2026-09-30 19:45:17 /background-jobs/730cc780-1096-4baf-986b-72f24a189fbf {"type": "usd", "usd": 0.0}
2026-09-30 19:45:23 /background-jobs/730cc780-1096-4baf-986b-72f24a189fbf {"type": "usd", "usd": 0.0}
2026-09-30 19:45:28 /background-jobs/730cc780-1096-4baf-986b-72f24a189fbf {"type": "generations", "generations": 1.0}
2026-09-30 19:45:32 /create-image-bitforge {"type": "generations", "generations": 1.0}
2026-09-30 19:45:34 /background-jobs/158f5efc-5036-4841-8b27-097f591ed49b {"type": "usd", "usd": 0.0}
2026-09-30 19:45:35 /background-jobs/8151c9ef-08f6-4e87-97cc-f6e5a98e0ead {"type": "usd", "usd": 0.0}
2026-09-30 19:45:35 /background-jobs/1ba6d86f-c549-4ee9-a263-4f8c996a3d50 {"type": "usd", "usd": 0.0}
2026-09-30 19:45:35 /background-jobs/a4d9f1a2-7cb6-4aba-8509-d8b576de528a {"type": "usd", "usd": 0.0}
2026-09-30 19:45:36 /background-jobs/e9fb7807-a904-4746-9956-7f243c4b7a1c {"type": "usd", "usd": 0.0}
2026-09-30 19:45:37 /background-jobs/730cc780-1096-4baf-986b-72f24a189fbf {"type": "generations", "generations": 1.0}
2026-09-30 19:45:40 /background-jobs/158f5efc-5036-4841-8b27-097f591ed49b {"type": "usd", "usd": 0.0}
2026-09-30 19:45:41 /background-jobs/0b500336-0c57-433f-a8dd-1b1115fd0c3c {"type": "usd", "usd": 0.0}
2026-09-30 19:45:41 /background-jobs/8151c9ef-08f6-4e87-97cc-f6e5a98e0ead {"type": "usd", "usd": 0.0}
2026-09-30 19:45:41 /background-jobs/e9fb7807-a904-4746-9956-7f243c4b7a1c {"type": "usd", "usd": 0.0}
2026-09-30 19:45:41 /background-jobs/a4d9f1a2-7cb6-4aba-8509-d8b576de528a {"type": "usd", "usd": 0.0}
2026-09-30 19:45:41 /background-jobs/1ba6d86f-c549-4ee9-a263-4f8c996a3d50 {"type": "usd", "usd": 0.0}
2026-09-30 19:45:42 /background-jobs/730cc780-1096-4baf-986b-72f24a189fbf {"type": "generations", "generations": 1.0}
2026-09-30 19:45:45 /create-image-bitforge {"type": "generations", "generations": 1.0}
2026-09-30 19:45:46 /background-jobs/389e71da-2776-49e4-8295-62bcf9deb866 {"type": "usd", "usd": 0.0}
2026-09-30 19:45:46 /background-jobs/158f5efc-5036-4841-8b27-097f591ed49b {"type": "usd", "usd": 0.0}
2026-09-30 19:45:46 /create-image-bitforge {"type": "generations", "generations": 1.0}
2026-09-30 19:45:47 /background-jobs/0b500336-0c57-433f-a8dd-1b1115fd0c3c {"type": "usd", "usd": 0.0}
2026-09-30 19:45:47 /background-jobs/8151c9ef-08f6-4e87-97cc-f6e5a98e0ead {"type": "usd", "usd": 0.0}
2026-09-30 19:45:47 /background-jobs/e9fb7807-a904-4746-9956-7f243c4b7a1c {"type": "usd", "usd": 0.0}
2026-09-30 19:45:47 /background-jobs/1ba6d86f-c549-4ee9-a263-4f8c996a3d50 {"type": "usd", "usd": 0.0}
2026-09-30 19:45:47 /background-jobs/a4d9f1a2-7cb6-4aba-8509-d8b576de528a {"type": "usd", "usd": 0.0}
2026-09-30 19:45:52 /background-jobs/389e71da-2776-49e4-8295-62bcf9deb866 {"type": "usd", "usd": 0.0}
2026-09-30 19:45:52 /background-jobs/8151c9ef-08f6-4e87-97cc-f6e5a98e0ead {"type": "usd", "usd": 0.0}
2026-09-30 19:45:52 /background-jobs/0b500336-0c57-433f-a8dd-1b1115fd0c3c {"type": "generations", "generations": 1.0}
2026-09-30 19:45:53 /background-jobs/e9fb7807-a904-4746-9956-7f243c4b7a1c {"type": "usd", "usd": 0.0}
2026-09-30 19:45:53 /background-jobs/1ba6d86f-c549-4ee9-a263-4f8c996a3d50 {"type": "usd", "usd": 0.0}
2026-09-30 19:45:54 /background-jobs/a4d9f1a2-7cb6-4aba-8509-d8b576de528a {"type": "usd", "usd": 0.0}
2026-09-30 19:45:57 /background-jobs/389e71da-2776-49e4-8295-62bcf9deb866 {"type": "usd", "usd": 0.0}
2026-09-30 19:45:58 /background-jobs/8151c9ef-08f6-4e87-97cc-f6e5a98e0ead {"type": "generations", "generations": 1.0}
2026-09-30 19:45:58 /background-jobs/4db8476f-cb8b-4554-a49e-4e28f64f9400 {"type": "usd", "usd": 0.0}
2026-09-30 19:45:58 /background-jobs/e9fb7807-a904-4746-9956-7f243c4b7a1c {"type": "usd", "usd": 0.0}
2026-09-30 19:45:58 /background-jobs/158f5efc-5036-4841-8b27-097f591ed49b {"type": "usd", "usd": 0.0}
2026-09-30 19:45:58 /background-jobs/0b500336-0c57-433f-a8dd-1b1115fd0c3c {"type": "generations", "generations": 1.0}
2026-09-30 19:45:59 /background-jobs/1ba6d86f-c549-4ee9-a263-4f8c996a3d50 {"type": "generations", "generations": 1.0}
2026-09-30 19:46:00 /background-jobs/a4d9f1a2-7cb6-4aba-8509-d8b576de528a {"type": "generations", "generations": 1.0}
2026-09-30 19:46:00 /background-jobs/98f183b5-e8be-44c5-a4e7-3cd25ebb966f {"type": "usd", "usd": 0.0}
2026-09-30 19:46:02 /background-jobs/c5509281-e882-4fc8-8e05-d13c1e3a6b64 {"type": "usd", "usd": 0.0}
2026-09-30 19:46:02 /background-jobs/de2f29a4-2084-42e0-b154-407ea3c669a4 {"type": "usd", "usd": 0.0}
2026-09-30 19:46:03 /background-jobs/389e71da-2776-49e4-8295-62bcf9deb866 {"type": "usd", "usd": 0.0}
2026-09-30 19:46:04 /background-jobs/4db8476f-cb8b-4554-a49e-4e28f64f9400 {"type": "usd", "usd": 0.0}
2026-09-30 19:46:04 /background-jobs/8151c9ef-08f6-4e87-97cc-f6e5a98e0ead {"type": "generations", "generations": 1.0}
2026-09-30 19:46:04 /background-jobs/e9fb7807-a904-4746-9956-7f243c4b7a1c {"type": "usd", "usd": 0.0}
2026-09-30 19:46:06 /background-jobs/98f183b5-e8be-44c5-a4e7-3cd25ebb966f {"type": "usd", "usd": 0.0}
2026-09-30 19:46:08 /background-jobs/c5509281-e882-4fc8-8e05-d13c1e3a6b64 {"type": "usd", "usd": 0.0}
2026-09-30 19:46:08 /background-jobs/de2f29a4-2084-42e0-b154-407ea3c669a4 {"type": "usd", "usd": 0.0}
2026-09-30 19:46:09 /background-jobs/389e71da-2776-49e4-8295-62bcf9deb866 {"type": "usd", "usd": 0.0}
2026-09-30 19:46:09 /background-jobs/4db8476f-cb8b-4554-a49e-4e28f64f9400 {"type": "usd", "usd": 0.0}
2026-09-30 19:46:10 /background-jobs/e9fb7807-a904-4746-9956-7f243c4b7a1c {"type": "usd", "usd": 0.0}
2026-09-30 19:46:12 /background-jobs/98f183b5-e8be-44c5-a4e7-3cd25ebb966f {"type": "usd", "usd": 0.0}
2026-09-30 19:46:12 /background-jobs/158f5efc-5036-4841-8b27-097f591ed49b {"type": "usd", "usd": 0.0}
2026-09-30 19:46:14 /background-jobs/c5509281-e882-4fc8-8e05-d13c1e3a6b64 {"type": "usd", "usd": 0.0}
2026-09-30 19:46:14 /background-jobs/de2f29a4-2084-42e0-b154-407ea3c669a4 {"type": "usd", "usd": 0.0}
2026-09-30 19:46:14 /create-image-bitforge {"type": "generations", "generations": 1.0}
2026-09-30 19:46:14 /background-jobs/389e71da-2776-49e4-8295-62bcf9deb866 {"type": "usd", "usd": 0.0}
2026-09-30 19:46:15 /create-image-bitforge {"type": "generations", "generations": 1.0}
2026-09-30 19:46:15 /background-jobs/4db8476f-cb8b-4554-a49e-4e28f64f9400 {"type": "usd", "usd": 0.0}
2026-09-30 19:46:16 /background-jobs/e9fb7807-a904-4746-9956-7f243c4b7a1c {"type": "usd", "usd": 0.0}
2026-09-30 19:46:18 /background-jobs/98f183b5-e8be-44c5-a4e7-3cd25ebb966f {"type": "usd", "usd": 0.0}
2026-09-30 19:46:19 /background-jobs/c5509281-e882-4fc8-8e05-d13c1e3a6b64 {"type": "usd", "usd": 0.0}
2026-09-30 19:46:20 /background-jobs/158f5efc-5036-4841-8b27-097f591ed49b {"type": "usd", "usd": 0.0}
2026-09-30 19:46:20 /background-jobs/de2f29a4-2084-42e0-b154-407ea3c669a4 {"type": "usd", "usd": 0.0}
2026-09-30 19:46:21 /background-jobs/4db8476f-cb8b-4554-a49e-4e28f64f9400 {"type": "usd", "usd": 0.0}
2026-09-30 19:46:21 /background-jobs/389e71da-2776-49e4-8295-62bcf9deb866 {"type": "generations", "generations": 1.0}
2026-09-30 19:46:21 /background-jobs/e9fb7807-a904-4746-9956-7f243c4b7a1c {"type": "generations", "generations": 1.0}
2026-09-30 19:46:23 /background-jobs/98f183b5-e8be-44c5-a4e7-3cd25ebb966f {"type": "usd", "usd": 0.0}
2026-09-30 19:46:25 /background-jobs/c5509281-e882-4fc8-8e05-d13c1e3a6b64 {"type": "usd", "usd": 0.0}
2026-09-30 19:46:25 /background-jobs/de2f29a4-2084-42e0-b154-407ea3c669a4 {"type": "generations", "generations": 1.0}
2026-09-30 19:46:26 /background-jobs/158f5efc-5036-4841-8b27-097f591ed49b {"type": "usd", "usd": 0.0}
2026-09-30 19:46:26 /background-jobs/4db8476f-cb8b-4554-a49e-4e28f64f9400 {"type": "generations", "generations": 1.0}
2026-09-30 19:46:27 /background-jobs/93dfed12-0dba-49b7-b441-dc5f04a85cf8 {"type": "usd", "usd": 0.0}
2026-09-30 19:46:27 /background-jobs/389e71da-2776-49e4-8295-62bcf9deb866 {"type": "generations", "generations": 1.0}
2026-09-30 19:46:27 /background-jobs/e9fb7807-a904-4746-9956-7f243c4b7a1c {"type": "generations", "generations": 1.0}
2026-09-30 19:46:28 /background-jobs/efd8d71d-2dbd-47a6-99cd-d7526ef2a110 {"type": "usd", "usd": 0.0}
2026-09-30 19:46:29 /background-jobs/98f183b5-e8be-44c5-a4e7-3cd25ebb966f {"type": "usd", "usd": 0.0}
2026-09-30 19:46:31 /background-jobs/c5509281-e882-4fc8-8e05-d13c1e3a6b64 {"type": "usd", "usd": 0.0}
2026-09-30 19:46:31 /background-jobs/158f5efc-5036-4841-8b27-097f591ed49b {"type": "usd", "usd": 0.0}
2026-09-30 19:46:32 /background-jobs/4db8476f-cb8b-4554-a49e-4e28f64f9400 {"type": "generations", "generations": 1.0}
2026-09-30 19:46:33 /background-jobs/93dfed12-0dba-49b7-b441-dc5f04a85cf8 {"type": "usd", "usd": 0.0}
2026-09-30 19:46:33 /background-jobs/e9fb7807-a904-4746-9956-7f243c4b7a1c {"type": "generations", "generations": 1.0}
2026-09-30 19:46:33 /background-jobs/389e71da-2776-49e4-8295-62bcf9deb866 {"type": "generations", "generations": 1.0}
2026-09-30 19:46:34 /background-jobs/76628ef3-8cee-4157-8638-f4c127ff6498 {"type": "usd", "usd": 0.0}
2026-09-30 19:46:34 /background-jobs/efd8d71d-2dbd-47a6-99cd-d7526ef2a110 {"type": "usd", "usd": 0.0}
2026-09-30 19:46:35 /background-jobs/98f183b5-e8be-44c5-a4e7-3cd25ebb966f {"type": "generations", "generations": 1.0}
2026-09-30 19:46:36 /background-jobs/c5509281-e882-4fc8-8e05-d13c1e3a6b64 {"type": "usd", "usd": 0.0}
2026-09-30 19:46:37 /background-jobs/158f5efc-5036-4841-8b27-097f591ed49b {"type": "generations", "generations": 1.0}
2026-09-30 19:46:38 /background-jobs/93dfed12-0dba-49b7-b441-dc5f04a85cf8 {"type": "usd", "usd": 0.0}
2026-09-30 19:46:39 /background-jobs/389e71da-2776-49e4-8295-62bcf9deb866 {"type": "generations", "generations": 1.0}
2026-09-30 19:46:40 /background-jobs/76628ef3-8cee-4157-8638-f4c127ff6498 {"type": "usd", "usd": 0.0}
2026-09-30 19:46:40 /background-jobs/efd8d71d-2dbd-47a6-99cd-d7526ef2a110 {"type": "usd", "usd": 0.0}
2026-09-30 19:46:40 /background-jobs/98f183b5-e8be-44c5-a4e7-3cd25ebb966f {"type": "generations", "generations": 1.0}
2026-09-30 19:46:42 /background-jobs/810b049d-ed16-4fea-9ed1-09a52b374a0e {"type": "usd", "usd": 0.0}
2026-09-30 19:46:42 /background-jobs/c5509281-e882-4fc8-8e05-d13c1e3a6b64 {"type": "usd", "usd": 0.0}
2026-09-30 19:46:43 /background-jobs/158f5efc-5036-4841-8b27-097f591ed49b {"type": "generations", "generations": 1.0}
2026-09-30 19:46:44 /background-jobs/93dfed12-0dba-49b7-b441-dc5f04a85cf8 {"type": "generations", "generations": 1.0}
2026-09-30 19:46:45 /background-jobs/efd8d71d-2dbd-47a6-99cd-d7526ef2a110 {"type": "usd", "usd": 0.0}
2026-09-30 19:46:46 /background-jobs/76628ef3-8cee-4157-8638-f4c127ff6498 {"type": "usd", "usd": 0.0}
2026-09-30 19:46:46 /background-jobs/389e71da-2776-49e4-8295-62bcf9deb866 {"type": "generations", "generations": 1.0}
2026-09-30 19:46:48 /background-jobs/810b049d-ed16-4fea-9ed1-09a52b374a0e {"type": "usd", "usd": 0.0}
2026-09-30 19:46:48 /background-jobs/c5509281-e882-4fc8-8e05-d13c1e3a6b64 {"type": "generations", "generations": 1.0}
2026-09-30 19:46:49 /background-jobs/158f5efc-5036-4841-8b27-097f591ed49b {"type": "generations", "generations": 1.0}
2026-09-30 19:46:50 /background-jobs/93dfed12-0dba-49b7-b441-dc5f04a85cf8 {"type": "generations", "generations": 1.0}
2026-09-30 19:46:51 /background-jobs/76628ef3-8cee-4157-8638-f4c127ff6498 {"type": "usd", "usd": 0.0}
2026-09-30 19:46:51 /background-jobs/efd8d71d-2dbd-47a6-99cd-d7526ef2a110 {"type": "usd", "usd": 0.0}
2026-09-30 19:46:52 /background-jobs/389e71da-2776-49e4-8295-62bcf9deb866 {"type": "generations", "generations": 1.0}
2026-09-30 19:46:53 /background-jobs/0ea754d4-1b82-4634-83b3-d1c18b8a702c {"type": "usd", "usd": 0.0}
2026-09-30 19:46:53 /background-jobs/2113a3a4-b39b-4cc0-98b5-c9537474dd5c {"type": "usd", "usd": 0.0}
2026-09-30 19:46:53 /background-jobs/810b049d-ed16-4fea-9ed1-09a52b374a0e {"type": "usd", "usd": 0.0}
2026-09-30 19:46:55 /background-jobs/158f5efc-5036-4841-8b27-097f591ed49b {"type": "generations", "generations": 1.0}
2026-09-30 19:46:56 /background-jobs/93dfed12-0dba-49b7-b441-dc5f04a85cf8 {"type": "generations", "generations": 1.0}
2026-09-30 19:46:57 /background-jobs/794b4839-9502-49a0-a1ea-dc97d375299f {"type": "usd", "usd": 0.0}
2026-09-30 19:46:57 /background-jobs/76628ef3-8cee-4157-8638-f4c127ff6498 {"type": "generations", "generations": 1.0}
2026-09-30 19:46:57 /background-jobs/efd8d71d-2dbd-47a6-99cd-d7526ef2a110 {"type": "generations", "generations": 1.0}
2026-09-30 19:46:59 /background-jobs/2113a3a4-b39b-4cc0-98b5-c9537474dd5c {"type": "usd", "usd": 0.0}
2026-09-30 19:46:59 /background-jobs/0ea754d4-1b82-4634-83b3-d1c18b8a702c {"type": "usd", "usd": 0.0}
2026-09-30 19:46:59 /background-jobs/810b049d-ed16-4fea-9ed1-09a52b374a0e {"type": "usd", "usd": 0.0}
2026-09-30 19:47:02 /background-jobs/93dfed12-0dba-49b7-b441-dc5f04a85cf8 {"type": "generations", "generations": 1.0}
2026-09-30 19:47:02 /background-jobs/794b4839-9502-49a0-a1ea-dc97d375299f {"type": "usd", "usd": 0.0}
2026-09-30 19:47:03 /background-jobs/76628ef3-8cee-4157-8638-f4c127ff6498 {"type": "generations", "generations": 1.0}
2026-09-30 19:47:03 /background-jobs/efd8d71d-2dbd-47a6-99cd-d7526ef2a110 {"type": "generations", "generations": 1.0}
2026-09-30 19:47:05 /background-jobs/3d391d06-e6c6-4975-beef-f3bfe8c41236 {"type": "usd", "usd": 0.0}
2026-09-30 19:47:05 /background-jobs/810b049d-ed16-4fea-9ed1-09a52b374a0e {"type": "usd", "usd": 0.0}
2026-09-30 19:47:05 /background-jobs/2113a3a4-b39b-4cc0-98b5-c9537474dd5c {"type": "usd", "usd": 0.0}
2026-09-30 19:47:05 /background-jobs/0ea754d4-1b82-4634-83b3-d1c18b8a702c {"type": "usd", "usd": 0.0}
2026-09-30 19:47:07 /background-jobs/93dfed12-0dba-49b7-b441-dc5f04a85cf8 {"type": "generations", "generations": 1.0}
2026-09-30 19:47:08 /background-jobs/794b4839-9502-49a0-a1ea-dc97d375299f {"type": "usd", "usd": 0.0}
2026-09-30 19:47:10 /background-jobs/76628ef3-8cee-4157-8638-f4c127ff6498 {"type": "generations", "generations": 1.0}
2026-09-30 19:47:10 /background-jobs/3d391d06-e6c6-4975-beef-f3bfe8c41236 {"type": "usd", "usd": 0.0}
2026-09-30 19:47:10 /background-jobs/810b049d-ed16-4fea-9ed1-09a52b374a0e {"type": "usd", "usd": 0.0}
2026-09-30 19:47:11 /background-jobs/2113a3a4-b39b-4cc0-98b5-c9537474dd5c {"type": "usd", "usd": 0.0}
2026-09-30 19:47:11 /background-jobs/0ea754d4-1b82-4634-83b3-d1c18b8a702c {"type": "usd", "usd": 0.0}
2026-09-30 19:47:11 /background-jobs/25d9554f-ab30-4e68-a092-84f6948ba832 {"type": "usd", "usd": 0.0}
2026-09-30 19:47:13 /background-jobs/93dfed12-0dba-49b7-b441-dc5f04a85cf8 {"type": "generations", "generations": 1.0}
2026-09-30 19:47:14 /background-jobs/794b4839-9502-49a0-a1ea-dc97d375299f {"type": "usd", "usd": 0.0}
2026-09-30 19:47:16 /background-jobs/3d391d06-e6c6-4975-beef-f3bfe8c41236 {"type": "usd", "usd": 0.0}
2026-09-30 19:47:16 /background-jobs/810b049d-ed16-4fea-9ed1-09a52b374a0e {"type": "generations", "generations": 1.0}
2026-09-30 19:47:16 /background-jobs/2113a3a4-b39b-4cc0-98b5-c9537474dd5c {"type": "usd", "usd": 0.0}
2026-09-30 19:47:17 /background-jobs/0ea754d4-1b82-4634-83b3-d1c18b8a702c {"type": "usd", "usd": 0.0}
2026-09-30 19:47:17 /background-jobs/25d9554f-ab30-4e68-a092-84f6948ba832 {"type": "usd", "usd": 0.0}
2026-09-30 19:47:19 /background-jobs/93dfed12-0dba-49b7-b441-dc5f04a85cf8 {"type": "generations", "generations": 1.0}
2026-09-30 19:47:19 /background-jobs/794b4839-9502-49a0-a1ea-dc97d375299f {"type": "usd", "usd": 0.0}
2026-09-30 19:47:20 /background-jobs/7aa479a1-e75e-4ec5-945c-5cc711ec32b2 {"type": "usd", "usd": 0.0}
2026-09-30 19:47:22 /background-jobs/3d391d06-e6c6-4975-beef-f3bfe8c41236 {"type": "usd", "usd": 0.0}
2026-09-30 19:47:22 /background-jobs/810b049d-ed16-4fea-9ed1-09a52b374a0e {"type": "generations", "generations": 1.0}
2026-09-30 19:47:22 /background-jobs/2113a3a4-b39b-4cc0-98b5-c9537474dd5c {"type": "usd", "usd": 0.0}
2026-09-30 19:47:22 /background-jobs/0ea754d4-1b82-4634-83b3-d1c18b8a702c {"type": "generations", "generations": 1.0}
2026-09-30 19:47:23 /background-jobs/25d9554f-ab30-4e68-a092-84f6948ba832 {"type": "usd", "usd": 0.0}
2026-09-30 19:47:25 /background-jobs/794b4839-9502-49a0-a1ea-dc97d375299f {"type": "usd", "usd": 0.0}
2026-09-30 19:47:26 /background-jobs/7aa479a1-e75e-4ec5-945c-5cc711ec32b2 {"type": "usd", "usd": 0.0}
2026-09-30 19:47:27 /background-jobs/518cdc9d-3dac-4874-9936-1636fc9ac61a {"type": "usd", "usd": 0.0}
2026-09-30 19:47:27 /background-jobs/3d391d06-e6c6-4975-beef-f3bfe8c41236 {"type": "usd", "usd": 0.0}
2026-09-30 19:47:27 /background-jobs/810b049d-ed16-4fea-9ed1-09a52b374a0e {"type": "generations", "generations": 1.0}
2026-09-30 19:47:27 /background-jobs/2113a3a4-b39b-4cc0-98b5-c9537474dd5c {"type": "usd", "usd": 0.0}
2026-09-30 19:47:28 /background-jobs/0ea754d4-1b82-4634-83b3-d1c18b8a702c {"type": "generations", "generations": 1.0}
2026-09-30 19:47:28 /background-jobs/25d9554f-ab30-4e68-a092-84f6948ba832 {"type": "usd", "usd": 0.0}
2026-09-30 19:47:31 /background-jobs/794b4839-9502-49a0-a1ea-dc97d375299f {"type": "generations", "generations": 1.0}
2026-09-30 19:47:32 /background-jobs/7aa479a1-e75e-4ec5-945c-5cc711ec32b2 {"type": "usd", "usd": 0.0}
2026-09-30 19:47:33 /background-jobs/518cdc9d-3dac-4874-9936-1636fc9ac61a {"type": "usd", "usd": 0.0}
2026-09-30 19:47:33 /background-jobs/3d391d06-e6c6-4975-beef-f3bfe8c41236 {"type": "usd", "usd": 0.0}
2026-09-30 19:47:33 /background-jobs/2113a3a4-b39b-4cc0-98b5-c9537474dd5c {"type": "usd", "usd": 0.0}
2026-09-30 19:47:34 /background-jobs/0ea754d4-1b82-4634-83b3-d1c18b8a702c {"type": "generations", "generations": 1.0}
2026-09-30 19:47:34 /background-jobs/25d9554f-ab30-4e68-a092-84f6948ba832 {"type": "usd", "usd": 0.0}
2026-09-30 19:47:35 /background-jobs/66ae7030-1677-4134-aa99-84d7516b0aba {"type": "usd", "usd": 0.0}
2026-09-30 19:47:36 /background-jobs/794b4839-9502-49a0-a1ea-dc97d375299f {"type": "generations", "generations": 1.0}
2026-09-30 19:47:37 /background-jobs/7aa479a1-e75e-4ec5-945c-5cc711ec32b2 {"type": "usd", "usd": 0.0}
2026-09-30 19:47:38 /background-jobs/518cdc9d-3dac-4874-9936-1636fc9ac61a {"type": "usd", "usd": 0.0}
2026-09-30 19:47:39 /background-jobs/3d391d06-e6c6-4975-beef-f3bfe8c41236 {"type": "generations", "generations": 1.0}
2026-09-30 19:47:39 /background-jobs/2113a3a4-b39b-4cc0-98b5-c9537474dd5c {"type": "usd", "usd": 0.0}
2026-09-30 19:47:40 /background-jobs/25d9554f-ab30-4e68-a092-84f6948ba832 {"type": "usd", "usd": 0.0}
2026-09-30 19:47:41 /background-jobs/66ae7030-1677-4134-aa99-84d7516b0aba {"type": "usd", "usd": 0.0}
2026-09-30 19:47:42 /background-jobs/794b4839-9502-49a0-a1ea-dc97d375299f {"type": "generations", "generations": 1.0}
2026-09-30 19:47:43 /background-jobs/7aa479a1-e75e-4ec5-945c-5cc711ec32b2 {"type": "usd", "usd": 0.0}
2026-09-30 19:47:44 /background-jobs/518cdc9d-3dac-4874-9936-1636fc9ac61a {"type": "usd", "usd": 0.0}
2026-09-30 19:47:44 /background-jobs/3d391d06-e6c6-4975-beef-f3bfe8c41236 {"type": "generations", "generations": 1.0}
2026-09-30 19:47:45 /background-jobs/2113a3a4-b39b-4cc0-98b5-c9537474dd5c {"type": "usd", "usd": 0.0}
2026-09-30 19:47:45 /background-jobs/25d9554f-ab30-4e68-a092-84f6948ba832 {"type": "usd", "usd": 0.0}
2026-09-30 19:47:47 /background-jobs/66ae7030-1677-4134-aa99-84d7516b0aba {"type": "usd", "usd": 0.0}
2026-09-30 19:47:48 /background-jobs/794b4839-9502-49a0-a1ea-dc97d375299f {"type": "generations", "generations": 1.0}
2026-09-30 19:47:49 /background-jobs/7aa479a1-e75e-4ec5-945c-5cc711ec32b2 {"type": "usd", "usd": 0.0}
2026-09-30 19:47:50 /background-jobs/518cdc9d-3dac-4874-9936-1636fc9ac61a {"type": "usd", "usd": 0.0}
2026-09-30 19:47:50 /background-jobs/3d391d06-e6c6-4975-beef-f3bfe8c41236 {"type": "generations", "generations": 1.0}
2026-09-30 19:47:50 /background-jobs/2113a3a4-b39b-4cc0-98b5-c9537474dd5c {"type": "usd", "usd": 0.0}
2026-09-30 19:47:52 /background-jobs/25d9554f-ab30-4e68-a092-84f6948ba832 {"type": "usd", "usd": 0.0}
2026-09-30 19:47:52 /background-jobs/66ae7030-1677-4134-aa99-84d7516b0aba {"type": "usd", "usd": 0.0}
2026-09-30 19:47:53 /background-jobs/794b4839-9502-49a0-a1ea-dc97d375299f {"type": "generations", "generations": 1.0}
2026-09-30 19:47:54 /background-jobs/7aa479a1-e75e-4ec5-945c-5cc711ec32b2 {"type": "usd", "usd": 0.0}
2026-09-30 19:47:55 /background-jobs/518cdc9d-3dac-4874-9936-1636fc9ac61a {"type": "usd", "usd": 0.0}
2026-09-30 19:47:56 /background-jobs/3d391d06-e6c6-4975-beef-f3bfe8c41236 {"type": "generations", "generations": 1.0}
2026-09-30 19:47:57 /background-jobs/2113a3a4-b39b-4cc0-98b5-c9537474dd5c {"type": "generations", "generations": 1.0}
2026-09-30 19:47:58 /background-jobs/25d9554f-ab30-4e68-a092-84f6948ba832 {"type": "usd", "usd": 0.0}
2026-09-30 19:47:58 /background-jobs/66ae7030-1677-4134-aa99-84d7516b0aba {"type": "usd", "usd": 0.0}
2026-09-30 19:47:58 /background-jobs/4ae55fcb-ecf1-4618-9979-dccd0a7c1703 {"type": "usd", "usd": 0.0}
2026-09-30 19:47:59 /background-jobs/1927fa43-7947-428b-8bab-dc812d9aab51 {"type": "usd", "usd": 0.0}
2026-09-30 19:47:59 /background-jobs/794b4839-9502-49a0-a1ea-dc97d375299f {"type": "generations", "generations": 1.0}
2026-09-30 19:48:00 /background-jobs/7aa479a1-e75e-4ec5-945c-5cc711ec32b2 {"type": "generations", "generations": 1.0}
2026-09-30 19:48:02 /background-jobs/518cdc9d-3dac-4874-9936-1636fc9ac61a {"type": "usd", "usd": 0.0}
2026-09-30 19:48:02 /background-jobs/3f45d52a-db28-41b0-9c14-9bdc6770f6f8 {"type": "usd", "usd": 0.0}
2026-09-30 19:48:04 /background-jobs/4ae55fcb-ecf1-4618-9979-dccd0a7c1703 {"type": "usd", "usd": 0.0}
2026-09-30 19:48:04 /background-jobs/66ae7030-1677-4134-aa99-84d7516b0aba {"type": "generations", "generations": 1.0}
2026-09-30 19:48:04 /background-jobs/25d9554f-ab30-4e68-a092-84f6948ba832 {"type": "usd", "usd": 0.0}
2026-09-30 19:48:05 /background-jobs/1927fa43-7947-428b-8bab-dc812d9aab51 {"type": "usd", "usd": 0.0}
2026-09-30 19:48:06 /background-jobs/7aa479a1-e75e-4ec5-945c-5cc711ec32b2 {"type": "generations", "generations": 1.0}
2026-09-30 19:48:07 /background-jobs/518cdc9d-3dac-4874-9936-1636fc9ac61a {"type": "generations", "generations": 1.0}
2026-09-30 19:48:08 /background-jobs/3f45d52a-db28-41b0-9c14-9bdc6770f6f8 {"type": "usd", "usd": 0.0}
2026-09-30 19:48:09 /background-jobs/66ae7030-1677-4134-aa99-84d7516b0aba {"type": "generations", "generations": 1.0}
2026-09-30 19:48:09 /background-jobs/4ae55fcb-ecf1-4618-9979-dccd0a7c1703 {"type": "usd", "usd": 0.0}
2026-09-30 19:48:10 /background-jobs/25d9554f-ab30-4e68-a092-84f6948ba832 {"type": "generations", "generations": 1.0}
2026-09-30 19:48:10 /background-jobs/1927fa43-7947-428b-8bab-dc812d9aab51 {"type": "usd", "usd": 0.0}
2026-09-30 19:48:12 /background-jobs/7aa479a1-e75e-4ec5-945c-5cc711ec32b2 {"type": "generations", "generations": 1.0}
2026-09-30 19:48:13 /background-jobs/518cdc9d-3dac-4874-9936-1636fc9ac61a {"type": "generations", "generations": 1.0}
2026-09-30 19:48:15 /background-jobs/3f45d52a-db28-41b0-9c14-9bdc6770f6f8 {"type": "usd", "usd": 0.0}
2026-09-30 19:48:15 /background-jobs/66ae7030-1677-4134-aa99-84d7516b0aba {"type": "generations", "generations": 1.0}
2026-09-30 19:48:15 /background-jobs/25d9554f-ab30-4e68-a092-84f6948ba832 {"type": "generations", "generations": 1.0}
2026-09-30 19:48:15 /background-jobs/9ec6852c-6abf-484a-bb80-5b9201239f8a {"type": "usd", "usd": 0.0}
2026-09-30 19:48:16 /background-jobs/4ae55fcb-ecf1-4618-9979-dccd0a7c1703 {"type": "usd", "usd": 0.0}
2026-09-30 19:48:18 /background-jobs/1927fa43-7947-428b-8bab-dc812d9aab51 {"type": "usd", "usd": 0.0}
2026-09-30 19:48:18 /background-jobs/7aa479a1-e75e-4ec5-945c-5cc711ec32b2 {"type": "generations", "generations": 1.0}
2026-09-30 19:48:20 /background-jobs/3f45d52a-db28-41b0-9c14-9bdc6770f6f8 {"type": "generations", "generations": 1.0}
2026-09-30 19:48:21 /background-jobs/9ec6852c-6abf-484a-bb80-5b9201239f8a {"type": "usd", "usd": 0.0}
2026-09-30 19:48:21 /background-jobs/4ae55fcb-ecf1-4618-9979-dccd0a7c1703 {"type": "usd", "usd": 0.0}
2026-09-30 19:48:21 /background-jobs/66ae7030-1677-4134-aa99-84d7516b0aba {"type": "generations", "generations": 1.0}
2026-09-30 19:48:21 /background-jobs/25d9554f-ab30-4e68-a092-84f6948ba832 {"type": "generations", "generations": 1.0}
2026-09-30 19:48:23 /background-jobs/f6c1d5ec-13aa-4af3-9af8-eb254786a180 {"type": "usd", "usd": 0.0}
2026-09-30 19:48:23 /background-jobs/9d4d29f9-a28d-4d6b-ba15-b0ccbc12e70d {"type": "usd", "usd": 0.0}
2026-09-30 19:48:24 /background-jobs/7aa479a1-e75e-4ec5-945c-5cc711ec32b2 {"type": "generations", "generations": 1.0}
2026-09-30 19:48:25 /background-jobs/1927fa43-7947-428b-8bab-dc812d9aab51 {"type": "generations", "generations": 1.0}
2026-09-30 19:48:26 /background-jobs/3f45d52a-db28-41b0-9c14-9bdc6770f6f8 {"type": "generations", "generations": 1.0}
2026-09-30 19:48:27 /background-jobs/9ec6852c-6abf-484a-bb80-5b9201239f8a {"type": "usd", "usd": 0.0}
2026-09-30 19:48:27 /background-jobs/4ae55fcb-ecf1-4618-9979-dccd0a7c1703 {"type": "generations", "generations": 1.0}
2026-09-30 19:48:29 /background-jobs/f6c1d5ec-13aa-4af3-9af8-eb254786a180 {"type": "usd", "usd": 0.0}
2026-09-30 19:48:29 /background-jobs/9d4d29f9-a28d-4d6b-ba15-b0ccbc12e70d {"type": "usd", "usd": 0.0}
2026-09-30 19:48:30 /background-jobs/34b3fbe5-8c07-4ab0-b235-c672734ad6db {"type": "usd", "usd": 0.0}
2026-09-30 19:48:30 /background-jobs/7aa479a1-e75e-4ec5-945c-5cc711ec32b2 {"type": "generations", "generations": 1.0}
2026-09-30 19:48:32 /background-jobs/3f45d52a-db28-41b0-9c14-9bdc6770f6f8 {"type": "generations", "generations": 1.0}
2026-09-30 19:48:33 /background-jobs/9ec6852c-6abf-484a-bb80-5b9201239f8a {"type": "usd", "usd": 0.0}
2026-09-30 19:48:33 /background-jobs/4ae55fcb-ecf1-4618-9979-dccd0a7c1703 {"type": "generations", "generations": 1.0}
2026-09-30 19:48:34 /background-jobs/1927fa43-7947-428b-8bab-dc812d9aab51 {"type": "generations", "generations": 1.0}
2026-09-30 19:48:34 /background-jobs/f6c1d5ec-13aa-4af3-9af8-eb254786a180 {"type": "usd", "usd": 0.0}
2026-09-30 19:48:34 /background-jobs/9d4d29f9-a28d-4d6b-ba15-b0ccbc12e70d {"type": "usd", "usd": 0.0}
2026-09-30 19:48:35 /background-jobs/34b3fbe5-8c07-4ab0-b235-c672734ad6db {"type": "usd", "usd": 0.0}
2026-09-30 19:48:36 /background-jobs/7aa479a1-e75e-4ec5-945c-5cc711ec32b2 {"type": "generations", "generations": 1.0}
2026-09-30 19:48:38 /background-jobs/3f45d52a-db28-41b0-9c14-9bdc6770f6f8 {"type": "generations", "generations": 1.0}
2026-09-30 19:48:38 /background-jobs/9ec6852c-6abf-484a-bb80-5b9201239f8a {"type": "usd", "usd": 0.0}
2026-09-30 19:48:39 /background-jobs/4ae55fcb-ecf1-4618-9979-dccd0a7c1703 {"type": "generations", "generations": 1.0}
2026-09-30 19:48:39 /background-jobs/98c681d6-2ba2-4dcd-910a-93b86ca142df {"type": "usd", "usd": 0.0}
2026-09-30 19:48:40 /background-jobs/52168764-36cd-46e4-8c92-ea4113b7b01f {"type": "usd", "usd": 0.0}
2026-09-30 19:48:40 /background-jobs/f6c1d5ec-13aa-4af3-9af8-eb254786a180 {"type": "usd", "usd": 0.0}
2026-09-30 19:48:40 /background-jobs/9d4d29f9-a28d-4d6b-ba15-b0ccbc12e70d {"type": "usd", "usd": 0.0}
2026-09-30 19:48:41 /background-jobs/34b3fbe5-8c07-4ab0-b235-c672734ad6db {"type": "usd", "usd": 0.0}
2026-09-30 19:48:41 /background-jobs/7aa479a1-e75e-4ec5-945c-5cc711ec32b2 {"type": "generations", "generations": 1.0}
2026-09-30 19:48:44 /background-jobs/9ec6852c-6abf-484a-bb80-5b9201239f8a {"type": "usd", "usd": 0.0}
2026-09-30 19:48:45 /background-jobs/98c681d6-2ba2-4dcd-910a-93b86ca142df {"type": "usd", "usd": 0.0}
2026-09-30 19:48:45 /background-jobs/52168764-36cd-46e4-8c92-ea4113b7b01f {"type": "usd", "usd": 0.0}
2026-09-30 19:48:46 /background-jobs/f6c1d5ec-13aa-4af3-9af8-eb254786a180 {"type": "usd", "usd": 0.0}
2026-09-30 19:48:46 /background-jobs/9d4d29f9-a28d-4d6b-ba15-b0ccbc12e70d {"type": "usd", "usd": 0.0}
2026-09-30 19:48:47 /background-jobs/34b3fbe5-8c07-4ab0-b235-c672734ad6db {"type": "usd", "usd": 0.0}
2026-09-30 19:48:47 /background-jobs/7aa479a1-e75e-4ec5-945c-5cc711ec32b2 {"type": "generations", "generations": 1.0}
2026-09-30 19:48:50 /background-jobs/9ec6852c-6abf-484a-bb80-5b9201239f8a {"type": "usd", "usd": 0.0}
2026-09-30 19:48:51 /background-jobs/98c681d6-2ba2-4dcd-910a-93b86ca142df {"type": "usd", "usd": 0.0}
2026-09-30 19:48:51 /background-jobs/52168764-36cd-46e4-8c92-ea4113b7b01f {"type": "usd", "usd": 0.0}
2026-09-30 19:48:51 /background-jobs/f6c1d5ec-13aa-4af3-9af8-eb254786a180 {"type": "usd", "usd": 0.0}
2026-09-30 19:48:51 /background-jobs/9d4d29f9-a28d-4d6b-ba15-b0ccbc12e70d {"type": "usd", "usd": 0.0}
2026-09-30 19:48:52 /background-jobs/34b3fbe5-8c07-4ab0-b235-c672734ad6db {"type": "usd", "usd": 0.0}
2026-09-30 19:48:53 /background-jobs/7aa479a1-e75e-4ec5-945c-5cc711ec32b2 {"type": "generations", "generations": 1.0}
2026-09-30 19:48:55 /background-jobs/9ec6852c-6abf-484a-bb80-5b9201239f8a {"type": "usd", "usd": 0.0}
2026-09-30 19:48:56 /background-jobs/0d4867f8-3f5b-44b7-a079-54fcad02c8b5 {"type": "usd", "usd": 0.0}
2026-09-30 19:48:56 /background-jobs/98c681d6-2ba2-4dcd-910a-93b86ca142df {"type": "usd", "usd": 0.0}
2026-09-30 19:48:57 /background-jobs/52168764-36cd-46e4-8c92-ea4113b7b01f {"type": "usd", "usd": 0.0}
2026-09-30 19:48:57 /background-jobs/f6c1d5ec-13aa-4af3-9af8-eb254786a180 {"type": "usd", "usd": 0.0}
2026-09-30 19:48:57 /background-jobs/9d4d29f9-a28d-4d6b-ba15-b0ccbc12e70d {"type": "generations", "generations": 1.0}
2026-09-30 19:48:58 /background-jobs/34b3fbe5-8c07-4ab0-b235-c672734ad6db {"type": "usd", "usd": 0.0}
2026-09-30 19:48:59 /background-jobs/7aa479a1-e75e-4ec5-945c-5cc711ec32b2 {"type": "generations", "generations": 1.0}
2026-09-30 19:48:59 /background-jobs/de2b5f6c-37cb-4155-90e8-dccce79b1285 {"type": "usd", "usd": 0.0}
2026-09-30 19:49:01 /background-jobs/ca14841d-e4dd-41d8-81f7-d77e14ae2b24 {"type": "usd", "usd": 0.0}
2026-09-30 19:49:01 /background-jobs/9ec6852c-6abf-484a-bb80-5b9201239f8a {"type": "generations", "generations": 1.0}
2026-09-30 19:49:01 /background-jobs/eaeafa7d-adaf-4a5f-b068-dab50f4d0e27 {"type": "usd", "usd": 0.0}
2026-09-30 19:49:02 /background-jobs/0d4867f8-3f5b-44b7-a079-54fcad02c8b5 {"type": "usd", "usd": 0.0}
2026-09-30 19:49:02 /background-jobs/52168764-36cd-46e4-8c92-ea4113b7b01f {"type": "usd", "usd": 0.0}
2026-09-30 19:49:03 /background-jobs/f6c1d5ec-13aa-4af3-9af8-eb254786a180 {"type": "usd", "usd": 0.0}
2026-09-30 19:49:03 /background-jobs/98c681d6-2ba2-4dcd-910a-93b86ca142df {"type": "generations", "generations": 1.0}
2026-09-30 19:49:05 /background-jobs/de2b5f6c-37cb-4155-90e8-dccce79b1285 {"type": "usd", "usd": 0.0}
2026-09-30 19:49:07 /background-jobs/ca14841d-e4dd-41d8-81f7-d77e14ae2b24 {"type": "usd", "usd": 0.0}
2026-09-30 19:49:07 /background-jobs/9ec6852c-6abf-484a-bb80-5b9201239f8a {"type": "generations", "generations": 1.0}
2026-09-30 19:49:08 /background-jobs/52168764-36cd-46e4-8c92-ea4113b7b01f {"type": "usd", "usd": 0.0}
2026-09-30 19:49:08 /background-jobs/eaeafa7d-adaf-4a5f-b068-dab50f4d0e27 {"type": "usd", "usd": 0.0}
2026-09-30 19:49:08 /background-jobs/f6c1d5ec-13aa-4af3-9af8-eb254786a180 {"type": "generations", "generations": 1.0}
2026-09-30 19:49:10 /background-jobs/de2b5f6c-37cb-4155-90e8-dccce79b1285 {"type": "usd", "usd": 0.0}
2026-09-30 19:49:12 /background-jobs/ca14841d-e4dd-41d8-81f7-d77e14ae2b24 {"type": "usd", "usd": 0.0}
2026-09-30 19:49:12 /background-jobs/9ec6852c-6abf-484a-bb80-5b9201239f8a {"type": "generations", "generations": 1.0}
2026-09-30 19:49:13 /background-jobs/0d4867f8-3f5b-44b7-a079-54fcad02c8b5 {"type": "usd", "usd": 0.0}
2026-09-30 19:49:14 /background-jobs/52168764-36cd-46e4-8c92-ea4113b7b01f {"type": "usd", "usd": 0.0}
2026-09-30 19:49:14 /background-jobs/eaeafa7d-adaf-4a5f-b068-dab50f4d0e27 {"type": "usd", "usd": 0.0}
2026-09-30 19:49:14 /background-jobs/f6c1d5ec-13aa-4af3-9af8-eb254786a180 {"type": "generations", "generations": 1.0}
2026-09-30 19:49:16 /background-jobs/b819088f-d6ea-4eca-a7c8-610769b35a61 {"type": "usd", "usd": 0.0}
2026-09-30 19:49:16 /background-jobs/de2b5f6c-37cb-4155-90e8-dccce79b1285 {"type": "generations", "generations": 1.0}
2026-09-30 19:49:17 /background-jobs/68f94fa5-63d4-474c-bd58-60da59f58ded {"type": "usd", "usd": 0.0}
2026-09-30 19:49:18 /background-jobs/ca14841d-e4dd-41d8-81f7-d77e14ae2b24 {"type": "generations", "generations": 1.0}
2026-09-30 19:49:18 /background-jobs/9ec6852c-6abf-484a-bb80-5b9201239f8a {"type": "generations", "generations": 1.0}
2026-09-30 19:49:18 /background-jobs/0d4867f8-3f5b-44b7-a079-54fcad02c8b5 {"type": "usd", "usd": 0.0}
2026-09-30 19:49:19 /background-jobs/52168764-36cd-46e4-8c92-ea4113b7b01f {"type": "usd", "usd": 0.0}
2026-09-30 19:49:21 /background-jobs/b819088f-d6ea-4eca-a7c8-610769b35a61 {"type": "usd", "usd": 0.0}
2026-09-30 19:49:22 /background-jobs/de2b5f6c-37cb-4155-90e8-dccce79b1285 {"type": "generations", "generations": 1.0}
2026-09-30 19:49:22 /background-jobs/68f94fa5-63d4-474c-bd58-60da59f58ded {"type": "usd", "usd": 0.0}
2026-09-30 19:49:23 /background-jobs/34b3fbe5-8c07-4ab0-b235-c672734ad6db {"type": "generations", "generations": 1.0}
2026-09-30 19:49:23 /background-jobs/eaeafa7d-adaf-4a5f-b068-dab50f4d0e27 {"type": "usd", "usd": 0.0}
2026-09-30 19:49:24 /background-jobs/9ec6852c-6abf-484a-bb80-5b9201239f8a {"type": "generations", "generations": 1.0}
2026-09-30 19:49:24 /background-jobs/ca14841d-e4dd-41d8-81f7-d77e14ae2b24 {"type": "generations", "generations": 1.0}
2026-09-30 19:49:24 /background-jobs/0d4867f8-3f5b-44b7-a079-54fcad02c8b5 {"type": "usd", "usd": 0.0}
2026-09-30 19:49:25 /background-jobs/52168764-36cd-46e4-8c92-ea4113b7b01f {"type": "generations", "generations": 1.0}
2026-09-30 19:49:27 /background-jobs/b819088f-d6ea-4eca-a7c8-610769b35a61 {"type": "usd", "usd": 0.0}
2026-09-30 19:49:27 /background-jobs/de2b5f6c-37cb-4155-90e8-dccce79b1285 {"type": "generations", "generations": 1.0}
2026-09-30 19:49:28 /background-jobs/68f94fa5-63d4-474c-bd58-60da59f58ded {"type": "usd", "usd": 0.0}
2026-09-30 19:49:29 /background-jobs/eaeafa7d-adaf-4a5f-b068-dab50f4d0e27 {"type": "generations", "generations": 1.0}
2026-09-30 19:49:29 /background-jobs/9ec6852c-6abf-484a-bb80-5b9201239f8a {"type": "generations", "generations": 1.0}
2026-09-30 19:49:29 /background-jobs/ca14841d-e4dd-41d8-81f7-d77e14ae2b24 {"type": "generations", "generations": 1.0}
2026-09-30 19:49:30 /background-jobs/0d4867f8-3f5b-44b7-a079-54fcad02c8b5 {"type": "usd", "usd": 0.0}
2026-09-30 19:49:31 /create-image-bitforge {"type": "generations", "generations": 1.0}
2026-09-30 19:49:31 /background-jobs/66d75a75-533a-476d-9269-df742019461b {"type": "usd", "usd": 0.0}
2026-09-30 19:49:31 /background-jobs/52168764-36cd-46e4-8c92-ea4113b7b01f {"type": "generations", "generations": 1.0}
2026-09-30 19:49:33 /background-jobs/b819088f-d6ea-4eca-a7c8-610769b35a61 {"type": "usd", "usd": 0.0}
2026-09-30 19:49:34 /background-jobs/68f94fa5-63d4-474c-bd58-60da59f58ded {"type": "usd", "usd": 0.0}
2026-09-30 19:49:36 /background-jobs/0d4867f8-3f5b-44b7-a079-54fcad02c8b5 {"type": "usd", "usd": 0.0}
2026-09-30 19:49:36 /background-jobs/e24bb082-bcfb-49c1-ae58-e3be9bbfbc1f {"type": "usd", "usd": 0.0}
2026-09-30 19:49:36 /background-jobs/eaeafa7d-adaf-4a5f-b068-dab50f4d0e27 {"type": "generations", "generations": 1.0}
2026-09-30 19:49:37 /background-jobs/52168764-36cd-46e4-8c92-ea4113b7b01f {"type": "generations", "generations": 1.0}
2026-09-30 19:49:37 /background-jobs/66d75a75-533a-476d-9269-df742019461b {"type": "usd", "usd": 0.0}
2026-09-30 19:49:38 /background-jobs/b819088f-d6ea-4eca-a7c8-610769b35a61 {"type": "usd", "usd": 0.0}
2026-09-30 19:49:40 /background-jobs/68f94fa5-63d4-474c-bd58-60da59f58ded {"type": "usd", "usd": 0.0}
2026-09-30 19:49:41 /background-jobs/0d4867f8-3f5b-44b7-a079-54fcad02c8b5 {"type": "generations", "generations": 1.0}
2026-09-30 19:49:41 /background-jobs/e24bb082-bcfb-49c1-ae58-e3be9bbfbc1f {"type": "usd", "usd": 0.0}
2026-09-30 19:49:42 /background-jobs/eaeafa7d-adaf-4a5f-b068-dab50f4d0e27 {"type": "generations", "generations": 1.0}
2026-09-30 19:49:42 /background-jobs/3f74f075-f71b-4aa1-b02e-8cf5331d1b66 {"type": "usd", "usd": 0.0}
2026-09-30 19:49:42 /background-jobs/66d75a75-533a-476d-9269-df742019461b {"type": "usd", "usd": 0.0}
2026-09-30 19:49:43 /background-jobs/52168764-36cd-46e4-8c92-ea4113b7b01f {"type": "generations", "generations": 1.0}
2026-09-30 19:49:43 /background-jobs/16292c3f-15e4-442b-88f5-d2b16acb532c {"type": "usd", "usd": 0.0}
2026-09-30 19:49:44 /background-jobs/b819088f-d6ea-4eca-a7c8-610769b35a61 {"type": "usd", "usd": 0.0}
2026-09-30 19:49:46 /background-jobs/68f94fa5-63d4-474c-bd58-60da59f58ded {"type": "usd", "usd": 0.0}
2026-09-30 19:49:47 /background-jobs/0d4867f8-3f5b-44b7-a079-54fcad02c8b5 {"type": "generations", "generations": 1.0}
2026-09-30 19:49:47 /background-jobs/e24bb082-bcfb-49c1-ae58-e3be9bbfbc1f {"type": "usd", "usd": 0.0}
2026-09-30 19:49:48 /background-jobs/3f74f075-f71b-4aa1-b02e-8cf5331d1b66 {"type": "usd", "usd": 0.0}
2026-09-30 19:49:48 /background-jobs/66d75a75-533a-476d-9269-df742019461b {"type": "usd", "usd": 0.0}
2026-09-30 19:49:48 /background-jobs/52168764-36cd-46e4-8c92-ea4113b7b01f {"type": "generations", "generations": 1.0}
2026-09-30 19:49:48 /background-jobs/16292c3f-15e4-442b-88f5-d2b16acb532c {"type": "usd", "usd": 0.0}
2026-09-30 19:49:50 /background-jobs/b819088f-d6ea-4eca-a7c8-610769b35a61 {"type": "generations", "generations": 1.0}
2026-09-30 19:49:52 /background-jobs/68f94fa5-63d4-474c-bd58-60da59f58ded {"type": "usd", "usd": 0.0}
2026-09-30 19:49:53 /background-jobs/0d4867f8-3f5b-44b7-a079-54fcad02c8b5 {"type": "generations", "generations": 1.0}
2026-09-30 19:49:53 /background-jobs/e24bb082-bcfb-49c1-ae58-e3be9bbfbc1f {"type": "usd", "usd": 0.0}
2026-09-30 19:49:53 /background-jobs/3f74f075-f71b-4aa1-b02e-8cf5331d1b66 {"type": "usd", "usd": 0.0}
2026-09-30 19:49:54 /background-jobs/66d75a75-533a-476d-9269-df742019461b {"type": "usd", "usd": 0.0}
2026-09-30 19:49:54 /background-jobs/52168764-36cd-46e4-8c92-ea4113b7b01f {"type": "generations", "generations": 1.0}
2026-09-30 19:49:54 /background-jobs/16292c3f-15e4-442b-88f5-d2b16acb532c {"type": "usd", "usd": 0.0}
2026-09-30 19:49:55 /background-jobs/b819088f-d6ea-4eca-a7c8-610769b35a61 {"type": "generations", "generations": 1.0}
2026-09-30 19:49:57 /background-jobs/68f94fa5-63d4-474c-bd58-60da59f58ded {"type": "usd", "usd": 0.0}
2026-09-30 19:49:59 /background-jobs/e24bb082-bcfb-49c1-ae58-e3be9bbfbc1f {"type": "usd", "usd": 0.0}
2026-09-30 19:49:59 /background-jobs/3f74f075-f71b-4aa1-b02e-8cf5331d1b66 {"type": "usd", "usd": 0.0}
2026-09-30 19:49:59 /background-jobs/66d75a75-533a-476d-9269-df742019461b {"type": "usd", "usd": 0.0}
2026-09-30 19:49:59 /background-jobs/52168764-36cd-46e4-8c92-ea4113b7b01f {"type": "generations", "generations": 1.0}
2026-09-30 19:50:00 /background-jobs/16292c3f-15e4-442b-88f5-d2b16acb532c {"type": "usd", "usd": 0.0}
2026-09-30 19:50:03 /background-jobs/68f94fa5-63d4-474c-bd58-60da59f58ded {"type": "usd", "usd": 0.0}
2026-09-30 19:50:04 /background-jobs/e24bb082-bcfb-49c1-ae58-e3be9bbfbc1f {"type": "generations", "generations": 1.0}
2026-09-30 19:50:05 /background-jobs/3f74f075-f71b-4aa1-b02e-8cf5331d1b66 {"type": "usd", "usd": 0.0}
2026-09-30 19:50:05 /background-jobs/66d75a75-533a-476d-9269-df742019461b {"type": "usd", "usd": 0.0}
2026-09-30 19:50:05 /background-jobs/52168764-36cd-46e4-8c92-ea4113b7b01f {"type": "generations", "generations": 1.0}
2026-09-30 19:50:05 /background-jobs/16292c3f-15e4-442b-88f5-d2b16acb532c {"type": "generations", "generations": 1.0}
2026-09-30 19:50:09 /background-jobs/68f94fa5-63d4-474c-bd58-60da59f58ded {"type": "generations", "generations": 1.0}
2026-09-30 19:50:10 /background-jobs/e24bb082-bcfb-49c1-ae58-e3be9bbfbc1f {"type": "generations", "generations": 1.0}
2026-09-30 19:50:10 /background-jobs/3f74f075-f71b-4aa1-b02e-8cf5331d1b66 {"type": "usd", "usd": 0.0}
2026-09-30 19:50:11 /background-jobs/66d75a75-533a-476d-9269-df742019461b {"type": "usd", "usd": 0.0}
2026-09-30 19:50:11 /background-jobs/52168764-36cd-46e4-8c92-ea4113b7b01f {"type": "generations", "generations": 1.0}
2026-09-30 19:50:11 /background-jobs/16292c3f-15e4-442b-88f5-d2b16acb532c {"type": "generations", "generations": 1.0}
2026-09-30 19:50:14 /background-jobs/68f94fa5-63d4-474c-bd58-60da59f58ded {"type": "generations", "generations": 1.0}
2026-09-30 19:50:16 /background-jobs/e24bb082-bcfb-49c1-ae58-e3be9bbfbc1f {"type": "generations", "generations": 1.0}
2026-09-30 19:50:17 /background-jobs/16292c3f-15e4-442b-88f5-d2b16acb532c {"type": "generations", "generations": 1.0}
2026-09-30 19:50:17 /background-jobs/3f74f075-f71b-4aa1-b02e-8cf5331d1b66 {"type": "usd", "usd": 0.0}
2026-09-30 19:50:17 /background-jobs/66d75a75-533a-476d-9269-df742019461b {"type": "usd", "usd": 0.0}
2026-09-30 19:50:21 /background-jobs/e24bb082-bcfb-49c1-ae58-e3be9bbfbc1f {"type": "generations", "generations": 1.0}
2026-09-30 19:50:21 /background-jobs/c5bf3cff-4f26-45df-be2a-35c3e9f9bdd6 {"type": "usd", "usd": 0.0}
2026-09-30 19:50:23 /background-jobs/3f74f075-f71b-4aa1-b02e-8cf5331d1b66 {"type": "usd", "usd": 0.0}
2026-09-30 19:50:23 /background-jobs/66d75a75-533a-476d-9269-df742019461b {"type": "usd", "usd": 0.0}
2026-09-30 19:50:27 /background-jobs/c5bf3cff-4f26-45df-be2a-35c3e9f9bdd6 {"type": "usd", "usd": 0.0}
2026-09-30 19:50:27 /background-jobs/e24bb082-bcfb-49c1-ae58-e3be9bbfbc1f {"type": "generations", "generations": 1.0}
2026-09-30 19:50:29 /background-jobs/3f74f075-f71b-4aa1-b02e-8cf5331d1b66 {"type": "usd", "usd": 0.0}
2026-09-30 19:50:29 /background-jobs/66d75a75-533a-476d-9269-df742019461b {"type": "usd", "usd": 0.0}
2026-09-30 19:50:33 /background-jobs/c5bf3cff-4f26-45df-be2a-35c3e9f9bdd6 {"type": "usd", "usd": 0.0}
2026-09-30 19:50:33 /background-jobs/e24bb082-bcfb-49c1-ae58-e3be9bbfbc1f {"type": "generations", "generations": 1.0}
2026-09-30 19:50:34 /background-jobs/66d75a75-533a-476d-9269-df742019461b {"type": "usd", "usd": 0.0}
2026-09-30 19:50:34 /background-jobs/3f74f075-f71b-4aa1-b02e-8cf5331d1b66 {"type": "usd", "usd": 0.0}
2026-09-30 19:50:39 /background-jobs/c5bf3cff-4f26-45df-be2a-35c3e9f9bdd6 {"type": "usd", "usd": 0.0}
2026-09-30 19:50:39 /background-jobs/e24bb082-bcfb-49c1-ae58-e3be9bbfbc1f {"type": "generations", "generations": 1.0}
2026-09-30 19:50:41 /background-jobs/66d75a75-533a-476d-9269-df742019461b {"type": "generations", "generations": 1.0}
2026-09-30 19:50:42 /background-jobs/3f74f075-f71b-4aa1-b02e-8cf5331d1b66 {"type": "usd", "usd": 0.0}
2026-09-30 19:50:45 /background-jobs/c5bf3cff-4f26-45df-be2a-35c3e9f9bdd6 {"type": "usd", "usd": 0.0}
2026-09-30 19:50:46 /background-jobs/66d75a75-533a-476d-9269-df742019461b {"type": "generations", "generations": 1.0}
2026-09-30 19:50:48 /background-jobs/3f74f075-f71b-4aa1-b02e-8cf5331d1b66 {"type": "usd", "usd": 0.0}
2026-09-30 19:50:51 /background-jobs/c5bf3cff-4f26-45df-be2a-35c3e9f9bdd6 {"type": "generations", "generations": 1.0}
2026-09-30 19:50:53 /background-jobs/66d75a75-533a-476d-9269-df742019461b {"type": "generations", "generations": 1.0}
2026-09-30 19:50:54 /background-jobs/3f74f075-f71b-4aa1-b02e-8cf5331d1b66 {"type": "usd", "usd": 0.0}
2026-09-30 19:50:57 /background-jobs/c5bf3cff-4f26-45df-be2a-35c3e9f9bdd6 {"type": "generations", "generations": 1.0}
2026-09-30 19:50:58 /background-jobs/66d75a75-533a-476d-9269-df742019461b {"type": "generations", "generations": 1.0}
2026-09-30 19:51:04 /background-jobs/66d75a75-533a-476d-9269-df742019461b {"type": "generations", "generations": 1.0}
2026-09-30 19:51:08 /background-jobs/3f74f075-f71b-4aa1-b02e-8cf5331d1b66 {"type": "generations", "generations": 1.0}
2026-09-30 19:52:02 /background-jobs/39c89d9a-c2d5-4b21-9242-2faa162256c0 {"type": "usd", "usd": 0.0}
2026-09-30 19:52:03 /background-jobs/c61a5be8-3638-4dbd-852b-b7b8ed553ab2 {"type": "usd", "usd": 0.0}
2026-09-30 19:52:08 /background-jobs/39c89d9a-c2d5-4b21-9242-2faa162256c0 {"type": "usd", "usd": 0.0}
2026-09-30 19:52:08 /background-jobs/c61a5be8-3638-4dbd-852b-b7b8ed553ab2 {"type": "usd", "usd": 0.0}
2026-09-30 19:52:11 /background-jobs/c2c6112c-068e-4e03-9368-b08d38be3669 {"type": "usd", "usd": 0.0}
2026-09-30 19:52:11 /background-jobs/f45dbf02-c381-4f43-a09d-d437c1a5be30 {"type": "usd", "usd": 0.0}
2026-09-30 19:52:12 /background-jobs/4b2f3564-02c1-413b-8eb0-adeccf123856 {"type": "usd", "usd": 0.0}
2026-09-30 19:52:13 /background-jobs/d2ca581f-46e9-40a3-8787-dcd209932c34 {"type": "usd", "usd": 0.0}
2026-09-30 19:52:14 /background-jobs/39c89d9a-c2d5-4b21-9242-2faa162256c0 {"type": "usd", "usd": 0.0}
2026-09-30 19:52:14 /background-jobs/c61a5be8-3638-4dbd-852b-b7b8ed553ab2 {"type": "usd", "usd": 0.0}
2026-09-30 19:52:15 /background-jobs/d4827fd2-ce24-4260-bb26-da4410e338a1 {"type": "usd", "usd": 0.0}
2026-09-30 19:52:17 /background-jobs/f45dbf02-c381-4f43-a09d-d437c1a5be30 {"type": "usd", "usd": 0.0}
2026-09-30 19:52:18 /background-jobs/4b2f3564-02c1-413b-8eb0-adeccf123856 {"type": "usd", "usd": 0.0}
2026-09-30 19:52:19 /background-jobs/d2ca581f-46e9-40a3-8787-dcd209932c34 {"type": "usd", "usd": 0.0}
2026-09-30 19:52:19 /background-jobs/39c89d9a-c2d5-4b21-9242-2faa162256c0 {"type": "usd", "usd": 0.0}
2026-09-30 19:52:20 /background-jobs/c61a5be8-3638-4dbd-852b-b7b8ed553ab2 {"type": "usd", "usd": 0.0}
2026-09-30 19:52:20 /background-jobs/d4827fd2-ce24-4260-bb26-da4410e338a1 {"type": "usd", "usd": 0.0}
2026-09-30 19:52:23 /background-jobs/f45dbf02-c381-4f43-a09d-d437c1a5be30 {"type": "usd", "usd": 0.0}
2026-09-30 19:52:23 /background-jobs/4b2f3564-02c1-413b-8eb0-adeccf123856 {"type": "usd", "usd": 0.0}
2026-09-30 19:52:24 /background-jobs/d2ca581f-46e9-40a3-8787-dcd209932c34 {"type": "usd", "usd": 0.0}
2026-09-30 19:52:25 /background-jobs/39c89d9a-c2d5-4b21-9242-2faa162256c0 {"type": "usd", "usd": 0.0}
2026-09-30 19:52:26 /background-jobs/c61a5be8-3638-4dbd-852b-b7b8ed553ab2 {"type": "usd", "usd": 0.0}
2026-09-30 19:52:26 /background-jobs/d4827fd2-ce24-4260-bb26-da4410e338a1 {"type": "usd", "usd": 0.0}
2026-09-30 19:52:28 /background-jobs/c2c6112c-068e-4e03-9368-b08d38be3669 {"type": "usd", "usd": 0.0}
2026-09-30 19:52:28 /create-image-bitforge {"type": "generations", "generations": 1.0}
2026-09-30 19:52:29 /background-jobs/4b2f3564-02c1-413b-8eb0-adeccf123856 {"type": "usd", "usd": 0.0}
2026-09-30 19:52:29 /background-jobs/f45dbf02-c381-4f43-a09d-d437c1a5be30 {"type": "usd", "usd": 0.0}
2026-09-30 19:52:30 /background-jobs/d2ca581f-46e9-40a3-8787-dcd209932c34 {"type": "generations", "generations": 1.0}
2026-09-30 19:52:31 /background-jobs/39c89d9a-c2d5-4b21-9242-2faa162256c0 {"type": "usd", "usd": 0.0}
2026-09-30 19:52:32 /background-jobs/c61a5be8-3638-4dbd-852b-b7b8ed553ab2 {"type": "generations", "generations": 1.0}
2026-09-30 19:52:32 /background-jobs/d4827fd2-ce24-4260-bb26-da4410e338a1 {"type": "usd", "usd": 0.0}
2026-09-30 19:52:33 /background-jobs/c2c6112c-068e-4e03-9368-b08d38be3669 {"type": "generations", "generations": 1.0}
2026-09-30 19:52:34 /create-image-bitforge {"type": "generations", "generations": 1.0}
2026-09-30 19:52:34 /background-jobs/4b2f3564-02c1-413b-8eb0-adeccf123856 {"type": "generations", "generations": 1.0}
2026-09-30 19:52:35 /background-jobs/f45dbf02-c381-4f43-a09d-d437c1a5be30 {"type": "generations", "generations": 1.0}
2026-09-30 19:52:36 /background-jobs/d2ca581f-46e9-40a3-8787-dcd209932c34 {"type": "generations", "generations": 1.0}
2026-09-30 19:52:36 /create-image-bitforge {"type": "generations", "generations": 1.0}
2026-09-30 19:52:36 /background-jobs/39c89d9a-c2d5-4b21-9242-2faa162256c0 {"type": "generations", "generations": 1.0}
2026-09-30 19:52:37 /background-jobs/c61a5be8-3638-4dbd-852b-b7b8ed553ab2 {"type": "generations", "generations": 1.0}
2026-09-30 19:52:37 /background-jobs/d4827fd2-ce24-4260-bb26-da4410e338a1 {"type": "usd", "usd": 0.0}
2026-09-30 19:52:39 /background-jobs/c2c6112c-068e-4e03-9368-b08d38be3669 {"type": "generations", "generations": 1.0}
2026-09-30 19:52:40 /background-jobs/4b2f3564-02c1-413b-8eb0-adeccf123856 {"type": "generations", "generations": 1.0}
2026-09-30 19:52:40 /background-jobs/f45dbf02-c381-4f43-a09d-d437c1a5be30 {"type": "generations", "generations": 1.0}
2026-09-30 19:52:41 /background-jobs/d2ca581f-46e9-40a3-8787-dcd209932c34 {"type": "generations", "generations": 1.0}
2026-09-30 19:52:42 /background-jobs/39c89d9a-c2d5-4b21-9242-2faa162256c0 {"type": "generations", "generations": 1.0}
2026-09-30 19:52:42 /background-jobs/b176fd7d-f854-4976-9310-0ceb273394f1 {"type": "usd", "usd": 0.0}
2026-09-30 19:52:43 /background-jobs/c61a5be8-3638-4dbd-852b-b7b8ed553ab2 {"type": "generations", "generations": 1.0}
2026-09-30 19:52:43 /background-jobs/d4827fd2-ce24-4260-bb26-da4410e338a1 {"type": "generations", "generations": 1.0}
2026-09-30 19:52:45 /background-jobs/c2c6112c-068e-4e03-9368-b08d38be3669 {"type": "generations", "generations": 1.0}
2026-09-30 19:52:46 /background-jobs/f45dbf02-c381-4f43-a09d-d437c1a5be30 {"type": "generations", "generations": 1.0}
2026-09-30 19:52:47 /background-jobs/d2ca581f-46e9-40a3-8787-dcd209932c34 {"type": "generations", "generations": 1.0}
2026-09-30 19:52:48 /background-jobs/39c89d9a-c2d5-4b21-9242-2faa162256c0 {"type": "generations", "generations": 1.0}
2026-09-30 19:52:48 /background-jobs/b176fd7d-f854-4976-9310-0ceb273394f1 {"type": "usd", "usd": 0.0}
2026-09-30 19:52:48 /background-jobs/c61a5be8-3638-4dbd-852b-b7b8ed553ab2 {"type": "generations", "generations": 1.0}
2026-09-30 19:52:49 /background-jobs/d4827fd2-ce24-4260-bb26-da4410e338a1 {"type": "generations", "generations": 1.0}
2026-09-30 19:52:50 /background-jobs/c2c6112c-068e-4e03-9368-b08d38be3669 {"type": "generations", "generations": 1.0}
2026-09-30 19:52:52 /background-jobs/f45dbf02-c381-4f43-a09d-d437c1a5be30 {"type": "generations", "generations": 1.0}
2026-09-30 19:52:54 /background-jobs/b176fd7d-f854-4976-9310-0ceb273394f1 {"type": "usd", "usd": 0.0}
2026-09-30 19:52:54 /background-jobs/c61a5be8-3638-4dbd-852b-b7b8ed553ab2 {"type": "generations", "generations": 1.0}
2026-09-30 19:52:56 /background-jobs/c2c6112c-068e-4e03-9368-b08d38be3669 {"type": "generations", "generations": 1.0}
2026-09-30 19:52:59 /background-jobs/b176fd7d-f854-4976-9310-0ceb273394f1 {"type": "usd", "usd": 0.0}
2026-09-30 19:53:06 /background-jobs/b176fd7d-f854-4976-9310-0ceb273394f1 {"type": "usd", "usd": 0.0}
2026-09-30 19:53:10 /create-image-bitforge {"type": "generations", "generations": 1.0}
2026-09-30 19:53:11 /background-jobs/b176fd7d-f854-4976-9310-0ceb273394f1 {"type": "generations", "generations": 1.0}
2026-09-30 19:53:17 /background-jobs/bd646d62-3595-4a3e-a69a-d6c5852b3057 {"type": "usd", "usd": 0.0}
2026-09-30 19:53:17 /background-jobs/b176fd7d-f854-4976-9310-0ceb273394f1 {"type": "generations", "generations": 1.0}
2026-09-30 19:53:22 /background-jobs/bd646d62-3595-4a3e-a69a-d6c5852b3057 {"type": "usd", "usd": 0.0}
2026-09-30 19:53:23 /background-jobs/b176fd7d-f854-4976-9310-0ceb273394f1 {"type": "generations", "generations": 1.0}
2026-09-30 19:53:28 /background-jobs/bd646d62-3595-4a3e-a69a-d6c5852b3057 {"type": "usd", "usd": 0.0}
2026-09-30 19:53:34 /background-jobs/bd646d62-3595-4a3e-a69a-d6c5852b3057 {"type": "generations", "generations": 1.0}
2026-09-30 19:53:39 /background-jobs/bd646d62-3595-4a3e-a69a-d6c5852b3057 {"type": "generations", "generations": 1.0}
2026-09-30 19:53:43 /background-jobs/f45dbf02-c381-4f43-a09d-d437c1a5be30 {"type": "generations", "generations": 1.0}
2026-09-30 19:53:45 /background-jobs/bd646d62-3595-4a3e-a69a-d6c5852b3057 {"type": "generations", "generations": 1.0}
2026-09-30 19:53:51 /background-jobs/bd646d62-3595-4a3e-a69a-d6c5852b3057 {"type": "generations", "generations": 1.0}
2026-09-30 19:53:56 /background-jobs/bd646d62-3595-4a3e-a69a-d6c5852b3057 {"type": "generations", "generations": 1.0}
2026-09-30 19:54:02 /background-jobs/bd646d62-3595-4a3e-a69a-d6c5852b3057 {"type": "generations", "generations": 1.0}
2026-09-30 19:54:34 /background-jobs/b93b99ed-9221-4361-9ccf-e397a42fed6a {"type": "usd", "usd": 0.0}
2026-09-30 19:54:40 /background-jobs/b93b99ed-9221-4361-9ccf-e397a42fed6a {"type": "usd", "usd": 0.0}
2026-09-30 19:54:45 /background-jobs/b93b99ed-9221-4361-9ccf-e397a42fed6a {"type": "usd", "usd": 0.0}
2026-09-30 19:54:51 /background-jobs/b93b99ed-9221-4361-9ccf-e397a42fed6a {"type": "usd", "usd": 0.0}
2026-09-30 19:54:57 /background-jobs/b93b99ed-9221-4361-9ccf-e397a42fed6a {"type": "usd", "usd": 0.0}
2026-09-30 19:55:02 /background-jobs/b93b99ed-9221-4361-9ccf-e397a42fed6a {"type": "usd", "usd": 0.0}
2026-09-30 19:55:08 /background-jobs/b93b99ed-9221-4361-9ccf-e397a42fed6a {"type": "generations", "generations": 1.0}
2026-09-30 19:55:14 /background-jobs/b93b99ed-9221-4361-9ccf-e397a42fed6a {"type": "generations", "generations": 1.0}
2026-09-30 19:55:19 /background-jobs/b93b99ed-9221-4361-9ccf-e397a42fed6a {"type": "generations", "generations": 1.0}
2026-09-30 19:55:25 /background-jobs/b93b99ed-9221-4361-9ccf-e397a42fed6a {"type": "generations", "generations": 1.0}
2026-09-30 19:56:03 /background-jobs/43a28d00-95da-4816-bd92-019c4720c1d1 {"type": "usd", "usd": 0.0}
2026-09-30 19:56:03 /background-jobs/0b17f3b8-848f-4353-96dc-418b7e0368c5 {"type": "usd", "usd": 0.0}
2026-09-30 19:56:09 /background-jobs/43a28d00-95da-4816-bd92-019c4720c1d1 {"type": "usd", "usd": 0.0}
2026-09-30 19:56:10 /background-jobs/0b17f3b8-848f-4353-96dc-418b7e0368c5 {"type": "usd", "usd": 0.0}
2026-09-30 19:56:14 /background-jobs/43a28d00-95da-4816-bd92-019c4720c1d1 {"type": "usd", "usd": 0.0}
2026-09-30 19:56:15 /background-jobs/0b17f3b8-848f-4353-96dc-418b7e0368c5 {"type": "usd", "usd": 0.0}
2026-09-30 19:56:20 /background-jobs/43a28d00-95da-4816-bd92-019c4720c1d1 {"type": "usd", "usd": 0.0}
2026-09-30 19:56:21 /background-jobs/0b17f3b8-848f-4353-96dc-418b7e0368c5 {"type": "usd", "usd": 0.0}
2026-09-30 19:56:26 /background-jobs/43a28d00-95da-4816-bd92-019c4720c1d1 {"type": "usd", "usd": 0.0}
2026-09-30 19:56:27 /background-jobs/0b17f3b8-848f-4353-96dc-418b7e0368c5 {"type": "usd", "usd": 0.0}
2026-09-30 19:56:32 /background-jobs/43a28d00-95da-4816-bd92-019c4720c1d1 {"type": "usd", "usd": 0.0}
2026-09-30 19:56:33 /background-jobs/0b17f3b8-848f-4353-96dc-418b7e0368c5 {"type": "usd", "usd": 0.0}
2026-09-30 19:56:38 /background-jobs/43a28d00-95da-4816-bd92-019c4720c1d1 {"type": "usd", "usd": 0.0}
2026-09-30 19:56:40 /background-jobs/0b17f3b8-848f-4353-96dc-418b7e0368c5 {"type": "generations", "generations": 1.0}
2026-09-30 19:56:44 /background-jobs/43a28d00-95da-4816-bd92-019c4720c1d1 {"type": "usd", "usd": 0.0}
2026-09-30 19:56:49 /background-jobs/43a28d00-95da-4816-bd92-019c4720c1d1 {"type": "generations", "generations": 1.0}
2026-09-30 19:56:55 /background-jobs/43a28d00-95da-4816-bd92-019c4720c1d1 {"type": "generations", "generations": 1.0}
2026-09-30 19:57:44 /create-image-bitforge {"type": "generations", "generations": 1.0}
2026-10-01 09:54:34 /create-image-pixen {"type": "generations", "generations": 1.0}
2026-10-01 09:55:14 /create-image-pixen {"type": "generations", "generations": 1.0}
2026-10-01 09:55:16 /background-jobs/1a4b1ba6-a227-46be-9237-8b307171e1ba {"type": "usd", "usd": 0.0}
2026-10-01 09:55:22 /background-jobs/1a4b1ba6-a227-46be-9237-8b307171e1ba {"type": "usd", "usd": 0.0}
2026-10-01 09:55:27 /background-jobs/1a4b1ba6-a227-46be-9237-8b307171e1ba {"type": "usd", "usd": 0.0}
2026-10-01 09:55:33 /background-jobs/1a4b1ba6-a227-46be-9237-8b307171e1ba {"type": "usd", "usd": 0.0}
2026-10-01 09:55:39 /background-jobs/1a4b1ba6-a227-46be-9237-8b307171e1ba {"type": "generations", "generations": 1.0}
2026-10-01 09:55:53 /create-image-pixen {"type": "generations", "generations": 1.0}
2026-10-01 09:55:58 /create-image-pixen {"type": "generations", "generations": 1.0}
2026-10-01 09:56:44 /create-image-pixen {"type": "generations", "generations": 1.0}
2026-10-01 10:04:29 /background-jobs/61244107-cd9c-45df-a994-018a3d8a7edc {"type": "usd", "usd": 0.0}
2026-10-01 10:05:10 /inpaint {"type": "generations", "generations": 1.0}
2026-10-01 10:06:10 /inpaint {"type": "generations", "generations": 1.0}
2026-10-01 10:06:29 /inpaint {"type": "generations", "generations": 1.0}
2026-10-01 10:08:29 /create-image-pixen {"type": "generations", "generations": 1.0}
2026-10-01 10:08:31 /create-image-pixen {"type": "generations", "generations": 1.0}
2026-10-01 10:08:33 /create-image-pixen {"type": "generations", "generations": 1.0}
